MACROS	UNIX=1	WIN32=0	MSDOS=0	_WIN32=0	DLBLIB=1	CROSS_TO_WASM=1
DLB_ARCHIVE	nhdat
ORACLE_HEADER	21	6357
ORACLE_OFFSET	0	227
ORACLE_OFFSET	1	652
ORACLE_OFFSET	2	858
ORACLE_OFFSET	3	1002
ORACLE_OFFSET	4	1323
ORACLE_OFFSET	5	1582
ORACLE_OFFSET	6	1769
ORACLE_OFFSET	7	1999
ORACLE_OFFSET	8	2207
ORACLE_OFFSET	9	2531
ORACLE_OFFSET	10	2740
ORACLE_OFFSET	11	3005
ORACLE_OFFSET	12	3282
ORACLE_OFFSET	13	3574
ORACLE_OFFSET	14	3836
ORACLE_OFFSET	15	4091
ORACLE_OFFSET	16	4319
ORACLE_OFFSET	17	4848
ORACLE_OFFSET	18	5272
ORACLE_OFFSET	19	5796
ORACLE_OFFSET	20	6032
ORACLE_OFFSET	21	6357
ORACLE_LINE	0	0	546865206d6573736167652072656164733a
ORACLE_LINE	0	1	
ORACLE_LINE	0	2	222e2e2e69742069732072617468657220646973636f6e63657274696e6720746f20626520636f6e66726f6e7465642077697468207468650d
ORACLE_LINE	0	3	666f6c6c6f77696e67207468656f72656d2066726f6d205b42616b65722c2047696c6c2c20616e6420536f6c6f7661792c20313937355d2e0d
ORACLE_LINE	0	4	0d
ORACLE_LINE	0	5	5468656f72656d20372e31382020546865726520657869737420726563757273697665206c616e677561676573204120616e642042207375636820746861740d
ORACLE_LINE	0	6	2020283129202050284129203d3d204e502841292c20616e640d
ORACLE_LINE	0	7	202028322920205028422920213d204e502842290d
ORACLE_LINE	0	8	0d
ORACLE_LINE	0	9	546869732070726f766964657320696d70726573736976652065766964656e636520746861742074686520746563686e69717565732074686174206172650d
ORACLE_LINE	0	10	63757272656e746c7920617661696c61626c652077696c6c206e6f74207375666669636520666f722070726f76696e672074686174205020213d204e50206f72202020202020202020200d
ORACLE_LINE	0	11	746861742050203d3d204e502e2220205b476172657920616e64204a6f686e736f6e2c20702e203138352e5d0d
ORACLE_LINE	0	12	2c2f290d
ORACLE_LINE	0	13	4966207468792077616e6420686174682072756e206f7574206f6620636861726765732c2074686f75206d61797374207a617020697420616761696e20616e6420616761696e3b2074686f7567680d
ORACLE_LINE	0	14	
ORACLE_LINE	0	15	6e61756768742077696c6c2068617070656e2061742066697273742c20766572696c792c207468792070657273697374656e6365207368616c6c2062652072657761726465642c2061730d
ORACLE_LINE	0	16	6f6e65206c61737420636861726765206d61792079657420626520777265737465642066726f6d206974210d
ORACLE_LINE	0	17	2c2f290d
ORACLE_LINE	0	18	54686f756768207468652073686f706b65657065727320626520776172792c20746869657665732068617665206e657665727468656c6573732073746f6c656e206d756368206279207573696e670d
ORACLE_LINE	0	19	
ORACLE_LINE	0	20	74686569722064696767696e672077616e647320746f2068617374656e206578697473207468726f7567682074686520706176656d656e742e0d
ORACLE_LINE	0	21	2c2f290d
ORACLE_LINE	0	22	49662074686f752068617374206861642074726f75626c6520776974682072757374206f6e207468696e652061726d6f72206f7220776561706f6e732c2074686f752073686f756c6473740d
ORACLE_LINE	0	23	6b6e6f7720746861742074686f752063616e73742070726576656e7420746869732062792c207768696c6520696e206120636f6e66757365642073746174652c2072656164696e67207468650d
ORACLE_LINE	0	24	6d61676963616c2070617263686d656e7473207768696368206e6f726d616c6c7920617265207573656420746f20636175736520746865697220656e6368616e746d656e742e0d
ORACLE_LINE	0	25	556e6775656e7473206f66206c75627269636174696f6e206d61792070726f766964652073696d696c61722070726f74656374696f6e2c20616c62656974206f6620610d
ORACLE_LINE	0	26	7472616e7369746f7279206e61747572652e0d
ORACLE_LINE	0	27	2c2f290d
ORACLE_LINE	0	28	4265686f6c642074686520636f636b6174726963652c2077686f73652064696d696e757469766520737461747572652062656c696573206974732068696464656e206d696768742e20205468650d
ORACLE_LINE	0	29	636f636b6174726963652063616e207065747269667920616e79206f7264696e617279206265696e6720697420636f6e74616374732d2d736176652074686f736520776973650d
ORACLE_LINE	0	30	616476656e7475726572732077686f2065617420612064656164206c697a617264206f7220626c6f62206f662061636964207768656e2074686579206665656c207468656d73656c7665730d
ORACLE_LINE	0	31	736c6f776c79207475726e696e6720746f2073746f6e652e0d
ORACLE_LINE	0	32	2c2f290d
ORACLE_LINE	0	33	5768696c6520736f6d65207761796661726572732072656c79206f6e207363726f756e67696e672066696e69736865642061726d6f757220696e207468652064756e67656f6e2c207468650d
ORACLE_LINE	0	34	7265736f7572636566756c206b6e6f7720746865206d7973746963616c206d65616e73206279207768696368206d61696c206d61792062652066617368696f6e6564206f7574206f660d
ORACLE_LINE	0	35	7363616c65732066726f6d206120647261676f6e277320686964652e0d
ORACLE_LINE	0	36	2c2f290d
ORACLE_LINE	0	37	497420697320637573746f6d6172696c79206b6e6f776e20616d6f6e672074726176656c65727320746861742065787472612d6865616c696e67206472617567687473206d617920636c6561720d
ORACLE_LINE	0	38	7468792073656e736573207768656e2074686f7520617274206164646c65642062792064656c75736f727920766973696f6e732e2020427574206e6576657220666f726765742c207468650d
ORACLE_LINE	0	39	6c6f776c7920706f74696f6e207768696368206d616b6573206f6e65207369636b206d6179206265207573656420666f72207468652073616d6520707572706f73652e0d
ORACLE_LINE	0	40	2c2f290d
ORACLE_LINE	0	41	5768696c652074686520636f6e73756d7074696f6e206f66206c697a61726420666c657368206f722077617465722062656c6f766564206f662074686520676f6473206d617920636c6561720d
ORACLE_LINE	0	42	746865206d7564646c656420686561642c20746865206170706c69636174696f6e206f662074686520686f726e206f662061206372656174757265206f662075746d6f7374207075726974790d
ORACLE_LINE	0	43	63616e20616c6c657669617465206d616e79206f74686572206166666c696374696f6e732061732077656c6c2e0d
ORACLE_LINE	0	44	2c2f290d
ORACLE_LINE	0	45	49662074686f7520776f756c6473742074726176656c20717569636b6c79206265747765656e2064697374616e74206c6f636174696f6e732c2074686f75206d7573742062650d
ORACLE_LINE	0	46	61626c6520746f20636f6e74726f6c207468792074656c65706f7274732c20616e6420696e206120636f6e6675736564207374617465206d69737265616420746865207363726f6c6c0d
ORACLE_LINE	0	47	776869636820757375616c6c792074656c65706f7274732074687973656c66206c6f63616c6c792e2020446172696e6720616476656e747572657273206861766520616c736f0d
ORACLE_LINE	0	48	706572666f726d6564207468652073616d6520666561742073616e73206e65656420666f72207363726f6c6c73206f7220706f74696f6e73206279207374657070696e6720696e746f0d
ORACLE_LINE	0	49	6120706172746963756c617220616d627573636164652e0d
ORACLE_LINE	0	50	2c2f290d
ORACLE_LINE	0	51	416c6d6f737420616c6c20616476656e7475726572732077686f20636f6d6520746869732077617920686f706520746f207061737320746865206472656164204d65647573612e2020546f0d
ORACLE_LINE	0	52	646f20746869732c2074686520626573742061647669636520697320746f206b656570207468696e65206579657320626c696e64666f6c64656420616e6420746f206361757365207468650d
ORACLE_LINE	0	53	637265617475726520746f206573707920697473206f776e207265666c656374696f6e20696e2061206d6972726f722e0d
ORACLE_LINE	0	54	2c2f290d
ORACLE_LINE	0	55	416e64207768657265206974206973207772697474656e2022616420616572617269756d222c2064696c6967656e7420736561726368696e672077696c6c206f6674656e2072657665616c0d
ORACLE_LINE	0	56	7468652077617920746f206120747261702077686963682073656e6473206f6e6520746f20746865204d61676963204d656d6f7279205661756c742c20776865726520746865207269636865730d
ORACLE_LINE	0	57	6f662043726f65737573206172652073746f7265643b20686f77657665722c206573636170696e672066726f6d20746865207661756c7420776974682069747320676f6c64206973206d7563680d
ORACLE_LINE	0	58	686172646572207468616e2067657474696e6720696e2e0d
ORACLE_LINE	0	59	2c2f290d
ORACLE_LINE	0	60	49742069732077656c6c206b6e6f776e20746861742077696c792073686f706b65657065727320726169736520746865697220707269636573207768656e6527657220746865790d
ORACLE_LINE	0	61	657370792074686520676172697368206170706172656c206f662074686520617070726f616368696e6720746f7572697374206f722074686520636f756e74656e616e6365206f6620610d
ORACLE_LINE	0	62	6469736661766f72656420706174726f6e2e202054686579206661766f72207468652067656e746c65206f66206d616e6e657220616e64207468652066616972206f6620666163652e0d
ORACLE_LINE	0	63	54686520626f6f72206d61792065787065637420756e70726f66697461626c65207472616e73616374696f6e732e0d
ORACLE_LINE	0	64	2c2f290d
ORACLE_LINE	0	65	54686520636c69636865206f6620746865206b69746368656e2073696e6b207377616c6c6f77696e6720616e7920756e666f7274756e6174652072696e6773207468617420636f6e746163740d
ORACLE_LINE	0	66	697473207065726e6963696f75732073757266616365207265666c6563746574682067726561746572207472757468207468616e206d616e7920686f6d696c6965732c207965740d
ORACLE_LINE	0	67	6576656e20736f2c20666577206861766520646576656c6f7065642074686520736b696c6c20746f206964656e7469667920656e6368616e7465642072696e6773206279207468650d
ORACLE_LINE	0	68	7472616e7366696775726174696f6e732065666665637465642075706f6e2074686520766f726163696f7573206465766963652773206672616d652e0d
ORACLE_LINE	0	69	2c2f290d
ORACLE_LINE	0	70	546865206d656174206f6620656e6368616e74656420637265617475726573206f667474696d657320636f6e766579657468206d61676963616c2070726f706572746965730d
ORACLE_LINE	0	71	756e746f2074686520636f6e73756d65722e20204120667265736820636f72707365206f6620666c6f6174696e672065796520646f7468206665746368206120686967680d
ORACLE_LINE	0	72	707269636520616d6f6e672077697a6172647320666f7220697473207574696c69747920696e20636f6e66657272696e672054656c6570617468792c2062792077686963680d
ORACLE_LINE	0	73	7468652073696768746c657373206d6179206c6f6361746520737572726f756e64696e67206d696e64732e0d
ORACLE_LINE	0	74	2c2f290d
ORACLE_LINE	0	75	54686520646574656374696f6e206f6620626c657373696e677320616e642063757273657320697320696e2074686520646f6d61696e206f662074686520676f64732e2020546865792077696c6c0d
ORACLE_LINE	0	76	
ORACLE_LINE	0	77	6d616b65207468697320696e666f726d6174696f6e20617661696c61626c6520746f206d6f7274616c732077686f207265717565737420697420617420746865697220706c61636573206f660d
ORACLE_LINE	0	78	776f72736869702c206f7220656c7365776865726520666f722074686f7365206d6f7274616c732077686f206465766f7465207468656d73656c76657320746f2074686520736572766963650d
ORACLE_LINE	0	79	6f662074686520676f64732e0d
ORACLE_LINE	0	80	2c2f290d
ORACLE_LINE	0	81	41742074696d65732c2074686520676f6473206d6179206661766f7220776f7274687920737570706c6963616e74732077697468206e616d656420626c616465732077686f73650d
ORACLE_LINE	0	82	706f77657273206563686f207468726f7567686f7574206c6567656e642e20204c6561726e6564207761796661726572732063616e20726570726f6475636520626c61646573206f660d
ORACLE_LINE	0	83	656c76656e206c696e656167652c206861746564206f6620746865206f7263732c20776974686f757420746865206e65656420666f72207375636820696e74657276656e74696f6e2e0d
ORACLE_LINE	0	84	2c2f290d
ORACLE_LINE	0	85	546865726520617265206d616e792073746f72696573206f662061206d696768747920616d756c65742c20746865206f726967696e73206f662077686963682061726520736169640d
ORACLE_LINE	0	86	746f20626520616e6369656e742059656e646f722e20205468697320616d756c657420646f7468206861766520617765736f6d6520706f7765722c20616e642074686520676f64730d
ORACLE_LINE	0	87	6465736972652069742067726561746c792e20204d6f7274616c73206d6179737420746170206f6e6c7920706f7274696f6e73206f6620697473207465727269626c650d
ORACLE_LINE	0	88	6162696c69746965732e20205468652073746f726965732074656c6c206f66206d6f7274616c7320736565696e67207768617420746865697220657965732063616e6e6f740d
ORACLE_LINE	0	89	73656520616e64207365656b696e6720706c61636573206f66206d61676963616c207472616e73706f72746174696f6e2c207768696c6520686176696e6720746869730d
ORACLE_LINE	0	90	616d756c657420696e20746865697220706f7373657373696f6e2e20204f7468657273207361792061206d6f7274616c206d75737420776561722074686520616d756c657420746f0d
ORACLE_LINE	0	91	6f627461696e20746865736520706f776572732e202042757420766572696c792c207375636820706f77657220636f6d657320617420677265617420636f73742c20746f0d
ORACLE_LINE	0	92	7072657365727665207468652062616c616e63652e0d
ORACLE_LINE	0	93	2c2f290d
ORACLE_LINE	0	94	4974206973207361696420746861742074686f75206d61797374206761696e20656e74727920746f204d6f6c6f636827732073616e6374756172792c2069662074686f750d
ORACLE_LINE	0	95	6461726573742c2066726f6d206120706c616365207768657265207468652067726f756e642076696272617465746820696e20746865206465657065737420646570746873206f660d
ORACLE_LINE	0	96	476568656e6e6f6d2e202054686f75206e65656473206d75737420686176652074686520616964206f66207468726565206d61676963616c206974656d732e20205468650d
ORACLE_LINE	0	97	7075726520736f756e64206f6620612073696c7665722062656c6c207368616c6c20616e6e6f756e636520746865652e2020546865207465727269626c652072756e65732c0d
ORACLE_LINE	0	98	726561642066726f6d204d6f6c6f6368277320626f6f6b2c207368616c6c2063617573652074686520656172746820746f207472656d626c65206d69676874696c792e20205468650d
ORACLE_LINE	0	99	6c69676874206f6620616e20656e6368616e7465642063616e64656c616272756d207368616c6c2073686f77207468656520746865207761792e0d
ORACLE_LINE	0	100	2c2f290d
ORACLE_LINE	0	101	496e207468652064656570657374207265636573736573206f66207468652044756e67656f6e73206f6620446f6f6d2c206775617264696e672061636365737320746f207468650d
ORACLE_LINE	0	102	6e657468657220726567696f6e732c207468657265207374616e64657468206120636173746c652c207768657265696e206c6965746820612077616e64206f66207769736865732e0d
ORACLE_LINE	0	103	49662074686f7520776f756c647374206761696e20656e7472792c20626561722077697468207468656520616e20696e737472756d656e74206f66206d757369632c20666f72207468650d
ORACLE_LINE	0	104	706f6e746c65766973206d617920626520636861726d656420646f776e2077697468207468652070726f706572206d656c6f64792e202057686174206e6f74657320636f6d70726973650d
ORACLE_LINE	0	105	6974206f6e6c792074686520676f6473206b6e6f772c206275742061206d75736963616c206d61737465726d696e64206d61792079657420737563636565642062792077697466756c0d
ORACLE_LINE	0	106	696d70726f7669736174696f6e2e2020486f77657665722c20746865206c65737320706572737069636163696f757320617265206e6f7420776974686f7574207265636f757273652c0d
ORACLE_LINE	0	107	73686f756c64207468657920626520707265706172656420746f2063697263756d616d62756c6174652074686520636173746c6520746f2074686520706f737465726e2e0d
ORACLE_LINE	0	108	2c2f290d
ORACLE_LINE	0	109	54686520676f647320617265207361696420746f20626520706c6561736564207768656e206f66666572696e67732061726520676976656e20746f207468650d
ORACLE_LINE	0	110	707269657374732077686f20617474656e642074686569722074656d706c65732c20616e642074686579206d6179206772616e7420766172696f7573206661766f727320746f0d
ORACLE_LINE	0	111	74686f73652077686f20646f20736f2e202042757420626577617265212020546f20626520796f756e6720616e642066727567616c20697320626574746572207468616e20746f0d
ORACLE_LINE	0	112	6265206f6c6420616e64206d697365726c792e0d
ORACLE_LINE	0	113	2c2f290d
ORACLE_LINE	0	114	546865206e616d65206f6620456c626572657468206d617920737472696b65206665617220696e746f2074686520686561727473206f66207468696e6520656e656d6965732c2069660d
ORACLE_LINE	0	115	74686f7520646f73742077726974652069742075706f6e207468652067726f756e642061742074687920666565742e202049662074686f75206d61696e7461696e657374207468650d
ORACLE_LINE	0	116	75746d6f73742063616c6d2c20746879207361666574792077696c6c2062652061696465642067726561746c792c2062757420626577617265206c6573742074687920636c756d73790d
ORACLE_LINE	0	117	666565742073637566662074686520696e736372697074696f6e2c2063616e63656c6c696e672069747320706f74656e63652c206f722074687920776179776172640d
ORACLE_LINE	0	118	73776f72642d61726d20627265616b207468652074727563652e0d
ORACLE_LINE	0	119	2c2f290d
ORACLE_RESULT	0	120	115	0	0	21
ORACLE_LINE	1	0	546865206d6573736167652072656164733a
ORACLE_LINE	1	1	
ORACLE_LINE	1	2	4966207468792077616e6420686174682072756e206f7574206f6620636861726765732c2074686f75206d61797374207a617020697420616761696e20616e6420616761696e3b2074686f7567680d
ORACLE_LINE	1	3	
ORACLE_LINE	1	4	6e61756768742077696c6c2068617070656e2061742066697273742c20766572696c792c207468792070657273697374656e6365207368616c6c2062652072657761726465642c2061730d
ORACLE_LINE	1	5	6f6e65206c61737420636861726765206d61792079657420626520777265737465642066726f6d206974210d
ORACLE_LINE	1	6	2c2f290d
ORACLE_LINE	1	7	54686f756768207468652073686f706b65657065727320626520776172792c20746869657665732068617665206e657665727468656c6573732073746f6c656e206d756368206279207573696e670d
ORACLE_LINE	1	8	
ORACLE_LINE	1	9	74686569722064696767696e672077616e647320746f2068617374656e206578697473207468726f7567682074686520706176656d656e742e0d
ORACLE_LINE	1	10	2c2f290d
ORACLE_LINE	1	11	49662074686f752068617374206861642074726f75626c6520776974682072757374206f6e207468696e652061726d6f72206f7220776561706f6e732c2074686f752073686f756c6473740d
ORACLE_LINE	1	12	6b6e6f7720746861742074686f752063616e73742070726576656e7420746869732062792c207768696c6520696e206120636f6e66757365642073746174652c2072656164696e67207468650d
ORACLE_LINE	1	13	6d61676963616c2070617263686d656e7473207768696368206e6f726d616c6c7920617265207573656420746f20636175736520746865697220656e6368616e746d656e742e0d
ORACLE_LINE	1	14	556e6775656e7473206f66206c75627269636174696f6e206d61792070726f766964652073696d696c61722070726f74656374696f6e2c20616c62656974206f6620610d
ORACLE_LINE	1	15	7472616e7369746f7279206e61747572652e0d
ORACLE_LINE	1	16	2c2f290d
ORACLE_LINE	1	17	4265686f6c642074686520636f636b6174726963652c2077686f73652064696d696e757469766520737461747572652062656c696573206974732068696464656e206d696768742e20205468650d
ORACLE_LINE	1	18	636f636b6174726963652063616e207065747269667920616e79206f7264696e617279206265696e6720697420636f6e74616374732d2d736176652074686f736520776973650d
ORACLE_LINE	1	19	616476656e7475726572732077686f2065617420612064656164206c697a617264206f7220626c6f62206f662061636964207768656e2074686579206665656c207468656d73656c7665730d
ORACLE_LINE	1	20	736c6f776c79207475726e696e6720746f2073746f6e652e0d
ORACLE_LINE	1	21	2c2f290d
ORACLE_LINE	1	22	5768696c6520736f6d65207761796661726572732072656c79206f6e207363726f756e67696e672066696e69736865642061726d6f757220696e207468652064756e67656f6e2c207468650d
ORACLE_LINE	1	23	7265736f7572636566756c206b6e6f7720746865206d7973746963616c206d65616e73206279207768696368206d61696c206d61792062652066617368696f6e6564206f7574206f660d
ORACLE_LINE	1	24	7363616c65732066726f6d206120647261676f6e277320686964652e0d
ORACLE_LINE	1	25	2c2f290d
ORACLE_LINE	1	26	497420697320637573746f6d6172696c79206b6e6f776e20616d6f6e672074726176656c65727320746861742065787472612d6865616c696e67206472617567687473206d617920636c6561720d
ORACLE_LINE	1	27	7468792073656e736573207768656e2074686f7520617274206164646c65642062792064656c75736f727920766973696f6e732e2020427574206e6576657220666f726765742c207468650d
ORACLE_LINE	1	28	6c6f776c7920706f74696f6e207768696368206d616b6573206f6e65207369636b206d6179206265207573656420666f72207468652073616d6520707572706f73652e0d
ORACLE_LINE	1	29	2c2f290d
ORACLE_LINE	1	30	5768696c652074686520636f6e73756d7074696f6e206f66206c697a61726420666c657368206f722077617465722062656c6f766564206f662074686520676f6473206d617920636c6561720d
ORACLE_LINE	1	31	746865206d7564646c656420686561642c20746865206170706c69636174696f6e206f662074686520686f726e206f662061206372656174757265206f662075746d6f7374207075726974790d
ORACLE_LINE	1	32	63616e20616c6c657669617465206d616e79206f74686572206166666c696374696f6e732061732077656c6c2e0d
ORACLE_LINE	1	33	2c2f290d
ORACLE_LINE	1	34	49662074686f7520776f756c6473742074726176656c20717569636b6c79206265747765656e2064697374616e74206c6f636174696f6e732c2074686f75206d7573742062650d
ORACLE_LINE	1	35	61626c6520746f20636f6e74726f6c207468792074656c65706f7274732c20616e6420696e206120636f6e6675736564207374617465206d69737265616420746865207363726f6c6c0d
ORACLE_LINE	1	36	776869636820757375616c6c792074656c65706f7274732074687973656c66206c6f63616c6c792e2020446172696e6720616476656e747572657273206861766520616c736f0d
ORACLE_LINE	1	37	706572666f726d6564207468652073616d6520666561742073616e73206e65656420666f72207363726f6c6c73206f7220706f74696f6e73206279207374657070696e6720696e746f0d
ORACLE_LINE	1	38	6120706172746963756c617220616d627573636164652e0d
ORACLE_LINE	1	39	2c2f290d
ORACLE_LINE	1	40	416c6d6f737420616c6c20616476656e7475726572732077686f20636f6d6520746869732077617920686f706520746f207061737320746865206472656164204d65647573612e2020546f0d
ORACLE_LINE	1	41	646f20746869732c2074686520626573742061647669636520697320746f206b656570207468696e65206579657320626c696e64666f6c64656420616e6420746f206361757365207468650d
ORACLE_LINE	1	42	637265617475726520746f206573707920697473206f776e207265666c656374696f6e20696e2061206d6972726f722e0d
ORACLE_LINE	1	43	2c2f290d
ORACLE_LINE	1	44	416e64207768657265206974206973207772697474656e2022616420616572617269756d222c2064696c6967656e7420736561726368696e672077696c6c206f6674656e2072657665616c0d
ORACLE_LINE	1	45	7468652077617920746f206120747261702077686963682073656e6473206f6e6520746f20746865204d61676963204d656d6f7279205661756c742c20776865726520746865207269636865730d
ORACLE_LINE	1	46	6f662043726f65737573206172652073746f7265643b20686f77657665722c206573636170696e672066726f6d20746865207661756c7420776974682069747320676f6c64206973206d7563680d
ORACLE_LINE	1	47	686172646572207468616e2067657474696e6720696e2e0d
ORACLE_LINE	1	48	2c2f290d
ORACLE_LINE	1	49	49742069732077656c6c206b6e6f776e20746861742077696c792073686f706b65657065727320726169736520746865697220707269636573207768656e6527657220746865790d
ORACLE_LINE	1	50	657370792074686520676172697368206170706172656c206f662074686520617070726f616368696e6720746f7572697374206f722074686520636f756e74656e616e6365206f6620610d
ORACLE_LINE	1	51	6469736661766f72656420706174726f6e2e202054686579206661766f72207468652067656e746c65206f66206d616e6e657220616e64207468652066616972206f6620666163652e0d
ORACLE_LINE	1	52	54686520626f6f72206d61792065787065637420756e70726f66697461626c65207472616e73616374696f6e732e0d
ORACLE_LINE	1	53	2c2f290d
ORACLE_LINE	1	54	54686520636c69636865206f6620746865206b69746368656e2073696e6b207377616c6c6f77696e6720616e7920756e666f7274756e6174652072696e6773207468617420636f6e746163740d
ORACLE_LINE	1	55	697473207065726e6963696f75732073757266616365207265666c6563746574682067726561746572207472757468207468616e206d616e7920686f6d696c6965732c207965740d
ORACLE_LINE	1	56	6576656e20736f2c20666577206861766520646576656c6f7065642074686520736b696c6c20746f206964656e7469667920656e6368616e7465642072696e6773206279207468650d
ORACLE_LINE	1	57	7472616e7366696775726174696f6e732065666665637465642075706f6e2074686520766f726163696f7573206465766963652773206672616d652e0d
ORACLE_LINE	1	58	2c2f290d
ORACLE_LINE	1	59	546865206d656174206f6620656e6368616e74656420637265617475726573206f667474696d657320636f6e766579657468206d61676963616c2070726f706572746965730d
ORACLE_LINE	1	60	756e746f2074686520636f6e73756d65722e20204120667265736820636f72707365206f6620666c6f6174696e672065796520646f7468206665746368206120686967680d
ORACLE_LINE	1	61	707269636520616d6f6e672077697a6172647320666f7220697473207574696c69747920696e20636f6e66657272696e672054656c6570617468792c2062792077686963680d
ORACLE_LINE	1	62	7468652073696768746c657373206d6179206c6f6361746520737572726f756e64696e67206d696e64732e0d
ORACLE_LINE	1	63	2c2f290d
ORACLE_LINE	1	64	54686520646574656374696f6e206f6620626c657373696e677320616e642063757273657320697320696e2074686520646f6d61696e206f662074686520676f64732e2020546865792077696c6c0d
ORACLE_LINE	1	65	
ORACLE_LINE	1	66	6d616b65207468697320696e666f726d6174696f6e20617661696c61626c6520746f206d6f7274616c732077686f207265717565737420697420617420746865697220706c61636573206f660d
ORACLE_LINE	1	67	776f72736869702c206f7220656c7365776865726520666f722074686f7365206d6f7274616c732077686f206465766f7465207468656d73656c76657320746f2074686520736572766963650d
ORACLE_LINE	1	68	6f662074686520676f64732e0d
ORACLE_LINE	1	69	2c2f290d
ORACLE_LINE	1	70	41742074696d65732c2074686520676f6473206d6179206661766f7220776f7274687920737570706c6963616e74732077697468206e616d656420626c616465732077686f73650d
ORACLE_LINE	1	71	706f77657273206563686f207468726f7567686f7574206c6567656e642e20204c6561726e6564207761796661726572732063616e20726570726f6475636520626c61646573206f660d
ORACLE_LINE	1	72	656c76656e206c696e656167652c206861746564206f6620746865206f7263732c20776974686f757420746865206e65656420666f72207375636820696e74657276656e74696f6e2e0d
ORACLE_LINE	1	73	2c2f290d
ORACLE_LINE	1	74	546865726520617265206d616e792073746f72696573206f662061206d696768747920616d756c65742c20746865206f726967696e73206f662077686963682061726520736169640d
ORACLE_LINE	1	75	746f20626520616e6369656e742059656e646f722e20205468697320616d756c657420646f7468206861766520617765736f6d6520706f7765722c20616e642074686520676f64730d
ORACLE_LINE	1	76	6465736972652069742067726561746c792e20204d6f7274616c73206d6179737420746170206f6e6c7920706f7274696f6e73206f6620697473207465727269626c650d
ORACLE_LINE	1	77	6162696c69746965732e20205468652073746f726965732074656c6c206f66206d6f7274616c7320736565696e67207768617420746865697220657965732063616e6e6f740d
ORACLE_LINE	1	78	73656520616e64207365656b696e6720706c61636573206f66206d61676963616c207472616e73706f72746174696f6e2c207768696c6520686176696e6720746869730d
ORACLE_LINE	1	79	616d756c657420696e20746865697220706f7373657373696f6e2e20204f7468657273207361792061206d6f7274616c206d75737420776561722074686520616d756c657420746f0d
ORACLE_LINE	1	80	6f627461696e20746865736520706f776572732e202042757420766572696c792c207375636820706f77657220636f6d657320617420677265617420636f73742c20746f0d
ORACLE_LINE	1	81	7072657365727665207468652062616c616e63652e0d
ORACLE_LINE	1	82	2c2f290d
ORACLE_LINE	1	83	4974206973207361696420746861742074686f75206d61797374206761696e20656e74727920746f204d6f6c6f636827732073616e6374756172792c2069662074686f750d
ORACLE_LINE	1	84	6461726573742c2066726f6d206120706c616365207768657265207468652067726f756e642076696272617465746820696e20746865206465657065737420646570746873206f660d
ORACLE_LINE	1	85	476568656e6e6f6d2e202054686f75206e65656473206d75737420686176652074686520616964206f66207468726565206d61676963616c206974656d732e20205468650d
ORACLE_LINE	1	86	7075726520736f756e64206f6620612073696c7665722062656c6c207368616c6c20616e6e6f756e636520746865652e2020546865207465727269626c652072756e65732c0d
ORACLE_LINE	1	87	726561642066726f6d204d6f6c6f6368277320626f6f6b2c207368616c6c2063617573652074686520656172746820746f207472656d626c65206d69676874696c792e20205468650d
ORACLE_LINE	1	88	6c69676874206f6620616e20656e6368616e7465642063616e64656c616272756d207368616c6c2073686f77207468656520746865207761792e0d
ORACLE_LINE	1	89	2c2f290d
ORACLE_LINE	1	90	496e207468652064656570657374207265636573736573206f66207468652044756e67656f6e73206f6620446f6f6d2c206775617264696e672061636365737320746f207468650d
ORACLE_LINE	1	91	6e657468657220726567696f6e732c207468657265207374616e64657468206120636173746c652c207768657265696e206c6965746820612077616e64206f66207769736865732e0d
ORACLE_LINE	1	92	49662074686f7520776f756c647374206761696e20656e7472792c20626561722077697468207468656520616e20696e737472756d656e74206f66206d757369632c20666f72207468650d
ORACLE_LINE	1	93	706f6e746c65766973206d617920626520636861726d656420646f776e2077697468207468652070726f706572206d656c6f64792e202057686174206e6f74657320636f6d70726973650d
ORACLE_LINE	1	94	6974206f6e6c792074686520676f6473206b6e6f772c206275742061206d75736963616c206d61737465726d696e64206d61792079657420737563636565642062792077697466756c0d
ORACLE_LINE	1	95	696d70726f7669736174696f6e2e2020486f77657665722c20746865206c65737320706572737069636163696f757320617265206e6f7420776974686f7574207265636f757273652c0d
ORACLE_LINE	1	96	73686f756c64207468657920626520707265706172656420746f2063697263756d616d62756c6174652074686520636173746c6520746f2074686520706f737465726e2e0d
ORACLE_LINE	1	97	2c2f290d
ORACLE_LINE	1	98	54686520676f647320617265207361696420746f20626520706c6561736564207768656e206f66666572696e67732061726520676976656e20746f207468650d
ORACLE_LINE	1	99	707269657374732077686f20617474656e642074686569722074656d706c65732c20616e642074686579206d6179206772616e7420766172696f7573206661766f727320746f0d
ORACLE_LINE	1	100	74686f73652077686f20646f20736f2e202042757420626577617265212020546f20626520796f756e6720616e642066727567616c20697320626574746572207468616e20746f0d
ORACLE_LINE	1	101	6265206f6c6420616e64206d697365726c792e0d
ORACLE_LINE	1	102	2c2f290d
ORACLE_LINE	1	103	546865206e616d65206f6620456c626572657468206d617920737472696b65206665617220696e746f2074686520686561727473206f66207468696e6520656e656d6965732c2069660d
ORACLE_LINE	1	104	74686f7520646f73742077726974652069742075706f6e207468652067726f756e642061742074687920666565742e202049662074686f75206d61696e7461696e657374207468650d
ORACLE_LINE	1	105	75746d6f73742063616c6d2c20746879207361666574792077696c6c2062652061696465642067726561746c792c2062757420626577617265206c6573742074687920636c756d73790d
ORACLE_LINE	1	106	666565742073637566662074686520696e736372697074696f6e2c2063616e63656c6c696e672069747320706f74656e63652c206f722074687920776179776172640d
ORACLE_LINE	1	107	73776f72642d61726d20627265616b207468652074727563652e0d
ORACLE_LINE	1	108	2c2f290d
ORACLE_RESULT	1	109	104	1	20	20
ORACLE_LINE	2	0	546865206d6573736167652072656164733a
ORACLE_LINE	2	1	
ORACLE_LINE	2	2	54686f756768207468652073686f706b65657065727320626520776172792c20746869657665732068617665206e657665727468656c6573732073746f6c656e206d756368206279207573696e670d
ORACLE_LINE	2	3	
ORACLE_LINE	2	4	74686569722064696767696e672077616e647320746f2068617374656e206578697473207468726f7567682074686520706176656d656e742e0d
ORACLE_LINE	2	5	2c2f290d
ORACLE_LINE	2	6	49662074686f752068617374206861642074726f75626c6520776974682072757374206f6e207468696e652061726d6f72206f7220776561706f6e732c2074686f752073686f756c6473740d
ORACLE_LINE	2	7	6b6e6f7720746861742074686f752063616e73742070726576656e7420746869732062792c207768696c6520696e206120636f6e66757365642073746174652c2072656164696e67207468650d
ORACLE_LINE	2	8	6d61676963616c2070617263686d656e7473207768696368206e6f726d616c6c7920617265207573656420746f20636175736520746865697220656e6368616e746d656e742e0d
ORACLE_LINE	2	9	556e6775656e7473206f66206c75627269636174696f6e206d61792070726f766964652073696d696c61722070726f74656374696f6e2c20616c62656974206f6620610d
ORACLE_LINE	2	10	7472616e7369746f7279206e61747572652e0d
ORACLE_LINE	2	11	2c2f290d
ORACLE_LINE	2	12	4265686f6c642074686520636f636b6174726963652c2077686f73652064696d696e757469766520737461747572652062656c696573206974732068696464656e206d696768742e20205468650d
ORACLE_LINE	2	13	636f636b6174726963652063616e207065747269667920616e79206f7264696e617279206265696e6720697420636f6e74616374732d2d736176652074686f736520776973650d
ORACLE_LINE	2	14	616476656e7475726572732077686f2065617420612064656164206c697a617264206f7220626c6f62206f662061636964207768656e2074686579206665656c207468656d73656c7665730d
ORACLE_LINE	2	15	736c6f776c79207475726e696e6720746f2073746f6e652e0d
ORACLE_LINE	2	16	2c2f290d
ORACLE_LINE	2	17	5768696c6520736f6d65207761796661726572732072656c79206f6e207363726f756e67696e672066696e69736865642061726d6f757220696e207468652064756e67656f6e2c207468650d
ORACLE_LINE	2	18	7265736f7572636566756c206b6e6f7720746865206d7973746963616c206d65616e73206279207768696368206d61696c206d61792062652066617368696f6e6564206f7574206f660d
ORACLE_LINE	2	19	7363616c65732066726f6d206120647261676f6e277320686964652e0d
ORACLE_LINE	2	20	2c2f290d
ORACLE_LINE	2	21	497420697320637573746f6d6172696c79206b6e6f776e20616d6f6e672074726176656c65727320746861742065787472612d6865616c696e67206472617567687473206d617920636c6561720d
ORACLE_LINE	2	22	7468792073656e736573207768656e2074686f7520617274206164646c65642062792064656c75736f727920766973696f6e732e2020427574206e6576657220666f726765742c207468650d
ORACLE_LINE	2	23	6c6f776c7920706f74696f6e207768696368206d616b6573206f6e65207369636b206d6179206265207573656420666f72207468652073616d6520707572706f73652e0d
ORACLE_LINE	2	24	2c2f290d
ORACLE_LINE	2	25	5768696c652074686520636f6e73756d7074696f6e206f66206c697a61726420666c657368206f722077617465722062656c6f766564206f662074686520676f6473206d617920636c6561720d
ORACLE_LINE	2	26	746865206d7564646c656420686561642c20746865206170706c69636174696f6e206f662074686520686f726e206f662061206372656174757265206f662075746d6f7374207075726974790d
ORACLE_LINE	2	27	63616e20616c6c657669617465206d616e79206f74686572206166666c696374696f6e732061732077656c6c2e0d
ORACLE_LINE	2	28	2c2f290d
ORACLE_LINE	2	29	49662074686f7520776f756c6473742074726176656c20717569636b6c79206265747765656e2064697374616e74206c6f636174696f6e732c2074686f75206d7573742062650d
ORACLE_LINE	2	30	61626c6520746f20636f6e74726f6c207468792074656c65706f7274732c20616e6420696e206120636f6e6675736564207374617465206d69737265616420746865207363726f6c6c0d
ORACLE_LINE	2	31	776869636820757375616c6c792074656c65706f7274732074687973656c66206c6f63616c6c792e2020446172696e6720616476656e747572657273206861766520616c736f0d
ORACLE_LINE	2	32	706572666f726d6564207468652073616d6520666561742073616e73206e65656420666f72207363726f6c6c73206f7220706f74696f6e73206279207374657070696e6720696e746f0d
ORACLE_LINE	2	33	6120706172746963756c617220616d627573636164652e0d
ORACLE_LINE	2	34	2c2f290d
ORACLE_LINE	2	35	416c6d6f737420616c6c20616476656e7475726572732077686f20636f6d6520746869732077617920686f706520746f207061737320746865206472656164204d65647573612e2020546f0d
ORACLE_LINE	2	36	646f20746869732c2074686520626573742061647669636520697320746f206b656570207468696e65206579657320626c696e64666f6c64656420616e6420746f206361757365207468650d
ORACLE_LINE	2	37	637265617475726520746f206573707920697473206f776e207265666c656374696f6e20696e2061206d6972726f722e0d
ORACLE_LINE	2	38	2c2f290d
ORACLE_LINE	2	39	416e64207768657265206974206973207772697474656e2022616420616572617269756d222c2064696c6967656e7420736561726368696e672077696c6c206f6674656e2072657665616c0d
ORACLE_LINE	2	40	7468652077617920746f206120747261702077686963682073656e6473206f6e6520746f20746865204d61676963204d656d6f7279205661756c742c20776865726520746865207269636865730d
ORACLE_LINE	2	41	6f662043726f65737573206172652073746f7265643b20686f77657665722c206573636170696e672066726f6d20746865207661756c7420776974682069747320676f6c64206973206d7563680d
ORACLE_LINE	2	42	686172646572207468616e2067657474696e6720696e2e0d
ORACLE_LINE	2	43	2c2f290d
ORACLE_LINE	2	44	49742069732077656c6c206b6e6f776e20746861742077696c792073686f706b65657065727320726169736520746865697220707269636573207768656e6527657220746865790d
ORACLE_LINE	2	45	657370792074686520676172697368206170706172656c206f662074686520617070726f616368696e6720746f7572697374206f722074686520636f756e74656e616e6365206f6620610d
ORACLE_LINE	2	46	6469736661766f72656420706174726f6e2e202054686579206661766f72207468652067656e746c65206f66206d616e6e657220616e64207468652066616972206f6620666163652e0d
ORACLE_LINE	2	47	54686520626f6f72206d61792065787065637420756e70726f66697461626c65207472616e73616374696f6e732e0d
ORACLE_LINE	2	48	2c2f290d
ORACLE_LINE	2	49	54686520636c69636865206f6620746865206b69746368656e2073696e6b207377616c6c6f77696e6720616e7920756e666f7274756e6174652072696e6773207468617420636f6e746163740d
ORACLE_LINE	2	50	697473207065726e6963696f75732073757266616365207265666c6563746574682067726561746572207472757468207468616e206d616e7920686f6d696c6965732c207965740d
ORACLE_LINE	2	51	6576656e20736f2c20666577206861766520646576656c6f7065642074686520736b696c6c20746f206964656e7469667920656e6368616e7465642072696e6773206279207468650d
ORACLE_LINE	2	52	7472616e7366696775726174696f6e732065666665637465642075706f6e2074686520766f726163696f7573206465766963652773206672616d652e0d
ORACLE_LINE	2	53	2c2f290d
ORACLE_LINE	2	54	546865206d656174206f6620656e6368616e74656420637265617475726573206f667474696d657320636f6e766579657468206d61676963616c2070726f706572746965730d
ORACLE_LINE	2	55	756e746f2074686520636f6e73756d65722e20204120667265736820636f72707365206f6620666c6f6174696e672065796520646f7468206665746368206120686967680d
ORACLE_LINE	2	56	707269636520616d6f6e672077697a6172647320666f7220697473207574696c69747920696e20636f6e66657272696e672054656c6570617468792c2062792077686963680d
ORACLE_LINE	2	57	7468652073696768746c657373206d6179206c6f6361746520737572726f756e64696e67206d696e64732e0d
ORACLE_LINE	2	58	2c2f290d
ORACLE_LINE	2	59	54686520646574656374696f6e206f6620626c657373696e677320616e642063757273657320697320696e2074686520646f6d61696e206f662074686520676f64732e2020546865792077696c6c0d
ORACLE_LINE	2	60	
ORACLE_LINE	2	61	6d616b65207468697320696e666f726d6174696f6e20617661696c61626c6520746f206d6f7274616c732077686f207265717565737420697420617420746865697220706c61636573206f660d
ORACLE_LINE	2	62	776f72736869702c206f7220656c7365776865726520666f722074686f7365206d6f7274616c732077686f206465766f7465207468656d73656c76657320746f2074686520736572766963650d
ORACLE_LINE	2	63	6f662074686520676f64732e0d
ORACLE_LINE	2	64	2c2f290d
ORACLE_LINE	2	65	41742074696d65732c2074686520676f6473206d6179206661766f7220776f7274687920737570706c6963616e74732077697468206e616d656420626c616465732077686f73650d
ORACLE_LINE	2	66	706f77657273206563686f207468726f7567686f7574206c6567656e642e20204c6561726e6564207761796661726572732063616e20726570726f6475636520626c61646573206f660d
ORACLE_LINE	2	67	656c76656e206c696e656167652c206861746564206f6620746865206f7263732c20776974686f757420746865206e65656420666f72207375636820696e74657276656e74696f6e2e0d
ORACLE_LINE	2	68	2c2f290d
ORACLE_LINE	2	69	546865726520617265206d616e792073746f72696573206f662061206d696768747920616d756c65742c20746865206f726967696e73206f662077686963682061726520736169640d
ORACLE_LINE	2	70	746f20626520616e6369656e742059656e646f722e20205468697320616d756c657420646f7468206861766520617765736f6d6520706f7765722c20616e642074686520676f64730d
ORACLE_LINE	2	71	6465736972652069742067726561746c792e20204d6f7274616c73206d6179737420746170206f6e6c7920706f7274696f6e73206f6620697473207465727269626c650d
ORACLE_LINE	2	72	6162696c69746965732e20205468652073746f726965732074656c6c206f66206d6f7274616c7320736565696e67207768617420746865697220657965732063616e6e6f740d
ORACLE_LINE	2	73	73656520616e64207365656b696e6720706c61636573206f66206d61676963616c207472616e73706f72746174696f6e2c207768696c6520686176696e6720746869730d
ORACLE_LINE	2	74	616d756c657420696e20746865697220706f7373657373696f6e2e20204f7468657273207361792061206d6f7274616c206d75737420776561722074686520616d756c657420746f0d
ORACLE_LINE	2	75	6f627461696e20746865736520706f776572732e202042757420766572696c792c207375636820706f77657220636f6d657320617420677265617420636f73742c20746f0d
ORACLE_LINE	2	76	7072657365727665207468652062616c616e63652e0d
ORACLE_LINE	2	77	2c2f290d
ORACLE_LINE	2	78	4974206973207361696420746861742074686f75206d61797374206761696e20656e74727920746f204d6f6c6f636827732073616e6374756172792c2069662074686f750d
ORACLE_LINE	2	79	6461726573742c2066726f6d206120706c616365207768657265207468652067726f756e642076696272617465746820696e20746865206465657065737420646570746873206f660d
ORACLE_LINE	2	80	476568656e6e6f6d2e202054686f75206e65656473206d75737420686176652074686520616964206f66207468726565206d61676963616c206974656d732e20205468650d
ORACLE_LINE	2	81	7075726520736f756e64206f6620612073696c7665722062656c6c207368616c6c20616e6e6f756e636520746865652e2020546865207465727269626c652072756e65732c0d
ORACLE_LINE	2	82	726561642066726f6d204d6f6c6f6368277320626f6f6b2c207368616c6c2063617573652074686520656172746820746f207472656d626c65206d69676874696c792e20205468650d
ORACLE_LINE	2	83	6c69676874206f6620616e20656e6368616e7465642063616e64656c616272756d207368616c6c2073686f77207468656520746865207761792e0d
ORACLE_LINE	2	84	2c2f290d
ORACLE_LINE	2	85	496e207468652064656570657374207265636573736573206f66207468652044756e67656f6e73206f6620446f6f6d2c206775617264696e672061636365737320746f207468650d
ORACLE_LINE	2	86	6e657468657220726567696f6e732c207468657265207374616e64657468206120636173746c652c207768657265696e206c6965746820612077616e64206f66207769736865732e0d
ORACLE_LINE	2	87	49662074686f7520776f756c647374206761696e20656e7472792c20626561722077697468207468656520616e20696e737472756d656e74206f66206d757369632c20666f72207468650d
ORACLE_LINE	2	88	706f6e746c65766973206d617920626520636861726d656420646f776e2077697468207468652070726f706572206d656c6f64792e202057686174206e6f74657320636f6d70726973650d
ORACLE_LINE	2	89	6974206f6e6c792074686520676f6473206b6e6f772c206275742061206d75736963616c206d61737465726d696e64206d61792079657420737563636565642062792077697466756c0d
ORACLE_LINE	2	90	696d70726f7669736174696f6e2e2020486f77657665722c20746865206c65737320706572737069636163696f757320617265206e6f7420776974686f7574207265636f757273652c0d
ORACLE_LINE	2	91	73686f756c64207468657920626520707265706172656420746f2063697263756d616d62756c6174652074686520636173746c6520746f2074686520706f737465726e2e0d
ORACLE_LINE	2	92	2c2f290d
ORACLE_LINE	2	93	54686520676f647320617265207361696420746f20626520706c6561736564207768656e206f66666572696e67732061726520676976656e20746f207468650d
ORACLE_LINE	2	94	707269657374732077686f20617474656e642074686569722074656d706c65732c20616e642074686579206d6179206772616e7420766172696f7573206661766f727320746f0d
ORACLE_LINE	2	95	74686f73652077686f20646f20736f2e202042757420626577617265212020546f20626520796f756e6720616e642066727567616c20697320626574746572207468616e20746f0d
ORACLE_LINE	2	96	6265206f6c6420616e64206d697365726c792e0d
ORACLE_LINE	2	97	2c2f290d
ORACLE_LINE	2	98	546865206e616d65206f6620456c626572657468206d617920737472696b65206665617220696e746f2074686520686561727473206f66207468696e6520656e656d6965732c2069660d
ORACLE_LINE	2	99	74686f7520646f73742077726974652069742075706f6e207468652067726f756e642061742074687920666565742e202049662074686f75206d61696e7461696e657374207468650d
ORACLE_LINE	2	100	75746d6f73742063616c6d2c20746879207361666574792077696c6c2062652061696465642067726561746c792c2062757420626577617265206c6573742074687920636c756d73790d
ORACLE_LINE	2	101	666565742073637566662074686520696e736372697074696f6e2c2063616e63656c6c696e672069747320706f74656e63652c206f722074687920776179776172640d
ORACLE_LINE	2	102	73776f72642d61726d20627265616b207468652074727563652e0d
ORACLE_LINE	2	103	2c2f290d
ORACLE_RESULT	2	104	100	1	20	20
ORACLE_LINE	3	0	546865206d6573736167652072656164733a
ORACLE_LINE	3	1	
ORACLE_LINE	3	2	49662074686f752068617374206861642074726f75626c6520776974682072757374206f6e207468696e652061726d6f72206f7220776561706f6e732c2074686f752073686f756c6473740d
ORACLE_LINE	3	3	6b6e6f7720746861742074686f752063616e73742070726576656e7420746869732062792c207768696c6520696e206120636f6e66757365642073746174652c2072656164696e67207468650d
ORACLE_LINE	3	4	6d61676963616c2070617263686d656e7473207768696368206e6f726d616c6c7920617265207573656420746f20636175736520746865697220656e6368616e746d656e742e0d
ORACLE_LINE	3	5	556e6775656e7473206f66206c75627269636174696f6e206d61792070726f766964652073696d696c61722070726f74656374696f6e2c20616c62656974206f6620610d
ORACLE_LINE	3	6	7472616e7369746f7279206e61747572652e0d
ORACLE_LINE	3	7	2c2f290d
ORACLE_LINE	3	8	4265686f6c642074686520636f636b6174726963652c2077686f73652064696d696e757469766520737461747572652062656c696573206974732068696464656e206d696768742e20205468650d
ORACLE_LINE	3	9	636f636b6174726963652063616e207065747269667920616e79206f7264696e617279206265696e6720697420636f6e74616374732d2d736176652074686f736520776973650d
ORACLE_LINE	3	10	616476656e7475726572732077686f2065617420612064656164206c697a617264206f7220626c6f62206f662061636964207768656e2074686579206665656c207468656d73656c7665730d
ORACLE_LINE	3	11	736c6f776c79207475726e696e6720746f2073746f6e652e0d
ORACLE_LINE	3	12	2c2f290d
ORACLE_LINE	3	13	5768696c6520736f6d65207761796661726572732072656c79206f6e207363726f756e67696e672066696e69736865642061726d6f757220696e207468652064756e67656f6e2c207468650d
ORACLE_LINE	3	14	7265736f7572636566756c206b6e6f7720746865206d7973746963616c206d65616e73206279207768696368206d61696c206d61792062652066617368696f6e6564206f7574206f660d
ORACLE_LINE	3	15	7363616c65732066726f6d206120647261676f6e277320686964652e0d
ORACLE_LINE	3	16	2c2f290d
ORACLE_LINE	3	17	497420697320637573746f6d6172696c79206b6e6f776e20616d6f6e672074726176656c65727320746861742065787472612d6865616c696e67206472617567687473206d617920636c6561720d
ORACLE_LINE	3	18	7468792073656e736573207768656e2074686f7520617274206164646c65642062792064656c75736f727920766973696f6e732e2020427574206e6576657220666f726765742c207468650d
ORACLE_LINE	3	19	6c6f776c7920706f74696f6e207768696368206d616b6573206f6e65207369636b206d6179206265207573656420666f72207468652073616d6520707572706f73652e0d
ORACLE_LINE	3	20	2c2f290d
ORACLE_LINE	3	21	5768696c652074686520636f6e73756d7074696f6e206f66206c697a61726420666c657368206f722077617465722062656c6f766564206f662074686520676f6473206d617920636c6561720d
ORACLE_LINE	3	22	746865206d7564646c656420686561642c20746865206170706c69636174696f6e206f662074686520686f726e206f662061206372656174757265206f662075746d6f7374207075726974790d
ORACLE_LINE	3	23	63616e20616c6c657669617465206d616e79206f74686572206166666c696374696f6e732061732077656c6c2e0d
ORACLE_LINE	3	24	2c2f290d
ORACLE_LINE	3	25	49662074686f7520776f756c6473742074726176656c20717569636b6c79206265747765656e2064697374616e74206c6f636174696f6e732c2074686f75206d7573742062650d
ORACLE_LINE	3	26	61626c6520746f20636f6e74726f6c207468792074656c65706f7274732c20616e6420696e206120636f6e6675736564207374617465206d69737265616420746865207363726f6c6c0d
ORACLE_LINE	3	27	776869636820757375616c6c792074656c65706f7274732074687973656c66206c6f63616c6c792e2020446172696e6720616476656e747572657273206861766520616c736f0d
ORACLE_LINE	3	28	706572666f726d6564207468652073616d6520666561742073616e73206e65656420666f72207363726f6c6c73206f7220706f74696f6e73206279207374657070696e6720696e746f0d
ORACLE_LINE	3	29	6120706172746963756c617220616d627573636164652e0d
ORACLE_LINE	3	30	2c2f290d
ORACLE_LINE	3	31	416c6d6f737420616c6c20616476656e7475726572732077686f20636f6d6520746869732077617920686f706520746f207061737320746865206472656164204d65647573612e2020546f0d
ORACLE_LINE	3	32	646f20746869732c2074686520626573742061647669636520697320746f206b656570207468696e65206579657320626c696e64666f6c64656420616e6420746f206361757365207468650d
ORACLE_LINE	3	33	637265617475726520746f206573707920697473206f776e207265666c656374696f6e20696e2061206d6972726f722e0d
ORACLE_LINE	3	34	2c2f290d
ORACLE_LINE	3	35	416e64207768657265206974206973207772697474656e2022616420616572617269756d222c2064696c6967656e7420736561726368696e672077696c6c206f6674656e2072657665616c0d
ORACLE_LINE	3	36	7468652077617920746f206120747261702077686963682073656e6473206f6e6520746f20746865204d61676963204d656d6f7279205661756c742c20776865726520746865207269636865730d
ORACLE_LINE	3	37	6f662043726f65737573206172652073746f7265643b20686f77657665722c206573636170696e672066726f6d20746865207661756c7420776974682069747320676f6c64206973206d7563680d
ORACLE_LINE	3	38	686172646572207468616e2067657474696e6720696e2e0d
ORACLE_LINE	3	39	2c2f290d
ORACLE_LINE	3	40	49742069732077656c6c206b6e6f776e20746861742077696c792073686f706b65657065727320726169736520746865697220707269636573207768656e6527657220746865790d
ORACLE_LINE	3	41	657370792074686520676172697368206170706172656c206f662074686520617070726f616368696e6720746f7572697374206f722074686520636f756e74656e616e6365206f6620610d
ORACLE_LINE	3	42	6469736661766f72656420706174726f6e2e202054686579206661766f72207468652067656e746c65206f66206d616e6e657220616e64207468652066616972206f6620666163652e0d
ORACLE_LINE	3	43	54686520626f6f72206d61792065787065637420756e70726f66697461626c65207472616e73616374696f6e732e0d
ORACLE_LINE	3	44	2c2f290d
ORACLE_LINE	3	45	54686520636c69636865206f6620746865206b69746368656e2073696e6b207377616c6c6f77696e6720616e7920756e666f7274756e6174652072696e6773207468617420636f6e746163740d
ORACLE_LINE	3	46	697473207065726e6963696f75732073757266616365207265666c6563746574682067726561746572207472757468207468616e206d616e7920686f6d696c6965732c207965740d
ORACLE_LINE	3	47	6576656e20736f2c20666577206861766520646576656c6f7065642074686520736b696c6c20746f206964656e7469667920656e6368616e7465642072696e6773206279207468650d
ORACLE_LINE	3	48	7472616e7366696775726174696f6e732065666665637465642075706f6e2074686520766f726163696f7573206465766963652773206672616d652e0d
ORACLE_LINE	3	49	2c2f290d
ORACLE_LINE	3	50	546865206d656174206f6620656e6368616e74656420637265617475726573206f667474696d657320636f6e766579657468206d61676963616c2070726f706572746965730d
ORACLE_LINE	3	51	756e746f2074686520636f6e73756d65722e20204120667265736820636f72707365206f6620666c6f6174696e672065796520646f7468206665746368206120686967680d
ORACLE_LINE	3	52	707269636520616d6f6e672077697a6172647320666f7220697473207574696c69747920696e20636f6e66657272696e672054656c6570617468792c2062792077686963680d
ORACLE_LINE	3	53	7468652073696768746c657373206d6179206c6f6361746520737572726f756e64696e67206d696e64732e0d
ORACLE_LINE	3	54	2c2f290d
ORACLE_LINE	3	55	54686520646574656374696f6e206f6620626c657373696e677320616e642063757273657320697320696e2074686520646f6d61696e206f662074686520676f64732e2020546865792077696c6c0d
ORACLE_LINE	3	56	
ORACLE_LINE	3	57	6d616b65207468697320696e666f726d6174696f6e20617661696c61626c6520746f206d6f7274616c732077686f207265717565737420697420617420746865697220706c61636573206f660d
ORACLE_LINE	3	58	776f72736869702c206f7220656c7365776865726520666f722074686f7365206d6f7274616c732077686f206465766f7465207468656d73656c76657320746f2074686520736572766963650d
ORACLE_LINE	3	59	6f662074686520676f64732e0d
ORACLE_LINE	3	60	2c2f290d
ORACLE_LINE	3	61	41742074696d65732c2074686520676f6473206d6179206661766f7220776f7274687920737570706c6963616e74732077697468206e616d656420626c616465732077686f73650d
ORACLE_LINE	3	62	706f77657273206563686f207468726f7567686f7574206c6567656e642e20204c6561726e6564207761796661726572732063616e20726570726f6475636520626c61646573206f660d
ORACLE_LINE	3	63	656c76656e206c696e656167652c206861746564206f6620746865206f7263732c20776974686f757420746865206e65656420666f72207375636820696e74657276656e74696f6e2e0d
ORACLE_LINE	3	64	2c2f290d
ORACLE_LINE	3	65	546865726520617265206d616e792073746f72696573206f662061206d696768747920616d756c65742c20746865206f726967696e73206f662077686963682061726520736169640d
ORACLE_LINE	3	66	746f20626520616e6369656e742059656e646f722e20205468697320616d756c657420646f7468206861766520617765736f6d6520706f7765722c20616e642074686520676f64730d
ORACLE_LINE	3	67	6465736972652069742067726561746c792e20204d6f7274616c73206d6179737420746170206f6e6c7920706f7274696f6e73206f6620697473207465727269626c650d
ORACLE_LINE	3	68	6162696c69746965732e20205468652073746f726965732074656c6c206f66206d6f7274616c7320736565696e67207768617420746865697220657965732063616e6e6f740d
ORACLE_LINE	3	69	73656520616e64207365656b696e6720706c61636573206f66206d61676963616c207472616e73706f72746174696f6e2c207768696c6520686176696e6720746869730d
ORACLE_LINE	3	70	616d756c657420696e20746865697220706f7373657373696f6e2e20204f7468657273207361792061206d6f7274616c206d75737420776561722074686520616d756c657420746f0d
ORACLE_LINE	3	71	6f627461696e20746865736520706f776572732e202042757420766572696c792c207375636820706f77657220636f6d657320617420677265617420636f73742c20746f0d
ORACLE_LINE	3	72	7072657365727665207468652062616c616e63652e0d
ORACLE_LINE	3	73	2c2f290d
ORACLE_LINE	3	74	4974206973207361696420746861742074686f75206d61797374206761696e20656e74727920746f204d6f6c6f636827732073616e6374756172792c2069662074686f750d
ORACLE_LINE	3	75	6461726573742c2066726f6d206120706c616365207768657265207468652067726f756e642076696272617465746820696e20746865206465657065737420646570746873206f660d
ORACLE_LINE	3	76	476568656e6e6f6d2e202054686f75206e65656473206d75737420686176652074686520616964206f66207468726565206d61676963616c206974656d732e20205468650d
ORACLE_LINE	3	77	7075726520736f756e64206f6620612073696c7665722062656c6c207368616c6c20616e6e6f756e636520746865652e2020546865207465727269626c652072756e65732c0d
ORACLE_LINE	3	78	726561642066726f6d204d6f6c6f6368277320626f6f6b2c207368616c6c2063617573652074686520656172746820746f207472656d626c65206d69676874696c792e20205468650d
ORACLE_LINE	3	79	6c69676874206f6620616e20656e6368616e7465642063616e64656c616272756d207368616c6c2073686f77207468656520746865207761792e0d
ORACLE_LINE	3	80	2c2f290d
ORACLE_LINE	3	81	496e207468652064656570657374207265636573736573206f66207468652044756e67656f6e73206f6620446f6f6d2c206775617264696e672061636365737320746f207468650d
ORACLE_LINE	3	82	6e657468657220726567696f6e732c207468657265207374616e64657468206120636173746c652c207768657265696e206c6965746820612077616e64206f66207769736865732e0d
ORACLE_LINE	3	83	49662074686f7520776f756c647374206761696e20656e7472792c20626561722077697468207468656520616e20696e737472756d656e74206f66206d757369632c20666f72207468650d
ORACLE_LINE	3	84	706f6e746c65766973206d617920626520636861726d656420646f776e2077697468207468652070726f706572206d656c6f64792e202057686174206e6f74657320636f6d70726973650d
ORACLE_LINE	3	85	6974206f6e6c792074686520676f6473206b6e6f772c206275742061206d75736963616c206d61737465726d696e64206d61792079657420737563636565642062792077697466756c0d
ORACLE_LINE	3	86	696d70726f7669736174696f6e2e2020486f77657665722c20746865206c65737320706572737069636163696f757320617265206e6f7420776974686f7574207265636f757273652c0d
ORACLE_LINE	3	87	73686f756c64207468657920626520707265706172656420746f2063697263756d616d62756c6174652074686520636173746c6520746f2074686520706f737465726e2e0d
ORACLE_LINE	3	88	2c2f290d
ORACLE_LINE	3	89	54686520676f647320617265207361696420746f20626520706c6561736564207768656e206f66666572696e67732061726520676976656e20746f207468650d
ORACLE_LINE	3	90	707269657374732077686f20617474656e642074686569722074656d706c65732c20616e642074686579206d6179206772616e7420766172696f7573206661766f727320746f0d
ORACLE_LINE	3	91	74686f73652077686f20646f20736f2e202042757420626577617265212020546f20626520796f756e6720616e642066727567616c20697320626574746572207468616e20746f0d
ORACLE_LINE	3	92	6265206f6c6420616e64206d697365726c792e0d
ORACLE_LINE	3	93	2c2f290d
ORACLE_LINE	3	94	546865206e616d65206f6620456c626572657468206d617920737472696b65206665617220696e746f2074686520686561727473206f66207468696e6520656e656d6965732c2069660d
ORACLE_LINE	3	95	74686f7520646f73742077726974652069742075706f6e207468652067726f756e642061742074687920666565742e202049662074686f75206d61696e7461696e657374207468650d
ORACLE_LINE	3	96	75746d6f73742063616c6d2c20746879207361666574792077696c6c2062652061696465642067726561746c792c2062757420626577617265206c6573742074687920636c756d73790d
ORACLE_LINE	3	97	666565742073637566662074686520696e736372697074696f6e2c2063616e63656c6c696e672069747320706f74656e63652c206f722074687920776179776172640d
ORACLE_LINE	3	98	73776f72642d61726d20627265616b207468652074727563652e0d
ORACLE_LINE	3	99	2c2f290d
ORACLE_RESULT	3	100	97	1	20	20
ORACLE_LINE	4	0	546865206d6573736167652072656164733a
ORACLE_LINE	4	1	
ORACLE_LINE	4	2	4265686f6c642074686520636f636b6174726963652c2077686f73652064696d696e757469766520737461747572652062656c696573206974732068696464656e206d696768742e20205468650d
ORACLE_LINE	4	3	636f636b6174726963652063616e207065747269667920616e79206f7264696e617279206265696e6720697420636f6e74616374732d2d736176652074686f736520776973650d
ORACLE_LINE	4	4	616476656e7475726572732077686f2065617420612064656164206c697a617264206f7220626c6f62206f662061636964207768656e2074686579206665656c207468656d73656c7665730d
ORACLE_LINE	4	5	736c6f776c79207475726e696e6720746f2073746f6e652e0d
ORACLE_LINE	4	6	2c2f290d
ORACLE_LINE	4	7	5768696c6520736f6d65207761796661726572732072656c79206f6e207363726f756e67696e672066696e69736865642061726d6f757220696e207468652064756e67656f6e2c207468650d
ORACLE_LINE	4	8	7265736f7572636566756c206b6e6f7720746865206d7973746963616c206d65616e73206279207768696368206d61696c206d61792062652066617368696f6e6564206f7574206f660d
ORACLE_LINE	4	9	7363616c65732066726f6d206120647261676f6e277320686964652e0d
ORACLE_LINE	4	10	2c2f290d
ORACLE_LINE	4	11	497420697320637573746f6d6172696c79206b6e6f776e20616d6f6e672074726176656c65727320746861742065787472612d6865616c696e67206472617567687473206d617920636c6561720d
ORACLE_LINE	4	12	7468792073656e736573207768656e2074686f7520617274206164646c65642062792064656c75736f727920766973696f6e732e2020427574206e6576657220666f726765742c207468650d
ORACLE_LINE	4	13	6c6f776c7920706f74696f6e207768696368206d616b6573206f6e65207369636b206d6179206265207573656420666f72207468652073616d6520707572706f73652e0d
ORACLE_LINE	4	14	2c2f290d
ORACLE_LINE	4	15	5768696c652074686520636f6e73756d7074696f6e206f66206c697a61726420666c657368206f722077617465722062656c6f766564206f662074686520676f6473206d617920636c6561720d
ORACLE_LINE	4	16	746865206d7564646c656420686561642c20746865206170706c69636174696f6e206f662074686520686f726e206f662061206372656174757265206f662075746d6f7374207075726974790d
ORACLE_LINE	4	17	63616e20616c6c657669617465206d616e79206f74686572206166666c696374696f6e732061732077656c6c2e0d
ORACLE_LINE	4	18	2c2f290d
ORACLE_LINE	4	19	49662074686f7520776f756c6473742074726176656c20717569636b6c79206265747765656e2064697374616e74206c6f636174696f6e732c2074686f75206d7573742062650d
ORACLE_LINE	4	20	61626c6520746f20636f6e74726f6c207468792074656c65706f7274732c20616e6420696e206120636f6e6675736564207374617465206d69737265616420746865207363726f6c6c0d
ORACLE_LINE	4	21	776869636820757375616c6c792074656c65706f7274732074687973656c66206c6f63616c6c792e2020446172696e6720616476656e747572657273206861766520616c736f0d
ORACLE_LINE	4	22	706572666f726d6564207468652073616d6520666561742073616e73206e65656420666f72207363726f6c6c73206f7220706f74696f6e73206279207374657070696e6720696e746f0d
ORACLE_LINE	4	23	6120706172746963756c617220616d627573636164652e0d
ORACLE_LINE	4	24	2c2f290d
ORACLE_LINE	4	25	416c6d6f737420616c6c20616476656e7475726572732077686f20636f6d6520746869732077617920686f706520746f207061737320746865206472656164204d65647573612e2020546f0d
ORACLE_LINE	4	26	646f20746869732c2074686520626573742061647669636520697320746f206b656570207468696e65206579657320626c696e64666f6c64656420616e6420746f206361757365207468650d
ORACLE_LINE	4	27	637265617475726520746f206573707920697473206f776e207265666c656374696f6e20696e2061206d6972726f722e0d
ORACLE_LINE	4	28	2c2f290d
ORACLE_LINE	4	29	416e64207768657265206974206973207772697474656e2022616420616572617269756d222c2064696c6967656e7420736561726368696e672077696c6c206f6674656e2072657665616c0d
ORACLE_LINE	4	30	7468652077617920746f206120747261702077686963682073656e6473206f6e6520746f20746865204d61676963204d656d6f7279205661756c742c20776865726520746865207269636865730d
ORACLE_LINE	4	31	6f662043726f65737573206172652073746f7265643b20686f77657665722c206573636170696e672066726f6d20746865207661756c7420776974682069747320676f6c64206973206d7563680d
ORACLE_LINE	4	32	686172646572207468616e2067657474696e6720696e2e0d
ORACLE_LINE	4	33	2c2f290d
ORACLE_LINE	4	34	49742069732077656c6c206b6e6f776e20746861742077696c792073686f706b65657065727320726169736520746865697220707269636573207768656e6527657220746865790d
ORACLE_LINE	4	35	657370792074686520676172697368206170706172656c206f662074686520617070726f616368696e6720746f7572697374206f722074686520636f756e74656e616e6365206f6620610d
ORACLE_LINE	4	36	6469736661766f72656420706174726f6e2e202054686579206661766f72207468652067656e746c65206f66206d616e6e657220616e64207468652066616972206f6620666163652e0d
ORACLE_LINE	4	37	54686520626f6f72206d61792065787065637420756e70726f66697461626c65207472616e73616374696f6e732e0d
ORACLE_LINE	4	38	2c2f290d
ORACLE_LINE	4	39	54686520636c69636865206f6620746865206b69746368656e2073696e6b207377616c6c6f77696e6720616e7920756e666f7274756e6174652072696e6773207468617420636f6e746163740d
ORACLE_LINE	4	40	697473207065726e6963696f75732073757266616365207265666c6563746574682067726561746572207472757468207468616e206d616e7920686f6d696c6965732c207965740d
ORACLE_LINE	4	41	6576656e20736f2c20666577206861766520646576656c6f7065642074686520736b696c6c20746f206964656e7469667920656e6368616e7465642072696e6773206279207468650d
ORACLE_LINE	4	42	7472616e7366696775726174696f6e732065666665637465642075706f6e2074686520766f726163696f7573206465766963652773206672616d652e0d
ORACLE_LINE	4	43	2c2f290d
ORACLE_LINE	4	44	546865206d656174206f6620656e6368616e74656420637265617475726573206f667474696d657320636f6e766579657468206d61676963616c2070726f706572746965730d
ORACLE_LINE	4	45	756e746f2074686520636f6e73756d65722e20204120667265736820636f72707365206f6620666c6f6174696e672065796520646f7468206665746368206120686967680d
ORACLE_LINE	4	46	707269636520616d6f6e672077697a6172647320666f7220697473207574696c69747920696e20636f6e66657272696e672054656c6570617468792c2062792077686963680d
ORACLE_LINE	4	47	7468652073696768746c657373206d6179206c6f6361746520737572726f756e64696e67206d696e64732e0d
ORACLE_LINE	4	48	2c2f290d
ORACLE_LINE	4	49	54686520646574656374696f6e206f6620626c657373696e677320616e642063757273657320697320696e2074686520646f6d61696e206f662074686520676f64732e2020546865792077696c6c0d
ORACLE_LINE	4	50	
ORACLE_LINE	4	51	6d616b65207468697320696e666f726d6174696f6e20617661696c61626c6520746f206d6f7274616c732077686f207265717565737420697420617420746865697220706c61636573206f660d
ORACLE_LINE	4	52	776f72736869702c206f7220656c7365776865726520666f722074686f7365206d6f7274616c732077686f206465766f7465207468656d73656c76657320746f2074686520736572766963650d
ORACLE_LINE	4	53	6f662074686520676f64732e0d
ORACLE_LINE	4	54	2c2f290d
ORACLE_LINE	4	55	41742074696d65732c2074686520676f6473206d6179206661766f7220776f7274687920737570706c6963616e74732077697468206e616d656420626c616465732077686f73650d
ORACLE_LINE	4	56	706f77657273206563686f207468726f7567686f7574206c6567656e642e20204c6561726e6564207761796661726572732063616e20726570726f6475636520626c61646573206f660d
ORACLE_LINE	4	57	656c76656e206c696e656167652c206861746564206f6620746865206f7263732c20776974686f757420746865206e65656420666f72207375636820696e74657276656e74696f6e2e0d
ORACLE_LINE	4	58	2c2f290d
ORACLE_LINE	4	59	546865726520617265206d616e792073746f72696573206f662061206d696768747920616d756c65742c20746865206f726967696e73206f662077686963682061726520736169640d
ORACLE_LINE	4	60	746f20626520616e6369656e742059656e646f722e20205468697320616d756c657420646f7468206861766520617765736f6d6520706f7765722c20616e642074686520676f64730d
ORACLE_LINE	4	61	6465736972652069742067726561746c792e20204d6f7274616c73206d6179737420746170206f6e6c7920706f7274696f6e73206f6620697473207465727269626c650d
ORACLE_LINE	4	62	6162696c69746965732e20205468652073746f726965732074656c6c206f66206d6f7274616c7320736565696e67207768617420746865697220657965732063616e6e6f740d
ORACLE_LINE	4	63	73656520616e64207365656b696e6720706c61636573206f66206d61676963616c207472616e73706f72746174696f6e2c207768696c6520686176696e6720746869730d
ORACLE_LINE	4	64	616d756c657420696e20746865697220706f7373657373696f6e2e20204f7468657273207361792061206d6f7274616c206d75737420776561722074686520616d756c657420746f0d
ORACLE_LINE	4	65	6f627461696e20746865736520706f776572732e202042757420766572696c792c207375636820706f77657220636f6d657320617420677265617420636f73742c20746f0d
ORACLE_LINE	4	66	7072657365727665207468652062616c616e63652e0d
ORACLE_LINE	4	67	2c2f290d
ORACLE_LINE	4	68	4974206973207361696420746861742074686f75206d61797374206761696e20656e74727920746f204d6f6c6f636827732073616e6374756172792c2069662074686f750d
ORACLE_LINE	4	69	6461726573742c2066726f6d206120706c616365207768657265207468652067726f756e642076696272617465746820696e20746865206465657065737420646570746873206f660d
ORACLE_LINE	4	70	476568656e6e6f6d2e202054686f75206e65656473206d75737420686176652074686520616964206f66207468726565206d61676963616c206974656d732e20205468650d
ORACLE_LINE	4	71	7075726520736f756e64206f6620612073696c7665722062656c6c207368616c6c20616e6e6f756e636520746865652e2020546865207465727269626c652072756e65732c0d
ORACLE_LINE	4	72	726561642066726f6d204d6f6c6f6368277320626f6f6b2c207368616c6c2063617573652074686520656172746820746f207472656d626c65206d69676874696c792e20205468650d
ORACLE_LINE	4	73	6c69676874206f6620616e20656e6368616e7465642063616e64656c616272756d207368616c6c2073686f77207468656520746865207761792e0d
ORACLE_LINE	4	74	2c2f290d
ORACLE_LINE	4	75	496e207468652064656570657374207265636573736573206f66207468652044756e67656f6e73206f6620446f6f6d2c206775617264696e672061636365737320746f207468650d
ORACLE_LINE	4	76	6e657468657220726567696f6e732c207468657265207374616e64657468206120636173746c652c207768657265696e206c6965746820612077616e64206f66207769736865732e0d
ORACLE_LINE	4	77	49662074686f7520776f756c647374206761696e20656e7472792c20626561722077697468207468656520616e20696e737472756d656e74206f66206d757369632c20666f72207468650d
ORACLE_LINE	4	78	706f6e746c65766973206d617920626520636861726d656420646f776e2077697468207468652070726f706572206d656c6f64792e202057686174206e6f74657320636f6d70726973650d
ORACLE_LINE	4	79	6974206f6e6c792074686520676f6473206b6e6f772c206275742061206d75736963616c206d61737465726d696e64206d61792079657420737563636565642062792077697466756c0d
ORACLE_LINE	4	80	696d70726f7669736174696f6e2e2020486f77657665722c20746865206c65737320706572737069636163696f757320617265206e6f7420776974686f7574207265636f757273652c0d
ORACLE_LINE	4	81	73686f756c64207468657920626520707265706172656420746f2063697263756d616d62756c6174652074686520636173746c6520746f2074686520706f737465726e2e0d
ORACLE_LINE	4	82	2c2f290d
ORACLE_LINE	4	83	54686520676f647320617265207361696420746f20626520706c6561736564207768656e206f66666572696e67732061726520676976656e20746f207468650d
ORACLE_LINE	4	84	707269657374732077686f20617474656e642074686569722074656d706c65732c20616e642074686579206d6179206772616e7420766172696f7573206661766f727320746f0d
ORACLE_LINE	4	85	74686f73652077686f20646f20736f2e202042757420626577617265212020546f20626520796f756e6720616e642066727567616c20697320626574746572207468616e20746f0d
ORACLE_LINE	4	86	6265206f6c6420616e64206d697365726c792e0d
ORACLE_LINE	4	87	2c2f290d
ORACLE_LINE	4	88	546865206e616d65206f6620456c626572657468206d617920737472696b65206665617220696e746f2074686520686561727473206f66207468696e6520656e656d6965732c2069660d
ORACLE_LINE	4	89	74686f7520646f73742077726974652069742075706f6e207468652067726f756e642061742074687920666565742e202049662074686f75206d61696e7461696e657374207468650d
ORACLE_LINE	4	90	75746d6f73742063616c6d2c20746879207361666574792077696c6c2062652061696465642067726561746c792c2062757420626577617265206c6573742074687920636c756d73790d
ORACLE_LINE	4	91	666565742073637566662074686520696e736372697074696f6e2c2063616e63656c6c696e672069747320706f74656e63652c206f722074687920776179776172640d
ORACLE_LINE	4	92	73776f72642d61726d20627265616b207468652074727563652e0d
ORACLE_LINE	4	93	2c2f290d
ORACLE_RESULT	4	94	91	1	20	20
ORACLE_LINE	5	0	546865206d6573736167652072656164733a
ORACLE_LINE	5	1	
ORACLE_LINE	5	2	5768696c6520736f6d65207761796661726572732072656c79206f6e207363726f756e67696e672066696e69736865642061726d6f757220696e207468652064756e67656f6e2c207468650d
ORACLE_LINE	5	3	7265736f7572636566756c206b6e6f7720746865206d7973746963616c206d65616e73206279207768696368206d61696c206d61792062652066617368696f6e6564206f7574206f660d
ORACLE_LINE	5	4	7363616c65732066726f6d206120647261676f6e277320686964652e0d
ORACLE_LINE	5	5	2c2f290d
ORACLE_LINE	5	6	497420697320637573746f6d6172696c79206b6e6f776e20616d6f6e672074726176656c65727320746861742065787472612d6865616c696e67206472617567687473206d617920636c6561720d
ORACLE_LINE	5	7	7468792073656e736573207768656e2074686f7520617274206164646c65642062792064656c75736f727920766973696f6e732e2020427574206e6576657220666f726765742c207468650d
ORACLE_LINE	5	8	6c6f776c7920706f74696f6e207768696368206d616b6573206f6e65207369636b206d6179206265207573656420666f72207468652073616d6520707572706f73652e0d
ORACLE_LINE	5	9	2c2f290d
ORACLE_LINE	5	10	5768696c652074686520636f6e73756d7074696f6e206f66206c697a61726420666c657368206f722077617465722062656c6f766564206f662074686520676f6473206d617920636c6561720d
ORACLE_LINE	5	11	746865206d7564646c656420686561642c20746865206170706c69636174696f6e206f662074686520686f726e206f662061206372656174757265206f662075746d6f7374207075726974790d
ORACLE_LINE	5	12	63616e20616c6c657669617465206d616e79206f74686572206166666c696374696f6e732061732077656c6c2e0d
ORACLE_LINE	5	13	2c2f290d
ORACLE_LINE	5	14	49662074686f7520776f756c6473742074726176656c20717569636b6c79206265747765656e2064697374616e74206c6f636174696f6e732c2074686f75206d7573742062650d
ORACLE_LINE	5	15	61626c6520746f20636f6e74726f6c207468792074656c65706f7274732c20616e6420696e206120636f6e6675736564207374617465206d69737265616420746865207363726f6c6c0d
ORACLE_LINE	5	16	776869636820757375616c6c792074656c65706f7274732074687973656c66206c6f63616c6c792e2020446172696e6720616476656e747572657273206861766520616c736f0d
ORACLE_LINE	5	17	706572666f726d6564207468652073616d6520666561742073616e73206e65656420666f72207363726f6c6c73206f7220706f74696f6e73206279207374657070696e6720696e746f0d
ORACLE_LINE	5	18	6120706172746963756c617220616d627573636164652e0d
ORACLE_LINE	5	19	2c2f290d
ORACLE_LINE	5	20	416c6d6f737420616c6c20616476656e7475726572732077686f20636f6d6520746869732077617920686f706520746f207061737320746865206472656164204d65647573612e2020546f0d
ORACLE_LINE	5	21	646f20746869732c2074686520626573742061647669636520697320746f206b656570207468696e65206579657320626c696e64666f6c64656420616e6420746f206361757365207468650d
ORACLE_LINE	5	22	637265617475726520746f206573707920697473206f776e207265666c656374696f6e20696e2061206d6972726f722e0d
ORACLE_LINE	5	23	2c2f290d
ORACLE_LINE	5	24	416e64207768657265206974206973207772697474656e2022616420616572617269756d222c2064696c6967656e7420736561726368696e672077696c6c206f6674656e2072657665616c0d
ORACLE_LINE	5	25	7468652077617920746f206120747261702077686963682073656e6473206f6e6520746f20746865204d61676963204d656d6f7279205661756c742c20776865726520746865207269636865730d
ORACLE_LINE	5	26	6f662043726f65737573206172652073746f7265643b20686f77657665722c206573636170696e672066726f6d20746865207661756c7420776974682069747320676f6c64206973206d7563680d
ORACLE_LINE	5	27	686172646572207468616e2067657474696e6720696e2e0d
ORACLE_LINE	5	28	2c2f290d
ORACLE_LINE	5	29	49742069732077656c6c206b6e6f776e20746861742077696c792073686f706b65657065727320726169736520746865697220707269636573207768656e6527657220746865790d
ORACLE_LINE	5	30	657370792074686520676172697368206170706172656c206f662074686520617070726f616368696e6720746f7572697374206f722074686520636f756e74656e616e6365206f6620610d
ORACLE_LINE	5	31	6469736661766f72656420706174726f6e2e202054686579206661766f72207468652067656e746c65206f66206d616e6e657220616e64207468652066616972206f6620666163652e0d
ORACLE_LINE	5	32	54686520626f6f72206d61792065787065637420756e70726f66697461626c65207472616e73616374696f6e732e0d
ORACLE_LINE	5	33	2c2f290d
ORACLE_LINE	5	34	54686520636c69636865206f6620746865206b69746368656e2073696e6b207377616c6c6f77696e6720616e7920756e666f7274756e6174652072696e6773207468617420636f6e746163740d
ORACLE_LINE	5	35	697473207065726e6963696f75732073757266616365207265666c6563746574682067726561746572207472757468207468616e206d616e7920686f6d696c6965732c207965740d
ORACLE_LINE	5	36	6576656e20736f2c20666577206861766520646576656c6f7065642074686520736b696c6c20746f206964656e7469667920656e6368616e7465642072696e6773206279207468650d
ORACLE_LINE	5	37	7472616e7366696775726174696f6e732065666665637465642075706f6e2074686520766f726163696f7573206465766963652773206672616d652e0d
ORACLE_LINE	5	38	2c2f290d
ORACLE_LINE	5	39	546865206d656174206f6620656e6368616e74656420637265617475726573206f667474696d657320636f6e766579657468206d61676963616c2070726f706572746965730d
ORACLE_LINE	5	40	756e746f2074686520636f6e73756d65722e20204120667265736820636f72707365206f6620666c6f6174696e672065796520646f7468206665746368206120686967680d
ORACLE_LINE	5	41	707269636520616d6f6e672077697a6172647320666f7220697473207574696c69747920696e20636f6e66657272696e672054656c6570617468792c2062792077686963680d
ORACLE_LINE	5	42	7468652073696768746c657373206d6179206c6f6361746520737572726f756e64696e67206d696e64732e0d
ORACLE_LINE	5	43	2c2f290d
ORACLE_LINE	5	44	54686520646574656374696f6e206f6620626c657373696e677320616e642063757273657320697320696e2074686520646f6d61696e206f662074686520676f64732e2020546865792077696c6c0d
ORACLE_LINE	5	45	
ORACLE_LINE	5	46	6d616b65207468697320696e666f726d6174696f6e20617661696c61626c6520746f206d6f7274616c732077686f207265717565737420697420617420746865697220706c61636573206f660d
ORACLE_LINE	5	47	776f72736869702c206f7220656c7365776865726520666f722074686f7365206d6f7274616c732077686f206465766f7465207468656d73656c76657320746f2074686520736572766963650d
ORACLE_LINE	5	48	6f662074686520676f64732e0d
ORACLE_LINE	5	49	2c2f290d
ORACLE_LINE	5	50	41742074696d65732c2074686520676f6473206d6179206661766f7220776f7274687920737570706c6963616e74732077697468206e616d656420626c616465732077686f73650d
ORACLE_LINE	5	51	706f77657273206563686f207468726f7567686f7574206c6567656e642e20204c6561726e6564207761796661726572732063616e20726570726f6475636520626c61646573206f660d
ORACLE_LINE	5	52	656c76656e206c696e656167652c206861746564206f6620746865206f7263732c20776974686f757420746865206e65656420666f72207375636820696e74657276656e74696f6e2e0d
ORACLE_LINE	5	53	2c2f290d
ORACLE_LINE	5	54	546865726520617265206d616e792073746f72696573206f662061206d696768747920616d756c65742c20746865206f726967696e73206f662077686963682061726520736169640d
ORACLE_LINE	5	55	746f20626520616e6369656e742059656e646f722e20205468697320616d756c657420646f7468206861766520617765736f6d6520706f7765722c20616e642074686520676f64730d
ORACLE_LINE	5	56	6465736972652069742067726561746c792e20204d6f7274616c73206d6179737420746170206f6e6c7920706f7274696f6e73206f6620697473207465727269626c650d
ORACLE_LINE	5	57	6162696c69746965732e20205468652073746f726965732074656c6c206f66206d6f7274616c7320736565696e67207768617420746865697220657965732063616e6e6f740d
ORACLE_LINE	5	58	73656520616e64207365656b696e6720706c61636573206f66206d61676963616c207472616e73706f72746174696f6e2c207768696c6520686176696e6720746869730d
ORACLE_LINE	5	59	616d756c657420696e20746865697220706f7373657373696f6e2e20204f7468657273207361792061206d6f7274616c206d75737420776561722074686520616d756c657420746f0d
ORACLE_LINE	5	60	6f627461696e20746865736520706f776572732e202042757420766572696c792c207375636820706f77657220636f6d657320617420677265617420636f73742c20746f0d
ORACLE_LINE	5	61	7072657365727665207468652062616c616e63652e0d
ORACLE_LINE	5	62	2c2f290d
ORACLE_LINE	5	63	4974206973207361696420746861742074686f75206d61797374206761696e20656e74727920746f204d6f6c6f636827732073616e6374756172792c2069662074686f750d
ORACLE_LINE	5	64	6461726573742c2066726f6d206120706c616365207768657265207468652067726f756e642076696272617465746820696e20746865206465657065737420646570746873206f660d
ORACLE_LINE	5	65	476568656e6e6f6d2e202054686f75206e65656473206d75737420686176652074686520616964206f66207468726565206d61676963616c206974656d732e20205468650d
ORACLE_LINE	5	66	7075726520736f756e64206f6620612073696c7665722062656c6c207368616c6c20616e6e6f756e636520746865652e2020546865207465727269626c652072756e65732c0d
ORACLE_LINE	5	67	726561642066726f6d204d6f6c6f6368277320626f6f6b2c207368616c6c2063617573652074686520656172746820746f207472656d626c65206d69676874696c792e20205468650d
ORACLE_LINE	5	68	6c69676874206f6620616e20656e6368616e7465642063616e64656c616272756d207368616c6c2073686f77207468656520746865207761792e0d
ORACLE_LINE	5	69	2c2f290d
ORACLE_LINE	5	70	496e207468652064656570657374207265636573736573206f66207468652044756e67656f6e73206f6620446f6f6d2c206775617264696e672061636365737320746f207468650d
ORACLE_LINE	5	71	6e657468657220726567696f6e732c207468657265207374616e64657468206120636173746c652c207768657265696e206c6965746820612077616e64206f66207769736865732e0d
ORACLE_LINE	5	72	49662074686f7520776f756c647374206761696e20656e7472792c20626561722077697468207468656520616e20696e737472756d656e74206f66206d757369632c20666f72207468650d
ORACLE_LINE	5	73	706f6e746c65766973206d617920626520636861726d656420646f776e2077697468207468652070726f706572206d656c6f64792e202057686174206e6f74657320636f6d70726973650d
ORACLE_LINE	5	74	6974206f6e6c792074686520676f6473206b6e6f772c206275742061206d75736963616c206d61737465726d696e64206d61792079657420737563636565642062792077697466756c0d
ORACLE_LINE	5	75	696d70726f7669736174696f6e2e2020486f77657665722c20746865206c65737320706572737069636163696f757320617265206e6f7420776974686f7574207265636f757273652c0d
ORACLE_LINE	5	76	73686f756c64207468657920626520707265706172656420746f2063697263756d616d62756c6174652074686520636173746c6520746f2074686520706f737465726e2e0d
ORACLE_LINE	5	77	2c2f290d
ORACLE_LINE	5	78	54686520676f647320617265207361696420746f20626520706c6561736564207768656e206f66666572696e67732061726520676976656e20746f207468650d
ORACLE_LINE	5	79	707269657374732077686f20617474656e642074686569722074656d706c65732c20616e642074686579206d6179206772616e7420766172696f7573206661766f727320746f0d
ORACLE_LINE	5	80	74686f73652077686f20646f20736f2e202042757420626577617265212020546f20626520796f756e6720616e642066727567616c20697320626574746572207468616e20746f0d
ORACLE_LINE	5	81	6265206f6c6420616e64206d697365726c792e0d
ORACLE_LINE	5	82	2c2f290d
ORACLE_LINE	5	83	546865206e616d65206f6620456c626572657468206d617920737472696b65206665617220696e746f2074686520686561727473206f66207468696e6520656e656d6965732c2069660d
ORACLE_LINE	5	84	74686f7520646f73742077726974652069742075706f6e207468652067726f756e642061742074687920666565742e202049662074686f75206d61696e7461696e657374207468650d
ORACLE_LINE	5	85	75746d6f73742063616c6d2c20746879207361666574792077696c6c2062652061696465642067726561746c792c2062757420626577617265206c6573742074687920636c756d73790d
ORACLE_LINE	5	86	666565742073637566662074686520696e736372697074696f6e2c2063616e63656c6c696e672069747320706f74656e63652c206f722074687920776179776172640d
ORACLE_LINE	5	87	73776f72642d61726d20627265616b207468652074727563652e0d
ORACLE_LINE	5	88	2c2f290d
ORACLE_RESULT	5	89	86	1	20	20
ORACLE_LINE	6	0	546865206d6573736167652072656164733a
ORACLE_LINE	6	1	
ORACLE_LINE	6	2	497420697320637573746f6d6172696c79206b6e6f776e20616d6f6e672074726176656c65727320746861742065787472612d6865616c696e67206472617567687473206d617920636c6561720d
ORACLE_LINE	6	3	7468792073656e736573207768656e2074686f7520617274206164646c65642062792064656c75736f727920766973696f6e732e2020427574206e6576657220666f726765742c207468650d
ORACLE_LINE	6	4	6c6f776c7920706f74696f6e207768696368206d616b6573206f6e65207369636b206d6179206265207573656420666f72207468652073616d6520707572706f73652e0d
ORACLE_LINE	6	5	2c2f290d
ORACLE_LINE	6	6	5768696c652074686520636f6e73756d7074696f6e206f66206c697a61726420666c657368206f722077617465722062656c6f766564206f662074686520676f6473206d617920636c6561720d
ORACLE_LINE	6	7	746865206d7564646c656420686561642c20746865206170706c69636174696f6e206f662074686520686f726e206f662061206372656174757265206f662075746d6f7374207075726974790d
ORACLE_LINE	6	8	63616e20616c6c657669617465206d616e79206f74686572206166666c696374696f6e732061732077656c6c2e0d
ORACLE_LINE	6	9	2c2f290d
ORACLE_LINE	6	10	49662074686f7520776f756c6473742074726176656c20717569636b6c79206265747765656e2064697374616e74206c6f636174696f6e732c2074686f75206d7573742062650d
ORACLE_LINE	6	11	61626c6520746f20636f6e74726f6c207468792074656c65706f7274732c20616e6420696e206120636f6e6675736564207374617465206d69737265616420746865207363726f6c6c0d
ORACLE_LINE	6	12	776869636820757375616c6c792074656c65706f7274732074687973656c66206c6f63616c6c792e2020446172696e6720616476656e747572657273206861766520616c736f0d
ORACLE_LINE	6	13	706572666f726d6564207468652073616d6520666561742073616e73206e65656420666f72207363726f6c6c73206f7220706f74696f6e73206279207374657070696e6720696e746f0d
ORACLE_LINE	6	14	6120706172746963756c617220616d627573636164652e0d
ORACLE_LINE	6	15	2c2f290d
ORACLE_LINE	6	16	416c6d6f737420616c6c20616476656e7475726572732077686f20636f6d6520746869732077617920686f706520746f207061737320746865206472656164204d65647573612e2020546f0d
ORACLE_LINE	6	17	646f20746869732c2074686520626573742061647669636520697320746f206b656570207468696e65206579657320626c696e64666f6c64656420616e6420746f206361757365207468650d
ORACLE_LINE	6	18	637265617475726520746f206573707920697473206f776e207265666c656374696f6e20696e2061206d6972726f722e0d
ORACLE_LINE	6	19	2c2f290d
ORACLE_LINE	6	20	416e64207768657265206974206973207772697474656e2022616420616572617269756d222c2064696c6967656e7420736561726368696e672077696c6c206f6674656e2072657665616c0d
ORACLE_LINE	6	21	7468652077617920746f206120747261702077686963682073656e6473206f6e6520746f20746865204d61676963204d656d6f7279205661756c742c20776865726520746865207269636865730d
ORACLE_LINE	6	22	6f662043726f65737573206172652073746f7265643b20686f77657665722c206573636170696e672066726f6d20746865207661756c7420776974682069747320676f6c64206973206d7563680d
ORACLE_LINE	6	23	686172646572207468616e2067657474696e6720696e2e0d
ORACLE_LINE	6	24	2c2f290d
ORACLE_LINE	6	25	49742069732077656c6c206b6e6f776e20746861742077696c792073686f706b65657065727320726169736520746865697220707269636573207768656e6527657220746865790d
ORACLE_LINE	6	26	657370792074686520676172697368206170706172656c206f662074686520617070726f616368696e6720746f7572697374206f722074686520636f756e74656e616e6365206f6620610d
ORACLE_LINE	6	27	6469736661766f72656420706174726f6e2e202054686579206661766f72207468652067656e746c65206f66206d616e6e657220616e64207468652066616972206f6620666163652e0d
ORACLE_LINE	6	28	54686520626f6f72206d61792065787065637420756e70726f66697461626c65207472616e73616374696f6e732e0d
ORACLE_LINE	6	29	2c2f290d
ORACLE_LINE	6	30	54686520636c69636865206f6620746865206b69746368656e2073696e6b207377616c6c6f77696e6720616e7920756e666f7274756e6174652072696e6773207468617420636f6e746163740d
ORACLE_LINE	6	31	697473207065726e6963696f75732073757266616365207265666c6563746574682067726561746572207472757468207468616e206d616e7920686f6d696c6965732c207965740d
ORACLE_LINE	6	32	6576656e20736f2c20666577206861766520646576656c6f7065642074686520736b696c6c20746f206964656e7469667920656e6368616e7465642072696e6773206279207468650d
ORACLE_LINE	6	33	7472616e7366696775726174696f6e732065666665637465642075706f6e2074686520766f726163696f7573206465766963652773206672616d652e0d
ORACLE_LINE	6	34	2c2f290d
ORACLE_LINE	6	35	546865206d656174206f6620656e6368616e74656420637265617475726573206f667474696d657320636f6e766579657468206d61676963616c2070726f706572746965730d
ORACLE_LINE	6	36	756e746f2074686520636f6e73756d65722e20204120667265736820636f72707365206f6620666c6f6174696e672065796520646f7468206665746368206120686967680d
ORACLE_LINE	6	37	707269636520616d6f6e672077697a6172647320666f7220697473207574696c69747920696e20636f6e66657272696e672054656c6570617468792c2062792077686963680d
ORACLE_LINE	6	38	7468652073696768746c657373206d6179206c6f6361746520737572726f756e64696e67206d696e64732e0d
ORACLE_LINE	6	39	2c2f290d
ORACLE_LINE	6	40	54686520646574656374696f6e206f6620626c657373696e677320616e642063757273657320697320696e2074686520646f6d61696e206f662074686520676f64732e2020546865792077696c6c0d
ORACLE_LINE	6	41	
ORACLE_LINE	6	42	6d616b65207468697320696e666f726d6174696f6e20617661696c61626c6520746f206d6f7274616c732077686f207265717565737420697420617420746865697220706c61636573206f660d
ORACLE_LINE	6	43	776f72736869702c206f7220656c7365776865726520666f722074686f7365206d6f7274616c732077686f206465766f7465207468656d73656c76657320746f2074686520736572766963650d
ORACLE_LINE	6	44	6f662074686520676f64732e0d
ORACLE_LINE	6	45	2c2f290d
ORACLE_LINE	6	46	41742074696d65732c2074686520676f6473206d6179206661766f7220776f7274687920737570706c6963616e74732077697468206e616d656420626c616465732077686f73650d
ORACLE_LINE	6	47	706f77657273206563686f207468726f7567686f7574206c6567656e642e20204c6561726e6564207761796661726572732063616e20726570726f6475636520626c61646573206f660d
ORACLE_LINE	6	48	656c76656e206c696e656167652c206861746564206f6620746865206f7263732c20776974686f757420746865206e65656420666f72207375636820696e74657276656e74696f6e2e0d
ORACLE_LINE	6	49	2c2f290d
ORACLE_LINE	6	50	546865726520617265206d616e792073746f72696573206f662061206d696768747920616d756c65742c20746865206f726967696e73206f662077686963682061726520736169640d
ORACLE_LINE	6	51	746f20626520616e6369656e742059656e646f722e20205468697320616d756c657420646f7468206861766520617765736f6d6520706f7765722c20616e642074686520676f64730d
ORACLE_LINE	6	52	6465736972652069742067726561746c792e20204d6f7274616c73206d6179737420746170206f6e6c7920706f7274696f6e73206f6620697473207465727269626c650d
ORACLE_LINE	6	53	6162696c69746965732e20205468652073746f726965732074656c6c206f66206d6f7274616c7320736565696e67207768617420746865697220657965732063616e6e6f740d
ORACLE_LINE	6	54	73656520616e64207365656b696e6720706c61636573206f66206d61676963616c207472616e73706f72746174696f6e2c207768696c6520686176696e6720746869730d
ORACLE_LINE	6	55	616d756c657420696e20746865697220706f7373657373696f6e2e20204f7468657273207361792061206d6f7274616c206d75737420776561722074686520616d756c657420746f0d
ORACLE_LINE	6	56	6f627461696e20746865736520706f776572732e202042757420766572696c792c207375636820706f77657220636f6d657320617420677265617420636f73742c20746f0d
ORACLE_LINE	6	57	7072657365727665207468652062616c616e63652e0d
ORACLE_LINE	6	58	2c2f290d
ORACLE_LINE	6	59	4974206973207361696420746861742074686f75206d61797374206761696e20656e74727920746f204d6f6c6f636827732073616e6374756172792c2069662074686f750d
ORACLE_LINE	6	60	6461726573742c2066726f6d206120706c616365207768657265207468652067726f756e642076696272617465746820696e20746865206465657065737420646570746873206f660d
ORACLE_LINE	6	61	476568656e6e6f6d2e202054686f75206e65656473206d75737420686176652074686520616964206f66207468726565206d61676963616c206974656d732e20205468650d
ORACLE_LINE	6	62	7075726520736f756e64206f6620612073696c7665722062656c6c207368616c6c20616e6e6f756e636520746865652e2020546865207465727269626c652072756e65732c0d
ORACLE_LINE	6	63	726561642066726f6d204d6f6c6f6368277320626f6f6b2c207368616c6c2063617573652074686520656172746820746f207472656d626c65206d69676874696c792e20205468650d
ORACLE_LINE	6	64	6c69676874206f6620616e20656e6368616e7465642063616e64656c616272756d207368616c6c2073686f77207468656520746865207761792e0d
ORACLE_LINE	6	65	2c2f290d
ORACLE_LINE	6	66	496e207468652064656570657374207265636573736573206f66207468652044756e67656f6e73206f6620446f6f6d2c206775617264696e672061636365737320746f207468650d
ORACLE_LINE	6	67	6e657468657220726567696f6e732c207468657265207374616e64657468206120636173746c652c207768657265696e206c6965746820612077616e64206f66207769736865732e0d
ORACLE_LINE	6	68	49662074686f7520776f756c647374206761696e20656e7472792c20626561722077697468207468656520616e20696e737472756d656e74206f66206d757369632c20666f72207468650d
ORACLE_LINE	6	69	706f6e746c65766973206d617920626520636861726d656420646f776e2077697468207468652070726f706572206d656c6f64792e202057686174206e6f74657320636f6d70726973650d
ORACLE_LINE	6	70	6974206f6e6c792074686520676f6473206b6e6f772c206275742061206d75736963616c206d61737465726d696e64206d61792079657420737563636565642062792077697466756c0d
ORACLE_LINE	6	71	696d70726f7669736174696f6e2e2020486f77657665722c20746865206c65737320706572737069636163696f757320617265206e6f7420776974686f7574207265636f757273652c0d
ORACLE_LINE	6	72	73686f756c64207468657920626520707265706172656420746f2063697263756d616d62756c6174652074686520636173746c6520746f2074686520706f737465726e2e0d
ORACLE_LINE	6	73	2c2f290d
ORACLE_LINE	6	74	54686520676f647320617265207361696420746f20626520706c6561736564207768656e206f66666572696e67732061726520676976656e20746f207468650d
ORACLE_LINE	6	75	707269657374732077686f20617474656e642074686569722074656d706c65732c20616e642074686579206d6179206772616e7420766172696f7573206661766f727320746f0d
ORACLE_LINE	6	76	74686f73652077686f20646f20736f2e202042757420626577617265212020546f20626520796f756e6720616e642066727567616c20697320626574746572207468616e20746f0d
ORACLE_LINE	6	77	6265206f6c6420616e64206d697365726c792e0d
ORACLE_LINE	6	78	2c2f290d
ORACLE_LINE	6	79	546865206e616d65206f6620456c626572657468206d617920737472696b65206665617220696e746f2074686520686561727473206f66207468696e6520656e656d6965732c2069660d
ORACLE_LINE	6	80	74686f7520646f73742077726974652069742075706f6e207468652067726f756e642061742074687920666565742e202049662074686f75206d61696e7461696e657374207468650d
ORACLE_LINE	6	81	75746d6f73742063616c6d2c20746879207361666574792077696c6c2062652061696465642067726561746c792c2062757420626577617265206c6573742074687920636c756d73790d
ORACLE_LINE	6	82	666565742073637566662074686520696e736372697074696f6e2c2063616e63656c6c696e672069747320706f74656e63652c206f722074687920776179776172640d
ORACLE_LINE	6	83	73776f72642d61726d20627265616b207468652074727563652e0d
ORACLE_LINE	6	84	2c2f290d
ORACLE_RESULT	6	85	82	1	20	20
ORACLE_LINE	7	0	546865206d6573736167652072656164733a
ORACLE_LINE	7	1	
ORACLE_LINE	7	2	5768696c652074686520636f6e73756d7074696f6e206f66206c697a61726420666c657368206f722077617465722062656c6f766564206f662074686520676f6473206d617920636c6561720d
ORACLE_LINE	7	3	746865206d7564646c656420686561642c20746865206170706c69636174696f6e206f662074686520686f726e206f662061206372656174757265206f662075746d6f7374207075726974790d
ORACLE_LINE	7	4	63616e20616c6c657669617465206d616e79206f74686572206166666c696374696f6e732061732077656c6c2e0d
ORACLE_LINE	7	5	2c2f290d
ORACLE_LINE	7	6	49662074686f7520776f756c6473742074726176656c20717569636b6c79206265747765656e2064697374616e74206c6f636174696f6e732c2074686f75206d7573742062650d
ORACLE_LINE	7	7	61626c6520746f20636f6e74726f6c207468792074656c65706f7274732c20616e6420696e206120636f6e6675736564207374617465206d69737265616420746865207363726f6c6c0d
ORACLE_LINE	7	8	776869636820757375616c6c792074656c65706f7274732074687973656c66206c6f63616c6c792e2020446172696e6720616476656e747572657273206861766520616c736f0d
ORACLE_LINE	7	9	706572666f726d6564207468652073616d6520666561742073616e73206e65656420666f72207363726f6c6c73206f7220706f74696f6e73206279207374657070696e6720696e746f0d
ORACLE_LINE	7	10	6120706172746963756c617220616d627573636164652e0d
ORACLE_LINE	7	11	2c2f290d
ORACLE_LINE	7	12	416c6d6f737420616c6c20616476656e7475726572732077686f20636f6d6520746869732077617920686f706520746f207061737320746865206472656164204d65647573612e2020546f0d
ORACLE_LINE	7	13	646f20746869732c2074686520626573742061647669636520697320746f206b656570207468696e65206579657320626c696e64666f6c64656420616e6420746f206361757365207468650d
ORACLE_LINE	7	14	637265617475726520746f206573707920697473206f776e207265666c656374696f6e20696e2061206d6972726f722e0d
ORACLE_LINE	7	15	2c2f290d
ORACLE_LINE	7	16	416e64207768657265206974206973207772697474656e2022616420616572617269756d222c2064696c6967656e7420736561726368696e672077696c6c206f6674656e2072657665616c0d
ORACLE_LINE	7	17	7468652077617920746f206120747261702077686963682073656e6473206f6e6520746f20746865204d61676963204d656d6f7279205661756c742c20776865726520746865207269636865730d
ORACLE_LINE	7	18	6f662043726f65737573206172652073746f7265643b20686f77657665722c206573636170696e672066726f6d20746865207661756c7420776974682069747320676f6c64206973206d7563680d
ORACLE_LINE	7	19	686172646572207468616e2067657474696e6720696e2e0d
ORACLE_LINE	7	20	2c2f290d
ORACLE_LINE	7	21	49742069732077656c6c206b6e6f776e20746861742077696c792073686f706b65657065727320726169736520746865697220707269636573207768656e6527657220746865790d
ORACLE_LINE	7	22	657370792074686520676172697368206170706172656c206f662074686520617070726f616368696e6720746f7572697374206f722074686520636f756e74656e616e6365206f6620610d
ORACLE_LINE	7	23	6469736661766f72656420706174726f6e2e202054686579206661766f72207468652067656e746c65206f66206d616e6e657220616e64207468652066616972206f6620666163652e0d
ORACLE_LINE	7	24	54686520626f6f72206d61792065787065637420756e70726f66697461626c65207472616e73616374696f6e732e0d
ORACLE_LINE	7	25	2c2f290d
ORACLE_LINE	7	26	54686520636c69636865206f6620746865206b69746368656e2073696e6b207377616c6c6f77696e6720616e7920756e666f7274756e6174652072696e6773207468617420636f6e746163740d
ORACLE_LINE	7	27	697473207065726e6963696f75732073757266616365207265666c6563746574682067726561746572207472757468207468616e206d616e7920686f6d696c6965732c207965740d
ORACLE_LINE	7	28	6576656e20736f2c20666577206861766520646576656c6f7065642074686520736b696c6c20746f206964656e7469667920656e6368616e7465642072696e6773206279207468650d
ORACLE_LINE	7	29	7472616e7366696775726174696f6e732065666665637465642075706f6e2074686520766f726163696f7573206465766963652773206672616d652e0d
ORACLE_LINE	7	30	2c2f290d
ORACLE_LINE	7	31	546865206d656174206f6620656e6368616e74656420637265617475726573206f667474696d657320636f6e766579657468206d61676963616c2070726f706572746965730d
ORACLE_LINE	7	32	756e746f2074686520636f6e73756d65722e20204120667265736820636f72707365206f6620666c6f6174696e672065796520646f7468206665746368206120686967680d
ORACLE_LINE	7	33	707269636520616d6f6e672077697a6172647320666f7220697473207574696c69747920696e20636f6e66657272696e672054656c6570617468792c2062792077686963680d
ORACLE_LINE	7	34	7468652073696768746c657373206d6179206c6f6361746520737572726f756e64696e67206d696e64732e0d
ORACLE_LINE	7	35	2c2f290d
ORACLE_LINE	7	36	54686520646574656374696f6e206f6620626c657373696e677320616e642063757273657320697320696e2074686520646f6d61696e206f662074686520676f64732e2020546865792077696c6c0d
ORACLE_LINE	7	37	
ORACLE_LINE	7	38	6d616b65207468697320696e666f726d6174696f6e20617661696c61626c6520746f206d6f7274616c732077686f207265717565737420697420617420746865697220706c61636573206f660d
ORACLE_LINE	7	39	776f72736869702c206f7220656c7365776865726520666f722074686f7365206d6f7274616c732077686f206465766f7465207468656d73656c76657320746f2074686520736572766963650d
ORACLE_LINE	7	40	6f662074686520676f64732e0d
ORACLE_LINE	7	41	2c2f290d
ORACLE_LINE	7	42	41742074696d65732c2074686520676f6473206d6179206661766f7220776f7274687920737570706c6963616e74732077697468206e616d656420626c616465732077686f73650d
ORACLE_LINE	7	43	706f77657273206563686f207468726f7567686f7574206c6567656e642e20204c6561726e6564207761796661726572732063616e20726570726f6475636520626c61646573206f660d
ORACLE_LINE	7	44	656c76656e206c696e656167652c206861746564206f6620746865206f7263732c20776974686f757420746865206e65656420666f72207375636820696e74657276656e74696f6e2e0d
ORACLE_LINE	7	45	2c2f290d
ORACLE_LINE	7	46	546865726520617265206d616e792073746f72696573206f662061206d696768747920616d756c65742c20746865206f726967696e73206f662077686963682061726520736169640d
ORACLE_LINE	7	47	746f20626520616e6369656e742059656e646f722e20205468697320616d756c657420646f7468206861766520617765736f6d6520706f7765722c20616e642074686520676f64730d
ORACLE_LINE	7	48	6465736972652069742067726561746c792e20204d6f7274616c73206d6179737420746170206f6e6c7920706f7274696f6e73206f6620697473207465727269626c650d
ORACLE_LINE	7	49	6162696c69746965732e20205468652073746f726965732074656c6c206f66206d6f7274616c7320736565696e67207768617420746865697220657965732063616e6e6f740d
ORACLE_LINE	7	50	73656520616e64207365656b696e6720706c61636573206f66206d61676963616c207472616e73706f72746174696f6e2c207768696c6520686176696e6720746869730d
ORACLE_LINE	7	51	616d756c657420696e20746865697220706f7373657373696f6e2e20204f7468657273207361792061206d6f7274616c206d75737420776561722074686520616d756c657420746f0d
ORACLE_LINE	7	52	6f627461696e20746865736520706f776572732e202042757420766572696c792c207375636820706f77657220636f6d657320617420677265617420636f73742c20746f0d
ORACLE_LINE	7	53	7072657365727665207468652062616c616e63652e0d
ORACLE_LINE	7	54	2c2f290d
ORACLE_LINE	7	55	4974206973207361696420746861742074686f75206d61797374206761696e20656e74727920746f204d6f6c6f636827732073616e6374756172792c2069662074686f750d
ORACLE_LINE	7	56	6461726573742c2066726f6d206120706c616365207768657265207468652067726f756e642076696272617465746820696e20746865206465657065737420646570746873206f660d
ORACLE_LINE	7	57	476568656e6e6f6d2e202054686f75206e65656473206d75737420686176652074686520616964206f66207468726565206d61676963616c206974656d732e20205468650d
ORACLE_LINE	7	58	7075726520736f756e64206f6620612073696c7665722062656c6c207368616c6c20616e6e6f756e636520746865652e2020546865207465727269626c652072756e65732c0d
ORACLE_LINE	7	59	726561642066726f6d204d6f6c6f6368277320626f6f6b2c207368616c6c2063617573652074686520656172746820746f207472656d626c65206d69676874696c792e20205468650d
ORACLE_LINE	7	60	6c69676874206f6620616e20656e6368616e7465642063616e64656c616272756d207368616c6c2073686f77207468656520746865207761792e0d
ORACLE_LINE	7	61	2c2f290d
ORACLE_LINE	7	62	496e207468652064656570657374207265636573736573206f66207468652044756e67656f6e73206f6620446f6f6d2c206775617264696e672061636365737320746f207468650d
ORACLE_LINE	7	63	6e657468657220726567696f6e732c207468657265207374616e64657468206120636173746c652c207768657265696e206c6965746820612077616e64206f66207769736865732e0d
ORACLE_LINE	7	64	49662074686f7520776f756c647374206761696e20656e7472792c20626561722077697468207468656520616e20696e737472756d656e74206f66206d757369632c20666f72207468650d
ORACLE_LINE	7	65	706f6e746c65766973206d617920626520636861726d656420646f776e2077697468207468652070726f706572206d656c6f64792e202057686174206e6f74657320636f6d70726973650d
ORACLE_LINE	7	66	6974206f6e6c792074686520676f6473206b6e6f772c206275742061206d75736963616c206d61737465726d696e64206d61792079657420737563636565642062792077697466756c0d
ORACLE_LINE	7	67	696d70726f7669736174696f6e2e2020486f77657665722c20746865206c65737320706572737069636163696f757320617265206e6f7420776974686f7574207265636f757273652c0d
ORACLE_LINE	7	68	73686f756c64207468657920626520707265706172656420746f2063697263756d616d62756c6174652074686520636173746c6520746f2074686520706f737465726e2e0d
ORACLE_LINE	7	69	2c2f290d
ORACLE_LINE	7	70	54686520676f647320617265207361696420746f20626520706c6561736564207768656e206f66666572696e67732061726520676976656e20746f207468650d
ORACLE_LINE	7	71	707269657374732077686f20617474656e642074686569722074656d706c65732c20616e642074686579206d6179206772616e7420766172696f7573206661766f727320746f0d
ORACLE_LINE	7	72	74686f73652077686f20646f20736f2e202042757420626577617265212020546f20626520796f756e6720616e642066727567616c20697320626574746572207468616e20746f0d
ORACLE_LINE	7	73	6265206f6c6420616e64206d697365726c792e0d
ORACLE_LINE	7	74	2c2f290d
ORACLE_LINE	7	75	546865206e616d65206f6620456c626572657468206d617920737472696b65206665617220696e746f2074686520686561727473206f66207468696e6520656e656d6965732c2069660d
ORACLE_LINE	7	76	74686f7520646f73742077726974652069742075706f6e207468652067726f756e642061742074687920666565742e202049662074686f75206d61696e7461696e657374207468650d
ORACLE_LINE	7	77	75746d6f73742063616c6d2c20746879207361666574792077696c6c2062652061696465642067726561746c792c2062757420626577617265206c6573742074687920636c756d73790d
ORACLE_LINE	7	78	666565742073637566662074686520696e736372697074696f6e2c2063616e63656c6c696e672069747320706f74656e63652c206f722074687920776179776172640d
ORACLE_LINE	7	79	73776f72642d61726d20627265616b207468652074727563652e0d
ORACLE_LINE	7	80	2c2f290d
ORACLE_RESULT	7	81	78	1	20	20
ORACLE_LINE	8	0	546865206d6573736167652072656164733a
ORACLE_LINE	8	1	
ORACLE_LINE	8	2	49662074686f7520776f756c6473742074726176656c20717569636b6c79206265747765656e2064697374616e74206c6f636174696f6e732c2074686f75206d7573742062650d
ORACLE_LINE	8	3	61626c6520746f20636f6e74726f6c207468792074656c65706f7274732c20616e6420696e206120636f6e6675736564207374617465206d69737265616420746865207363726f6c6c0d
ORACLE_LINE	8	4	776869636820757375616c6c792074656c65706f7274732074687973656c66206c6f63616c6c792e2020446172696e6720616476656e747572657273206861766520616c736f0d
ORACLE_LINE	8	5	706572666f726d6564207468652073616d6520666561742073616e73206e65656420666f72207363726f6c6c73206f7220706f74696f6e73206279207374657070696e6720696e746f0d
ORACLE_LINE	8	6	6120706172746963756c617220616d627573636164652e0d
ORACLE_LINE	8	7	2c2f290d
ORACLE_LINE	8	8	416c6d6f737420616c6c20616476656e7475726572732077686f20636f6d6520746869732077617920686f706520746f207061737320746865206472656164204d65647573612e2020546f0d
ORACLE_LINE	8	9	646f20746869732c2074686520626573742061647669636520697320746f206b656570207468696e65206579657320626c696e64666f6c64656420616e6420746f206361757365207468650d
ORACLE_LINE	8	10	637265617475726520746f206573707920697473206f776e207265666c656374696f6e20696e2061206d6972726f722e0d
ORACLE_LINE	8	11	2c2f290d
ORACLE_LINE	8	12	416e64207768657265206974206973207772697474656e2022616420616572617269756d222c2064696c6967656e7420736561726368696e672077696c6c206f6674656e2072657665616c0d
ORACLE_LINE	8	13	7468652077617920746f206120747261702077686963682073656e6473206f6e6520746f20746865204d61676963204d656d6f7279205661756c742c20776865726520746865207269636865730d
ORACLE_LINE	8	14	6f662043726f65737573206172652073746f7265643b20686f77657665722c206573636170696e672066726f6d20746865207661756c7420776974682069747320676f6c64206973206d7563680d
ORACLE_LINE	8	15	686172646572207468616e2067657474696e6720696e2e0d
ORACLE_LINE	8	16	2c2f290d
ORACLE_LINE	8	17	49742069732077656c6c206b6e6f776e20746861742077696c792073686f706b65657065727320726169736520746865697220707269636573207768656e6527657220746865790d
ORACLE_LINE	8	18	657370792074686520676172697368206170706172656c206f662074686520617070726f616368696e6720746f7572697374206f722074686520636f756e74656e616e6365206f6620610d
ORACLE_LINE	8	19	6469736661766f72656420706174726f6e2e202054686579206661766f72207468652067656e746c65206f66206d616e6e657220616e64207468652066616972206f6620666163652e0d
ORACLE_LINE	8	20	54686520626f6f72206d61792065787065637420756e70726f66697461626c65207472616e73616374696f6e732e0d
ORACLE_LINE	8	21	2c2f290d
ORACLE_LINE	8	22	54686520636c69636865206f6620746865206b69746368656e2073696e6b207377616c6c6f77696e6720616e7920756e666f7274756e6174652072696e6773207468617420636f6e746163740d
ORACLE_LINE	8	23	697473207065726e6963696f75732073757266616365207265666c6563746574682067726561746572207472757468207468616e206d616e7920686f6d696c6965732c207965740d
ORACLE_LINE	8	24	6576656e20736f2c20666577206861766520646576656c6f7065642074686520736b696c6c20746f206964656e7469667920656e6368616e7465642072696e6773206279207468650d
ORACLE_LINE	8	25	7472616e7366696775726174696f6e732065666665637465642075706f6e2074686520766f726163696f7573206465766963652773206672616d652e0d
ORACLE_LINE	8	26	2c2f290d
ORACLE_LINE	8	27	546865206d656174206f6620656e6368616e74656420637265617475726573206f667474696d657320636f6e766579657468206d61676963616c2070726f706572746965730d
ORACLE_LINE	8	28	756e746f2074686520636f6e73756d65722e20204120667265736820636f72707365206f6620666c6f6174696e672065796520646f7468206665746368206120686967680d
ORACLE_LINE	8	29	707269636520616d6f6e672077697a6172647320666f7220697473207574696c69747920696e20636f6e66657272696e672054656c6570617468792c2062792077686963680d
ORACLE_LINE	8	30	7468652073696768746c657373206d6179206c6f6361746520737572726f756e64696e67206d696e64732e0d
ORACLE_LINE	8	31	2c2f290d
ORACLE_LINE	8	32	54686520646574656374696f6e206f6620626c657373696e677320616e642063757273657320697320696e2074686520646f6d61696e206f662074686520676f64732e2020546865792077696c6c0d
ORACLE_LINE	8	33	
ORACLE_LINE	8	34	6d616b65207468697320696e666f726d6174696f6e20617661696c61626c6520746f206d6f7274616c732077686f207265717565737420697420617420746865697220706c61636573206f660d
ORACLE_LINE	8	35	776f72736869702c206f7220656c7365776865726520666f722074686f7365206d6f7274616c732077686f206465766f7465207468656d73656c76657320746f2074686520736572766963650d
ORACLE_LINE	8	36	6f662074686520676f64732e0d
ORACLE_LINE	8	37	2c2f290d
ORACLE_LINE	8	38	41742074696d65732c2074686520676f6473206d6179206661766f7220776f7274687920737570706c6963616e74732077697468206e616d656420626c616465732077686f73650d
ORACLE_LINE	8	39	706f77657273206563686f207468726f7567686f7574206c6567656e642e20204c6561726e6564207761796661726572732063616e20726570726f6475636520626c61646573206f660d
ORACLE_LINE	8	40	656c76656e206c696e656167652c206861746564206f6620746865206f7263732c20776974686f757420746865206e65656420666f72207375636820696e74657276656e74696f6e2e0d
ORACLE_LINE	8	41	2c2f290d
ORACLE_LINE	8	42	546865726520617265206d616e792073746f72696573206f662061206d696768747920616d756c65742c20746865206f726967696e73206f662077686963682061726520736169640d
ORACLE_LINE	8	43	746f20626520616e6369656e742059656e646f722e20205468697320616d756c657420646f7468206861766520617765736f6d6520706f7765722c20616e642074686520676f64730d
ORACLE_LINE	8	44	6465736972652069742067726561746c792e20204d6f7274616c73206d6179737420746170206f6e6c7920706f7274696f6e73206f6620697473207465727269626c650d
ORACLE_LINE	8	45	6162696c69746965732e20205468652073746f726965732074656c6c206f66206d6f7274616c7320736565696e67207768617420746865697220657965732063616e6e6f740d
ORACLE_LINE	8	46	73656520616e64207365656b696e6720706c61636573206f66206d61676963616c207472616e73706f72746174696f6e2c207768696c6520686176696e6720746869730d
ORACLE_LINE	8	47	616d756c657420696e20746865697220706f7373657373696f6e2e20204f7468657273207361792061206d6f7274616c206d75737420776561722074686520616d756c657420746f0d
ORACLE_LINE	8	48	6f627461696e20746865736520706f776572732e202042757420766572696c792c207375636820706f77657220636f6d657320617420677265617420636f73742c20746f0d
ORACLE_LINE	8	49	7072657365727665207468652062616c616e63652e0d
ORACLE_LINE	8	50	2c2f290d
ORACLE_LINE	8	51	4974206973207361696420746861742074686f75206d61797374206761696e20656e74727920746f204d6f6c6f636827732073616e6374756172792c2069662074686f750d
ORACLE_LINE	8	52	6461726573742c2066726f6d206120706c616365207768657265207468652067726f756e642076696272617465746820696e20746865206465657065737420646570746873206f660d
ORACLE_LINE	8	53	476568656e6e6f6d2e202054686f75206e65656473206d75737420686176652074686520616964206f66207468726565206d61676963616c206974656d732e20205468650d
ORACLE_LINE	8	54	7075726520736f756e64206f6620612073696c7665722062656c6c207368616c6c20616e6e6f756e636520746865652e2020546865207465727269626c652072756e65732c0d
ORACLE_LINE	8	55	726561642066726f6d204d6f6c6f6368277320626f6f6b2c207368616c6c2063617573652074686520656172746820746f207472656d626c65206d69676874696c792e20205468650d
ORACLE_LINE	8	56	6c69676874206f6620616e20656e6368616e7465642063616e64656c616272756d207368616c6c2073686f77207468656520746865207761792e0d
ORACLE_LINE	8	57	2c2f290d
ORACLE_LINE	8	58	496e207468652064656570657374207265636573736573206f66207468652044756e67656f6e73206f6620446f6f6d2c206775617264696e672061636365737320746f207468650d
ORACLE_LINE	8	59	6e657468657220726567696f6e732c207468657265207374616e64657468206120636173746c652c207768657265696e206c6965746820612077616e64206f66207769736865732e0d
ORACLE_LINE	8	60	49662074686f7520776f756c647374206761696e20656e7472792c20626561722077697468207468656520616e20696e737472756d656e74206f66206d757369632c20666f72207468650d
ORACLE_LINE	8	61	706f6e746c65766973206d617920626520636861726d656420646f776e2077697468207468652070726f706572206d656c6f64792e202057686174206e6f74657320636f6d70726973650d
ORACLE_LINE	8	62	6974206f6e6c792074686520676f6473206b6e6f772c206275742061206d75736963616c206d61737465726d696e64206d61792079657420737563636565642062792077697466756c0d
ORACLE_LINE	8	63	696d70726f7669736174696f6e2e2020486f77657665722c20746865206c65737320706572737069636163696f757320617265206e6f7420776974686f7574207265636f757273652c0d
ORACLE_LINE	8	64	73686f756c64207468657920626520707265706172656420746f2063697263756d616d62756c6174652074686520636173746c6520746f2074686520706f737465726e2e0d
ORACLE_LINE	8	65	2c2f290d
ORACLE_LINE	8	66	54686520676f647320617265207361696420746f20626520706c6561736564207768656e206f66666572696e67732061726520676976656e20746f207468650d
ORACLE_LINE	8	67	707269657374732077686f20617474656e642074686569722074656d706c65732c20616e642074686579206d6179206772616e7420766172696f7573206661766f727320746f0d
ORACLE_LINE	8	68	74686f73652077686f20646f20736f2e202042757420626577617265212020546f20626520796f756e6720616e642066727567616c20697320626574746572207468616e20746f0d
ORACLE_LINE	8	69	6265206f6c6420616e64206d697365726c792e0d
ORACLE_LINE	8	70	2c2f290d
ORACLE_LINE	8	71	546865206e616d65206f6620456c626572657468206d617920737472696b65206665617220696e746f2074686520686561727473206f66207468696e6520656e656d6965732c2069660d
ORACLE_LINE	8	72	74686f7520646f73742077726974652069742075706f6e207468652067726f756e642061742074687920666565742e202049662074686f75206d61696e7461696e657374207468650d
ORACLE_LINE	8	73	75746d6f73742063616c6d2c20746879207361666574792077696c6c2062652061696465642067726561746c792c2062757420626577617265206c6573742074687920636c756d73790d
ORACLE_LINE	8	74	666565742073637566662074686520696e736372697074696f6e2c2063616e63656c6c696e672069747320706f74656e63652c206f722074687920776179776172640d
ORACLE_LINE	8	75	73776f72642d61726d20627265616b207468652074727563652e0d
ORACLE_LINE	8	76	2c2f290d
ORACLE_RESULT	8	77	74	1	20	20
ORACLE_LINE	9	0	546865206d6573736167652072656164733a
ORACLE_LINE	9	1	
ORACLE_LINE	9	2	416c6d6f737420616c6c20616476656e7475726572732077686f20636f6d6520746869732077617920686f706520746f207061737320746865206472656164204d65647573612e2020546f0d
ORACLE_LINE	9	3	646f20746869732c2074686520626573742061647669636520697320746f206b656570207468696e65206579657320626c696e64666f6c64656420616e6420746f206361757365207468650d
ORACLE_LINE	9	4	637265617475726520746f206573707920697473206f776e207265666c656374696f6e20696e2061206d6972726f722e0d
ORACLE_LINE	9	5	2c2f290d
ORACLE_LINE	9	6	416e64207768657265206974206973207772697474656e2022616420616572617269756d222c2064696c6967656e7420736561726368696e672077696c6c206f6674656e2072657665616c0d
ORACLE_LINE	9	7	7468652077617920746f206120747261702077686963682073656e6473206f6e6520746f20746865204d61676963204d656d6f7279205661756c742c20776865726520746865207269636865730d
ORACLE_LINE	9	8	6f662043726f65737573206172652073746f7265643b20686f77657665722c206573636170696e672066726f6d20746865207661756c7420776974682069747320676f6c64206973206d7563680d
ORACLE_LINE	9	9	686172646572207468616e2067657474696e6720696e2e0d
ORACLE_LINE	9	10	2c2f290d
ORACLE_LINE	9	11	49742069732077656c6c206b6e6f776e20746861742077696c792073686f706b65657065727320726169736520746865697220707269636573207768656e6527657220746865790d
ORACLE_LINE	9	12	657370792074686520676172697368206170706172656c206f662074686520617070726f616368696e6720746f7572697374206f722074686520636f756e74656e616e6365206f6620610d
ORACLE_LINE	9	13	6469736661766f72656420706174726f6e2e202054686579206661766f72207468652067656e746c65206f66206d616e6e657220616e64207468652066616972206f6620666163652e0d
ORACLE_LINE	9	14	54686520626f6f72206d61792065787065637420756e70726f66697461626c65207472616e73616374696f6e732e0d
ORACLE_LINE	9	15	2c2f290d
ORACLE_LINE	9	16	54686520636c69636865206f6620746865206b69746368656e2073696e6b207377616c6c6f77696e6720616e7920756e666f7274756e6174652072696e6773207468617420636f6e746163740d
ORACLE_LINE	9	17	697473207065726e6963696f75732073757266616365207265666c6563746574682067726561746572207472757468207468616e206d616e7920686f6d696c6965732c207965740d
ORACLE_LINE	9	18	6576656e20736f2c20666577206861766520646576656c6f7065642074686520736b696c6c20746f206964656e7469667920656e6368616e7465642072696e6773206279207468650d
ORACLE_LINE	9	19	7472616e7366696775726174696f6e732065666665637465642075706f6e2074686520766f726163696f7573206465766963652773206672616d652e0d
ORACLE_LINE	9	20	2c2f290d
ORACLE_LINE	9	21	546865206d656174206f6620656e6368616e74656420637265617475726573206f667474696d657320636f6e766579657468206d61676963616c2070726f706572746965730d
ORACLE_LINE	9	22	756e746f2074686520636f6e73756d65722e20204120667265736820636f72707365206f6620666c6f6174696e672065796520646f7468206665746368206120686967680d
ORACLE_LINE	9	23	707269636520616d6f6e672077697a6172647320666f7220697473207574696c69747920696e20636f6e66657272696e672054656c6570617468792c2062792077686963680d
ORACLE_LINE	9	24	7468652073696768746c657373206d6179206c6f6361746520737572726f756e64696e67206d696e64732e0d
ORACLE_LINE	9	25	2c2f290d
ORACLE_LINE	9	26	54686520646574656374696f6e206f6620626c657373696e677320616e642063757273657320697320696e2074686520646f6d61696e206f662074686520676f64732e2020546865792077696c6c0d
ORACLE_LINE	9	27	
ORACLE_LINE	9	28	6d616b65207468697320696e666f726d6174696f6e20617661696c61626c6520746f206d6f7274616c732077686f207265717565737420697420617420746865697220706c61636573206f660d
ORACLE_LINE	9	29	776f72736869702c206f7220656c7365776865726520666f722074686f7365206d6f7274616c732077686f206465766f7465207468656d73656c76657320746f2074686520736572766963650d
ORACLE_LINE	9	30	6f662074686520676f64732e0d
ORACLE_LINE	9	31	2c2f290d
ORACLE_LINE	9	32	41742074696d65732c2074686520676f6473206d6179206661766f7220776f7274687920737570706c6963616e74732077697468206e616d656420626c616465732077686f73650d
ORACLE_LINE	9	33	706f77657273206563686f207468726f7567686f7574206c6567656e642e20204c6561726e6564207761796661726572732063616e20726570726f6475636520626c61646573206f660d
ORACLE_LINE	9	34	656c76656e206c696e656167652c206861746564206f6620746865206f7263732c20776974686f757420746865206e65656420666f72207375636820696e74657276656e74696f6e2e0d
ORACLE_LINE	9	35	2c2f290d
ORACLE_LINE	9	36	546865726520617265206d616e792073746f72696573206f662061206d696768747920616d756c65742c20746865206f726967696e73206f662077686963682061726520736169640d
ORACLE_LINE	9	37	746f20626520616e6369656e742059656e646f722e20205468697320616d756c657420646f7468206861766520617765736f6d6520706f7765722c20616e642074686520676f64730d
ORACLE_LINE	9	38	6465736972652069742067726561746c792e20204d6f7274616c73206d6179737420746170206f6e6c7920706f7274696f6e73206f6620697473207465727269626c650d
ORACLE_LINE	9	39	6162696c69746965732e20205468652073746f726965732074656c6c206f66206d6f7274616c7320736565696e67207768617420746865697220657965732063616e6e6f740d
ORACLE_LINE	9	40	73656520616e64207365656b696e6720706c61636573206f66206d61676963616c207472616e73706f72746174696f6e2c207768696c6520686176696e6720746869730d
ORACLE_LINE	9	41	616d756c657420696e20746865697220706f7373657373696f6e2e20204f7468657273207361792061206d6f7274616c206d75737420776561722074686520616d756c657420746f0d
ORACLE_LINE	9	42	6f627461696e20746865736520706f776572732e202042757420766572696c792c207375636820706f77657220636f6d657320617420677265617420636f73742c20746f0d
ORACLE_LINE	9	43	7072657365727665207468652062616c616e63652e0d
ORACLE_LINE	9	44	2c2f290d
ORACLE_LINE	9	45	4974206973207361696420746861742074686f75206d61797374206761696e20656e74727920746f204d6f6c6f636827732073616e6374756172792c2069662074686f750d
ORACLE_LINE	9	46	6461726573742c2066726f6d206120706c616365207768657265207468652067726f756e642076696272617465746820696e20746865206465657065737420646570746873206f660d
ORACLE_LINE	9	47	476568656e6e6f6d2e202054686f75206e65656473206d75737420686176652074686520616964206f66207468726565206d61676963616c206974656d732e20205468650d
ORACLE_LINE	9	48	7075726520736f756e64206f6620612073696c7665722062656c6c207368616c6c20616e6e6f756e636520746865652e2020546865207465727269626c652072756e65732c0d
ORACLE_LINE	9	49	726561642066726f6d204d6f6c6f6368277320626f6f6b2c207368616c6c2063617573652074686520656172746820746f207472656d626c65206d69676874696c792e20205468650d
ORACLE_LINE	9	50	6c69676874206f6620616e20656e6368616e7465642063616e64656c616272756d207368616c6c2073686f77207468656520746865207761792e0d
ORACLE_LINE	9	51	2c2f290d
ORACLE_LINE	9	52	496e207468652064656570657374207265636573736573206f66207468652044756e67656f6e73206f6620446f6f6d2c206775617264696e672061636365737320746f207468650d
ORACLE_LINE	9	53	6e657468657220726567696f6e732c207468657265207374616e64657468206120636173746c652c207768657265696e206c6965746820612077616e64206f66207769736865732e0d
ORACLE_LINE	9	54	49662074686f7520776f756c647374206761696e20656e7472792c20626561722077697468207468656520616e20696e737472756d656e74206f66206d757369632c20666f72207468650d
ORACLE_LINE	9	55	706f6e746c65766973206d617920626520636861726d656420646f776e2077697468207468652070726f706572206d656c6f64792e202057686174206e6f74657320636f6d70726973650d
ORACLE_LINE	9	56	6974206f6e6c792074686520676f6473206b6e6f772c206275742061206d75736963616c206d61737465726d696e64206d61792079657420737563636565642062792077697466756c0d
ORACLE_LINE	9	57	696d70726f7669736174696f6e2e2020486f77657665722c20746865206c65737320706572737069636163696f757320617265206e6f7420776974686f7574207265636f757273652c0d
ORACLE_LINE	9	58	73686f756c64207468657920626520707265706172656420746f2063697263756d616d62756c6174652074686520636173746c6520746f2074686520706f737465726e2e0d
ORACLE_LINE	9	59	2c2f290d
ORACLE_LINE	9	60	54686520676f647320617265207361696420746f20626520706c6561736564207768656e206f66666572696e67732061726520676976656e20746f207468650d
ORACLE_LINE	9	61	707269657374732077686f20617474656e642074686569722074656d706c65732c20616e642074686579206d6179206772616e7420766172696f7573206661766f727320746f0d
ORACLE_LINE	9	62	74686f73652077686f20646f20736f2e202042757420626577617265212020546f20626520796f756e6720616e642066727567616c20697320626574746572207468616e20746f0d
ORACLE_LINE	9	63	6265206f6c6420616e64206d697365726c792e0d
ORACLE_LINE	9	64	2c2f290d
ORACLE_LINE	9	65	546865206e616d65206f6620456c626572657468206d617920737472696b65206665617220696e746f2074686520686561727473206f66207468696e6520656e656d6965732c2069660d
ORACLE_LINE	9	66	74686f7520646f73742077726974652069742075706f6e207468652067726f756e642061742074687920666565742e202049662074686f75206d61696e7461696e657374207468650d
ORACLE_LINE	9	67	75746d6f73742063616c6d2c20746879207361666574792077696c6c2062652061696465642067726561746c792c2062757420626577617265206c6573742074687920636c756d73790d
ORACLE_LINE	9	68	666565742073637566662074686520696e736372697074696f6e2c2063616e63656c6c696e672069747320706f74656e63652c206f722074687920776179776172640d
ORACLE_LINE	9	69	73776f72642d61726d20627265616b207468652074727563652e0d
ORACLE_LINE	9	70	2c2f290d
ORACLE_RESULT	9	71	68	1	20	20
ORACLE_LINE	10	0	546865206d6573736167652072656164733a
ORACLE_LINE	10	1	
ORACLE_LINE	10	2	416e64207768657265206974206973207772697474656e2022616420616572617269756d222c2064696c6967656e7420736561726368696e672077696c6c206f6674656e2072657665616c0d
ORACLE_LINE	10	3	7468652077617920746f206120747261702077686963682073656e6473206f6e6520746f20746865204d61676963204d656d6f7279205661756c742c20776865726520746865207269636865730d
ORACLE_LINE	10	4	6f662043726f65737573206172652073746f7265643b20686f77657665722c206573636170696e672066726f6d20746865207661756c7420776974682069747320676f6c64206973206d7563680d
ORACLE_LINE	10	5	686172646572207468616e2067657474696e6720696e2e0d
ORACLE_LINE	10	6	2c2f290d
ORACLE_LINE	10	7	49742069732077656c6c206b6e6f776e20746861742077696c792073686f706b65657065727320726169736520746865697220707269636573207768656e6527657220746865790d
ORACLE_LINE	10	8	657370792074686520676172697368206170706172656c206f662074686520617070726f616368696e6720746f7572697374206f722074686520636f756e74656e616e6365206f6620610d
ORACLE_LINE	10	9	6469736661766f72656420706174726f6e2e202054686579206661766f72207468652067656e746c65206f66206d616e6e657220616e64207468652066616972206f6620666163652e0d
ORACLE_LINE	10	10	54686520626f6f72206d61792065787065637420756e70726f66697461626c65207472616e73616374696f6e732e0d
ORACLE_LINE	10	11	2c2f290d
ORACLE_LINE	10	12	54686520636c69636865206f6620746865206b69746368656e2073696e6b207377616c6c6f77696e6720616e7920756e666f7274756e6174652072696e6773207468617420636f6e746163740d
ORACLE_LINE	10	13	697473207065726e6963696f75732073757266616365207265666c6563746574682067726561746572207472757468207468616e206d616e7920686f6d696c6965732c207965740d
ORACLE_LINE	10	14	6576656e20736f2c20666577206861766520646576656c6f7065642074686520736b696c6c20746f206964656e7469667920656e6368616e7465642072696e6773206279207468650d
ORACLE_LINE	10	15	7472616e7366696775726174696f6e732065666665637465642075706f6e2074686520766f726163696f7573206465766963652773206672616d652e0d
ORACLE_LINE	10	16	2c2f290d
ORACLE_LINE	10	17	546865206d656174206f6620656e6368616e74656420637265617475726573206f667474696d657320636f6e766579657468206d61676963616c2070726f706572746965730d
ORACLE_LINE	10	18	756e746f2074686520636f6e73756d65722e20204120667265736820636f72707365206f6620666c6f6174696e672065796520646f7468206665746368206120686967680d
ORACLE_LINE	10	19	707269636520616d6f6e672077697a6172647320666f7220697473207574696c69747920696e20636f6e66657272696e672054656c6570617468792c2062792077686963680d
ORACLE_LINE	10	20	7468652073696768746c657373206d6179206c6f6361746520737572726f756e64696e67206d696e64732e0d
ORACLE_LINE	10	21	2c2f290d
ORACLE_LINE	10	22	54686520646574656374696f6e206f6620626c657373696e677320616e642063757273657320697320696e2074686520646f6d61696e206f662074686520676f64732e2020546865792077696c6c0d
ORACLE_LINE	10	23	
ORACLE_LINE	10	24	6d616b65207468697320696e666f726d6174696f6e20617661696c61626c6520746f206d6f7274616c732077686f207265717565737420697420617420746865697220706c61636573206f660d
ORACLE_LINE	10	25	776f72736869702c206f7220656c7365776865726520666f722074686f7365206d6f7274616c732077686f206465766f7465207468656d73656c76657320746f2074686520736572766963650d
ORACLE_LINE	10	26	6f662074686520676f64732e0d
ORACLE_LINE	10	27	2c2f290d
ORACLE_LINE	10	28	41742074696d65732c2074686520676f6473206d6179206661766f7220776f7274687920737570706c6963616e74732077697468206e616d656420626c616465732077686f73650d
ORACLE_LINE	10	29	706f77657273206563686f207468726f7567686f7574206c6567656e642e20204c6561726e6564207761796661726572732063616e20726570726f6475636520626c61646573206f660d
ORACLE_LINE	10	30	656c76656e206c696e656167652c206861746564206f6620746865206f7263732c20776974686f757420746865206e65656420666f72207375636820696e74657276656e74696f6e2e0d
ORACLE_LINE	10	31	2c2f290d
ORACLE_LINE	10	32	546865726520617265206d616e792073746f72696573206f662061206d696768747920616d756c65742c20746865206f726967696e73206f662077686963682061726520736169640d
ORACLE_LINE	10	33	746f20626520616e6369656e742059656e646f722e20205468697320616d756c657420646f7468206861766520617765736f6d6520706f7765722c20616e642074686520676f64730d
ORACLE_LINE	10	34	6465736972652069742067726561746c792e20204d6f7274616c73206d6179737420746170206f6e6c7920706f7274696f6e73206f6620697473207465727269626c650d
ORACLE_LINE	10	35	6162696c69746965732e20205468652073746f726965732074656c6c206f66206d6f7274616c7320736565696e67207768617420746865697220657965732063616e6e6f740d
ORACLE_LINE	10	36	73656520616e64207365656b696e6720706c61636573206f66206d61676963616c207472616e73706f72746174696f6e2c207768696c6520686176696e6720746869730d
ORACLE_LINE	10	37	616d756c657420696e20746865697220706f7373657373696f6e2e20204f7468657273207361792061206d6f7274616c206d75737420776561722074686520616d756c657420746f0d
ORACLE_LINE	10	38	6f627461696e20746865736520706f776572732e202042757420766572696c792c207375636820706f77657220636f6d657320617420677265617420636f73742c20746f0d
ORACLE_LINE	10	39	7072657365727665207468652062616c616e63652e0d
ORACLE_LINE	10	40	2c2f290d
ORACLE_LINE	10	41	4974206973207361696420746861742074686f75206d61797374206761696e20656e74727920746f204d6f6c6f636827732073616e6374756172792c2069662074686f750d
ORACLE_LINE	10	42	6461726573742c2066726f6d206120706c616365207768657265207468652067726f756e642076696272617465746820696e20746865206465657065737420646570746873206f660d
ORACLE_LINE	10	43	476568656e6e6f6d2e202054686f75206e65656473206d75737420686176652074686520616964206f66207468726565206d61676963616c206974656d732e20205468650d
ORACLE_LINE	10	44	7075726520736f756e64206f6620612073696c7665722062656c6c207368616c6c20616e6e6f756e636520746865652e2020546865207465727269626c652072756e65732c0d
ORACLE_LINE	10	45	726561642066726f6d204d6f6c6f6368277320626f6f6b2c207368616c6c2063617573652074686520656172746820746f207472656d626c65206d69676874696c792e20205468650d
ORACLE_LINE	10	46	6c69676874206f6620616e20656e6368616e7465642063616e64656c616272756d207368616c6c2073686f77207468656520746865207761792e0d
ORACLE_LINE	10	47	2c2f290d
ORACLE_LINE	10	48	496e207468652064656570657374207265636573736573206f66207468652044756e67656f6e73206f6620446f6f6d2c206775617264696e672061636365737320746f207468650d
ORACLE_LINE	10	49	6e657468657220726567696f6e732c207468657265207374616e64657468206120636173746c652c207768657265696e206c6965746820612077616e64206f66207769736865732e0d
ORACLE_LINE	10	50	49662074686f7520776f756c647374206761696e20656e7472792c20626561722077697468207468656520616e20696e737472756d656e74206f66206d757369632c20666f72207468650d
ORACLE_LINE	10	51	706f6e746c65766973206d617920626520636861726d656420646f776e2077697468207468652070726f706572206d656c6f64792e202057686174206e6f74657320636f6d70726973650d
ORACLE_LINE	10	52	6974206f6e6c792074686520676f6473206b6e6f772c206275742061206d75736963616c206d61737465726d696e64206d61792079657420737563636565642062792077697466756c0d
ORACLE_LINE	10	53	696d70726f7669736174696f6e2e2020486f77657665722c20746865206c65737320706572737069636163696f757320617265206e6f7420776974686f7574207265636f757273652c0d
ORACLE_LINE	10	54	73686f756c64207468657920626520707265706172656420746f2063697263756d616d62756c6174652074686520636173746c6520746f2074686520706f737465726e2e0d
ORACLE_LINE	10	55	2c2f290d
ORACLE_LINE	10	56	54686520676f647320617265207361696420746f20626520706c6561736564207768656e206f66666572696e67732061726520676976656e20746f207468650d
ORACLE_LINE	10	57	707269657374732077686f20617474656e642074686569722074656d706c65732c20616e642074686579206d6179206772616e7420766172696f7573206661766f727320746f0d
ORACLE_LINE	10	58	74686f73652077686f20646f20736f2e202042757420626577617265212020546f20626520796f756e6720616e642066727567616c20697320626574746572207468616e20746f0d
ORACLE_LINE	10	59	6265206f6c6420616e64206d697365726c792e0d
ORACLE_LINE	10	60	2c2f290d
ORACLE_LINE	10	61	546865206e616d65206f6620456c626572657468206d617920737472696b65206665617220696e746f2074686520686561727473206f66207468696e6520656e656d6965732c2069660d
ORACLE_LINE	10	62	74686f7520646f73742077726974652069742075706f6e207468652067726f756e642061742074687920666565742e202049662074686f75206d61696e7461696e657374207468650d
ORACLE_LINE	10	63	75746d6f73742063616c6d2c20746879207361666574792077696c6c2062652061696465642067726561746c792c2062757420626577617265206c6573742074687920636c756d73790d
ORACLE_LINE	10	64	666565742073637566662074686520696e736372697074696f6e2c2063616e63656c6c696e672069747320706f74656e63652c206f722074687920776179776172640d
ORACLE_LINE	10	65	73776f72642d61726d20627265616b207468652074727563652e0d
ORACLE_LINE	10	66	2c2f290d
ORACLE_RESULT	10	67	64	1	20	20
ORACLE_LINE	11	0	546865206d6573736167652072656164733a
ORACLE_LINE	11	1	
ORACLE_LINE	11	2	49742069732077656c6c206b6e6f776e20746861742077696c792073686f706b65657065727320726169736520746865697220707269636573207768656e6527657220746865790d
ORACLE_LINE	11	3	657370792074686520676172697368206170706172656c206f662074686520617070726f616368696e6720746f7572697374206f722074686520636f756e74656e616e6365206f6620610d
ORACLE_LINE	11	4	6469736661766f72656420706174726f6e2e202054686579206661766f72207468652067656e746c65206f66206d616e6e657220616e64207468652066616972206f6620666163652e0d
ORACLE_LINE	11	5	54686520626f6f72206d61792065787065637420756e70726f66697461626c65207472616e73616374696f6e732e0d
ORACLE_LINE	11	6	2c2f290d
ORACLE_LINE	11	7	54686520636c69636865206f6620746865206b69746368656e2073696e6b207377616c6c6f77696e6720616e7920756e666f7274756e6174652072696e6773207468617420636f6e746163740d
ORACLE_LINE	11	8	697473207065726e6963696f75732073757266616365207265666c6563746574682067726561746572207472757468207468616e206d616e7920686f6d696c6965732c207965740d
ORACLE_LINE	11	9	6576656e20736f2c20666577206861766520646576656c6f7065642074686520736b696c6c20746f206964656e7469667920656e6368616e7465642072696e6773206279207468650d
ORACLE_LINE	11	10	7472616e7366696775726174696f6e732065666665637465642075706f6e2074686520766f726163696f7573206465766963652773206672616d652e0d
ORACLE_LINE	11	11	2c2f290d
ORACLE_LINE	11	12	546865206d656174206f6620656e6368616e74656420637265617475726573206f667474696d657320636f6e766579657468206d61676963616c2070726f706572746965730d
ORACLE_LINE	11	13	756e746f2074686520636f6e73756d65722e20204120667265736820636f72707365206f6620666c6f6174696e672065796520646f7468206665746368206120686967680d
ORACLE_LINE	11	14	707269636520616d6f6e672077697a6172647320666f7220697473207574696c69747920696e20636f6e66657272696e672054656c6570617468792c2062792077686963680d
ORACLE_LINE	11	15	7468652073696768746c657373206d6179206c6f6361746520737572726f756e64696e67206d696e64732e0d
ORACLE_LINE	11	16	2c2f290d
ORACLE_LINE	11	17	54686520646574656374696f6e206f6620626c657373696e677320616e642063757273657320697320696e2074686520646f6d61696e206f662074686520676f64732e2020546865792077696c6c0d
ORACLE_LINE	11	18	
ORACLE_LINE	11	19	6d616b65207468697320696e666f726d6174696f6e20617661696c61626c6520746f206d6f7274616c732077686f207265717565737420697420617420746865697220706c61636573206f660d
ORACLE_LINE	11	20	776f72736869702c206f7220656c7365776865726520666f722074686f7365206d6f7274616c732077686f206465766f7465207468656d73656c76657320746f2074686520736572766963650d
ORACLE_LINE	11	21	6f662074686520676f64732e0d
ORACLE_LINE	11	22	2c2f290d
ORACLE_LINE	11	23	41742074696d65732c2074686520676f6473206d6179206661766f7220776f7274687920737570706c6963616e74732077697468206e616d656420626c616465732077686f73650d
ORACLE_LINE	11	24	706f77657273206563686f207468726f7567686f7574206c6567656e642e20204c6561726e6564207761796661726572732063616e20726570726f6475636520626c61646573206f660d
ORACLE_LINE	11	25	656c76656e206c696e656167652c206861746564206f6620746865206f7263732c20776974686f757420746865206e65656420666f72207375636820696e74657276656e74696f6e2e0d
ORACLE_LINE	11	26	2c2f290d
ORACLE_LINE	11	27	546865726520617265206d616e792073746f72696573206f662061206d696768747920616d756c65742c20746865206f726967696e73206f662077686963682061726520736169640d
ORACLE_LINE	11	28	746f20626520616e6369656e742059656e646f722e20205468697320616d756c657420646f7468206861766520617765736f6d6520706f7765722c20616e642074686520676f64730d
ORACLE_LINE	11	29	6465736972652069742067726561746c792e20204d6f7274616c73206d6179737420746170206f6e6c7920706f7274696f6e73206f6620697473207465727269626c650d
ORACLE_LINE	11	30	6162696c69746965732e20205468652073746f726965732074656c6c206f66206d6f7274616c7320736565696e67207768617420746865697220657965732063616e6e6f740d
ORACLE_LINE	11	31	73656520616e64207365656b696e6720706c61636573206f66206d61676963616c207472616e73706f72746174696f6e2c207768696c6520686176696e6720746869730d
ORACLE_LINE	11	32	616d756c657420696e20746865697220706f7373657373696f6e2e20204f7468657273207361792061206d6f7274616c206d75737420776561722074686520616d756c657420746f0d
ORACLE_LINE	11	33	6f627461696e20746865736520706f776572732e202042757420766572696c792c207375636820706f77657220636f6d657320617420677265617420636f73742c20746f0d
ORACLE_LINE	11	34	7072657365727665207468652062616c616e63652e0d
ORACLE_LINE	11	35	2c2f290d
ORACLE_LINE	11	36	4974206973207361696420746861742074686f75206d61797374206761696e20656e74727920746f204d6f6c6f636827732073616e6374756172792c2069662074686f750d
ORACLE_LINE	11	37	6461726573742c2066726f6d206120706c616365207768657265207468652067726f756e642076696272617465746820696e20746865206465657065737420646570746873206f660d
ORACLE_LINE	11	38	476568656e6e6f6d2e202054686f75206e65656473206d75737420686176652074686520616964206f66207468726565206d61676963616c206974656d732e20205468650d
ORACLE_LINE	11	39	7075726520736f756e64206f6620612073696c7665722062656c6c207368616c6c20616e6e6f756e636520746865652e2020546865207465727269626c652072756e65732c0d
ORACLE_LINE	11	40	726561642066726f6d204d6f6c6f6368277320626f6f6b2c207368616c6c2063617573652074686520656172746820746f207472656d626c65206d69676874696c792e20205468650d
ORACLE_LINE	11	41	6c69676874206f6620616e20656e6368616e7465642063616e64656c616272756d207368616c6c2073686f77207468656520746865207761792e0d
ORACLE_LINE	11	42	2c2f290d
ORACLE_LINE	11	43	496e207468652064656570657374207265636573736573206f66207468652044756e67656f6e73206f6620446f6f6d2c206775617264696e672061636365737320746f207468650d
ORACLE_LINE	11	44	6e657468657220726567696f6e732c207468657265207374616e64657468206120636173746c652c207768657265696e206c6965746820612077616e64206f66207769736865732e0d
ORACLE_LINE	11	45	49662074686f7520776f756c647374206761696e20656e7472792c20626561722077697468207468656520616e20696e737472756d656e74206f66206d757369632c20666f72207468650d
ORACLE_LINE	11	46	706f6e746c65766973206d617920626520636861726d656420646f776e2077697468207468652070726f706572206d656c6f64792e202057686174206e6f74657320636f6d70726973650d
ORACLE_LINE	11	47	6974206f6e6c792074686520676f6473206b6e6f772c206275742061206d75736963616c206d61737465726d696e64206d61792079657420737563636565642062792077697466756c0d
ORACLE_LINE	11	48	696d70726f7669736174696f6e2e2020486f77657665722c20746865206c65737320706572737069636163696f757320617265206e6f7420776974686f7574207265636f757273652c0d
ORACLE_LINE	11	49	73686f756c64207468657920626520707265706172656420746f2063697263756d616d62756c6174652074686520636173746c6520746f2074686520706f737465726e2e0d
ORACLE_LINE	11	50	2c2f290d
ORACLE_LINE	11	51	54686520676f647320617265207361696420746f20626520706c6561736564207768656e206f66666572696e67732061726520676976656e20746f207468650d
ORACLE_LINE	11	52	707269657374732077686f20617474656e642074686569722074656d706c65732c20616e642074686579206d6179206772616e7420766172696f7573206661766f727320746f0d
ORACLE_LINE	11	53	74686f73652077686f20646f20736f2e202042757420626577617265212020546f20626520796f756e6720616e642066727567616c20697320626574746572207468616e20746f0d
ORACLE_LINE	11	54	6265206f6c6420616e64206d697365726c792e0d
ORACLE_LINE	11	55	2c2f290d
ORACLE_LINE	11	56	546865206e616d65206f6620456c626572657468206d617920737472696b65206665617220696e746f2074686520686561727473206f66207468696e6520656e656d6965732c2069660d
ORACLE_LINE	11	57	74686f7520646f73742077726974652069742075706f6e207468652067726f756e642061742074687920666565742e202049662074686f75206d61696e7461696e657374207468650d
ORACLE_LINE	11	58	75746d6f73742063616c6d2c20746879207361666574792077696c6c2062652061696465642067726561746c792c2062757420626577617265206c6573742074687920636c756d73790d
ORACLE_LINE	11	59	666565742073637566662074686520696e736372697074696f6e2c2063616e63656c6c696e672069747320706f74656e63652c206f722074687920776179776172640d
ORACLE_LINE	11	60	73776f72642d61726d20627265616b207468652074727563652e0d
ORACLE_LINE	11	61	2c2f290d
ORACLE_RESULT	11	62	59	1	20	20
ORACLE_LINE	12	0	546865206d6573736167652072656164733a
ORACLE_LINE	12	1	
ORACLE_LINE	12	2	54686520636c69636865206f6620746865206b69746368656e2073696e6b207377616c6c6f77696e6720616e7920756e666f7274756e6174652072696e6773207468617420636f6e746163740d
ORACLE_LINE	12	3	697473207065726e6963696f75732073757266616365207265666c6563746574682067726561746572207472757468207468616e206d616e7920686f6d696c6965732c207965740d
ORACLE_LINE	12	4	6576656e20736f2c20666577206861766520646576656c6f7065642074686520736b696c6c20746f206964656e7469667920656e6368616e7465642072696e6773206279207468650d
ORACLE_LINE	12	5	7472616e7366696775726174696f6e732065666665637465642075706f6e2074686520766f726163696f7573206465766963652773206672616d652e0d
ORACLE_LINE	12	6	2c2f290d
ORACLE_LINE	12	7	546865206d656174206f6620656e6368616e74656420637265617475726573206f667474696d657320636f6e766579657468206d61676963616c2070726f706572746965730d
ORACLE_LINE	12	8	756e746f2074686520636f6e73756d65722e20204120667265736820636f72707365206f6620666c6f6174696e672065796520646f7468206665746368206120686967680d
ORACLE_LINE	12	9	707269636520616d6f6e672077697a6172647320666f7220697473207574696c69747920696e20636f6e66657272696e672054656c6570617468792c2062792077686963680d
ORACLE_LINE	12	10	7468652073696768746c657373206d6179206c6f6361746520737572726f756e64696e67206d696e64732e0d
ORACLE_LINE	12	11	2c2f290d
ORACLE_LINE	12	12	54686520646574656374696f6e206f6620626c657373696e677320616e642063757273657320697320696e2074686520646f6d61696e206f662074686520676f64732e2020546865792077696c6c0d
ORACLE_LINE	12	13	
ORACLE_LINE	12	14	6d616b65207468697320696e666f726d6174696f6e20617661696c61626c6520746f206d6f7274616c732077686f207265717565737420697420617420746865697220706c61636573206f660d
ORACLE_LINE	12	15	776f72736869702c206f7220656c7365776865726520666f722074686f7365206d6f7274616c732077686f206465766f7465207468656d73656c76657320746f2074686520736572766963650d
ORACLE_LINE	12	16	6f662074686520676f64732e0d
ORACLE_LINE	12	17	2c2f290d
ORACLE_LINE	12	18	41742074696d65732c2074686520676f6473206d6179206661766f7220776f7274687920737570706c6963616e74732077697468206e616d656420626c616465732077686f73650d
ORACLE_LINE	12	19	706f77657273206563686f207468726f7567686f7574206c6567656e642e20204c6561726e6564207761796661726572732063616e20726570726f6475636520626c61646573206f660d
ORACLE_LINE	12	20	656c76656e206c696e656167652c206861746564206f6620746865206f7263732c20776974686f757420746865206e65656420666f72207375636820696e74657276656e74696f6e2e0d
ORACLE_LINE	12	21	2c2f290d
ORACLE_LINE	12	22	546865726520617265206d616e792073746f72696573206f662061206d696768747920616d756c65742c20746865206f726967696e73206f662077686963682061726520736169640d
ORACLE_LINE	12	23	746f20626520616e6369656e742059656e646f722e20205468697320616d756c657420646f7468206861766520617765736f6d6520706f7765722c20616e642074686520676f64730d
ORACLE_LINE	12	24	6465736972652069742067726561746c792e20204d6f7274616c73206d6179737420746170206f6e6c7920706f7274696f6e73206f6620697473207465727269626c650d
ORACLE_LINE	12	25	6162696c69746965732e20205468652073746f726965732074656c6c206f66206d6f7274616c7320736565696e67207768617420746865697220657965732063616e6e6f740d
ORACLE_LINE	12	26	73656520616e64207365656b696e6720706c61636573206f66206d61676963616c207472616e73706f72746174696f6e2c207768696c6520686176696e6720746869730d
ORACLE_LINE	12	27	616d756c657420696e20746865697220706f7373657373696f6e2e20204f7468657273207361792061206d6f7274616c206d75737420776561722074686520616d756c657420746f0d
ORACLE_LINE	12	28	6f627461696e20746865736520706f776572732e202042757420766572696c792c207375636820706f77657220636f6d657320617420677265617420636f73742c20746f0d
ORACLE_LINE	12	29	7072657365727665207468652062616c616e63652e0d
ORACLE_LINE	12	30	2c2f290d
ORACLE_LINE	12	31	4974206973207361696420746861742074686f75206d61797374206761696e20656e74727920746f204d6f6c6f636827732073616e6374756172792c2069662074686f750d
ORACLE_LINE	12	32	6461726573742c2066726f6d206120706c616365207768657265207468652067726f756e642076696272617465746820696e20746865206465657065737420646570746873206f660d
ORACLE_LINE	12	33	476568656e6e6f6d2e202054686f75206e65656473206d75737420686176652074686520616964206f66207468726565206d61676963616c206974656d732e20205468650d
ORACLE_LINE	12	34	7075726520736f756e64206f6620612073696c7665722062656c6c207368616c6c20616e6e6f756e636520746865652e2020546865207465727269626c652072756e65732c0d
ORACLE_LINE	12	35	726561642066726f6d204d6f6c6f6368277320626f6f6b2c207368616c6c2063617573652074686520656172746820746f207472656d626c65206d69676874696c792e20205468650d
ORACLE_LINE	12	36	6c69676874206f6620616e20656e6368616e7465642063616e64656c616272756d207368616c6c2073686f77207468656520746865207761792e0d
ORACLE_LINE	12	37	2c2f290d
ORACLE_LINE	12	38	496e207468652064656570657374207265636573736573206f66207468652044756e67656f6e73206f6620446f6f6d2c206775617264696e672061636365737320746f207468650d
ORACLE_LINE	12	39	6e657468657220726567696f6e732c207468657265207374616e64657468206120636173746c652c207768657265696e206c6965746820612077616e64206f66207769736865732e0d
ORACLE_LINE	12	40	49662074686f7520776f756c647374206761696e20656e7472792c20626561722077697468207468656520616e20696e737472756d656e74206f66206d757369632c20666f72207468650d
ORACLE_LINE	12	41	706f6e746c65766973206d617920626520636861726d656420646f776e2077697468207468652070726f706572206d656c6f64792e202057686174206e6f74657320636f6d70726973650d
ORACLE_LINE	12	42	6974206f6e6c792074686520676f6473206b6e6f772c206275742061206d75736963616c206d61737465726d696e64206d61792079657420737563636565642062792077697466756c0d
ORACLE_LINE	12	43	696d70726f7669736174696f6e2e2020486f77657665722c20746865206c65737320706572737069636163696f757320617265206e6f7420776974686f7574207265636f757273652c0d
ORACLE_LINE	12	44	73686f756c64207468657920626520707265706172656420746f2063697263756d616d62756c6174652074686520636173746c6520746f2074686520706f737465726e2e0d
ORACLE_LINE	12	45	2c2f290d
ORACLE_LINE	12	46	54686520676f647320617265207361696420746f20626520706c6561736564207768656e206f66666572696e67732061726520676976656e20746f207468650d
ORACLE_LINE	12	47	707269657374732077686f20617474656e642074686569722074656d706c65732c20616e642074686579206d6179206772616e7420766172696f7573206661766f727320746f0d
ORACLE_LINE	12	48	74686f73652077686f20646f20736f2e202042757420626577617265212020546f20626520796f756e6720616e642066727567616c20697320626574746572207468616e20746f0d
ORACLE_LINE	12	49	6265206f6c6420616e64206d697365726c792e0d
ORACLE_LINE	12	50	2c2f290d
ORACLE_LINE	12	51	546865206e616d65206f6620456c626572657468206d617920737472696b65206665617220696e746f2074686520686561727473206f66207468696e6520656e656d6965732c2069660d
ORACLE_LINE	12	52	74686f7520646f73742077726974652069742075706f6e207468652067726f756e642061742074687920666565742e202049662074686f75206d61696e7461696e657374207468650d
ORACLE_LINE	12	53	75746d6f73742063616c6d2c20746879207361666574792077696c6c2062652061696465642067726561746c792c2062757420626577617265206c6573742074687920636c756d73790d
ORACLE_LINE	12	54	666565742073637566662074686520696e736372697074696f6e2c2063616e63656c6c696e672069747320706f74656e63652c206f722074687920776179776172640d
ORACLE_LINE	12	55	73776f72642d61726d20627265616b207468652074727563652e0d
ORACLE_LINE	12	56	2c2f290d
ORACLE_RESULT	12	57	54	1	20	20
ORACLE_LINE	13	0	546865206d6573736167652072656164733a
ORACLE_LINE	13	1	
ORACLE_LINE	13	2	546865206d656174206f6620656e6368616e74656420637265617475726573206f667474696d657320636f6e766579657468206d61676963616c2070726f706572746965730d
ORACLE_LINE	13	3	756e746f2074686520636f6e73756d65722e20204120667265736820636f72707365206f6620666c6f6174696e672065796520646f7468206665746368206120686967680d
ORACLE_LINE	13	4	707269636520616d6f6e672077697a6172647320666f7220697473207574696c69747920696e20636f6e66657272696e672054656c6570617468792c2062792077686963680d
ORACLE_LINE	13	5	7468652073696768746c657373206d6179206c6f6361746520737572726f756e64696e67206d696e64732e0d
ORACLE_LINE	13	6	2c2f290d
ORACLE_LINE	13	7	54686520646574656374696f6e206f6620626c657373696e677320616e642063757273657320697320696e2074686520646f6d61696e206f662074686520676f64732e2020546865792077696c6c0d
ORACLE_LINE	13	8	
ORACLE_LINE	13	9	6d616b65207468697320696e666f726d6174696f6e20617661696c61626c6520746f206d6f7274616c732077686f207265717565737420697420617420746865697220706c61636573206f660d
ORACLE_LINE	13	10	776f72736869702c206f7220656c7365776865726520666f722074686f7365206d6f7274616c732077686f206465766f7465207468656d73656c76657320746f2074686520736572766963650d
ORACLE_LINE	13	11	6f662074686520676f64732e0d
ORACLE_LINE	13	12	2c2f290d
ORACLE_LINE	13	13	41742074696d65732c2074686520676f6473206d6179206661766f7220776f7274687920737570706c6963616e74732077697468206e616d656420626c616465732077686f73650d
ORACLE_LINE	13	14	706f77657273206563686f207468726f7567686f7574206c6567656e642e20204c6561726e6564207761796661726572732063616e20726570726f6475636520626c61646573206f660d
ORACLE_LINE	13	15	656c76656e206c696e656167652c206861746564206f6620746865206f7263732c20776974686f757420746865206e65656420666f72207375636820696e74657276656e74696f6e2e0d
ORACLE_LINE	13	16	2c2f290d
ORACLE_LINE	13	17	546865726520617265206d616e792073746f72696573206f662061206d696768747920616d756c65742c20746865206f726967696e73206f662077686963682061726520736169640d
ORACLE_LINE	13	18	746f20626520616e6369656e742059656e646f722e20205468697320616d756c657420646f7468206861766520617765736f6d6520706f7765722c20616e642074686520676f64730d
ORACLE_LINE	13	19	6465736972652069742067726561746c792e20204d6f7274616c73206d6179737420746170206f6e6c7920706f7274696f6e73206f6620697473207465727269626c650d
ORACLE_LINE	13	20	6162696c69746965732e20205468652073746f726965732074656c6c206f66206d6f7274616c7320736565696e67207768617420746865697220657965732063616e6e6f740d
ORACLE_LINE	13	21	73656520616e64207365656b696e6720706c61636573206f66206d61676963616c207472616e73706f72746174696f6e2c207768696c6520686176696e6720746869730d
ORACLE_LINE	13	22	616d756c657420696e20746865697220706f7373657373696f6e2e20204f7468657273207361792061206d6f7274616c206d75737420776561722074686520616d756c657420746f0d
ORACLE_LINE	13	23	6f627461696e20746865736520706f776572732e202042757420766572696c792c207375636820706f77657220636f6d657320617420677265617420636f73742c20746f0d
ORACLE_LINE	13	24	7072657365727665207468652062616c616e63652e0d
ORACLE_LINE	13	25	2c2f290d
ORACLE_LINE	13	26	4974206973207361696420746861742074686f75206d61797374206761696e20656e74727920746f204d6f6c6f636827732073616e6374756172792c2069662074686f750d
ORACLE_LINE	13	27	6461726573742c2066726f6d206120706c616365207768657265207468652067726f756e642076696272617465746820696e20746865206465657065737420646570746873206f660d
ORACLE_LINE	13	28	476568656e6e6f6d2e202054686f75206e65656473206d75737420686176652074686520616964206f66207468726565206d61676963616c206974656d732e20205468650d
ORACLE_LINE	13	29	7075726520736f756e64206f6620612073696c7665722062656c6c207368616c6c20616e6e6f756e636520746865652e2020546865207465727269626c652072756e65732c0d
ORACLE_LINE	13	30	726561642066726f6d204d6f6c6f6368277320626f6f6b2c207368616c6c2063617573652074686520656172746820746f207472656d626c65206d69676874696c792e20205468650d
ORACLE_LINE	13	31	6c69676874206f6620616e20656e6368616e7465642063616e64656c616272756d207368616c6c2073686f77207468656520746865207761792e0d
ORACLE_LINE	13	32	2c2f290d
ORACLE_LINE	13	33	496e207468652064656570657374207265636573736573206f66207468652044756e67656f6e73206f6620446f6f6d2c206775617264696e672061636365737320746f207468650d
ORACLE_LINE	13	34	6e657468657220726567696f6e732c207468657265207374616e64657468206120636173746c652c207768657265696e206c6965746820612077616e64206f66207769736865732e0d
ORACLE_LINE	13	35	49662074686f7520776f756c647374206761696e20656e7472792c20626561722077697468207468656520616e20696e737472756d656e74206f66206d757369632c20666f72207468650d
ORACLE_LINE	13	36	706f6e746c65766973206d617920626520636861726d656420646f776e2077697468207468652070726f706572206d656c6f64792e202057686174206e6f74657320636f6d70726973650d
ORACLE_LINE	13	37	6974206f6e6c792074686520676f6473206b6e6f772c206275742061206d75736963616c206d61737465726d696e64206d61792079657420737563636565642062792077697466756c0d
ORACLE_LINE	13	38	696d70726f7669736174696f6e2e2020486f77657665722c20746865206c65737320706572737069636163696f757320617265206e6f7420776974686f7574207265636f757273652c0d
ORACLE_LINE	13	39	73686f756c64207468657920626520707265706172656420746f2063697263756d616d62756c6174652074686520636173746c6520746f2074686520706f737465726e2e0d
ORACLE_LINE	13	40	2c2f290d
ORACLE_LINE	13	41	54686520676f647320617265207361696420746f20626520706c6561736564207768656e206f66666572696e67732061726520676976656e20746f207468650d
ORACLE_LINE	13	42	707269657374732077686f20617474656e642074686569722074656d706c65732c20616e642074686579206d6179206772616e7420766172696f7573206661766f727320746f0d
ORACLE_LINE	13	43	74686f73652077686f20646f20736f2e202042757420626577617265212020546f20626520796f756e6720616e642066727567616c20697320626574746572207468616e20746f0d
ORACLE_LINE	13	44	6265206f6c6420616e64206d697365726c792e0d
ORACLE_LINE	13	45	2c2f290d
ORACLE_LINE	13	46	546865206e616d65206f6620456c626572657468206d617920737472696b65206665617220696e746f2074686520686561727473206f66207468696e6520656e656d6965732c2069660d
ORACLE_LINE	13	47	74686f7520646f73742077726974652069742075706f6e207468652067726f756e642061742074687920666565742e202049662074686f75206d61696e7461696e657374207468650d
ORACLE_LINE	13	48	75746d6f73742063616c6d2c20746879207361666574792077696c6c2062652061696465642067726561746c792c2062757420626577617265206c6573742074687920636c756d73790d
ORACLE_LINE	13	49	666565742073637566662074686520696e736372697074696f6e2c2063616e63656c6c696e672069747320706f74656e63652c206f722074687920776179776172640d
ORACLE_LINE	13	50	73776f72642d61726d20627265616b207468652074727563652e0d
ORACLE_LINE	13	51	2c2f290d
ORACLE_RESULT	13	52	49	1	20	20
ORACLE_LINE	14	0	546865206d6573736167652072656164733a
ORACLE_LINE	14	1	
ORACLE_LINE	14	2	54686520646574656374696f6e206f6620626c657373696e677320616e642063757273657320697320696e2074686520646f6d61696e206f662074686520676f64732e2020546865792077696c6c0d
ORACLE_LINE	14	3	
ORACLE_LINE	14	4	6d616b65207468697320696e666f726d6174696f6e20617661696c61626c6520746f206d6f7274616c732077686f207265717565737420697420617420746865697220706c61636573206f660d
ORACLE_LINE	14	5	776f72736869702c206f7220656c7365776865726520666f722074686f7365206d6f7274616c732077686f206465766f7465207468656d73656c76657320746f2074686520736572766963650d
ORACLE_LINE	14	6	6f662074686520676f64732e0d
ORACLE_LINE	14	7	2c2f290d
ORACLE_LINE	14	8	41742074696d65732c2074686520676f6473206d6179206661766f7220776f7274687920737570706c6963616e74732077697468206e616d656420626c616465732077686f73650d
ORACLE_LINE	14	9	706f77657273206563686f207468726f7567686f7574206c6567656e642e20204c6561726e6564207761796661726572732063616e20726570726f6475636520626c61646573206f660d
ORACLE_LINE	14	10	656c76656e206c696e656167652c206861746564206f6620746865206f7263732c20776974686f757420746865206e65656420666f72207375636820696e74657276656e74696f6e2e0d
ORACLE_LINE	14	11	2c2f290d
ORACLE_LINE	14	12	546865726520617265206d616e792073746f72696573206f662061206d696768747920616d756c65742c20746865206f726967696e73206f662077686963682061726520736169640d
ORACLE_LINE	14	13	746f20626520616e6369656e742059656e646f722e20205468697320616d756c657420646f7468206861766520617765736f6d6520706f7765722c20616e642074686520676f64730d
ORACLE_LINE	14	14	6465736972652069742067726561746c792e20204d6f7274616c73206d6179737420746170206f6e6c7920706f7274696f6e73206f6620697473207465727269626c650d
ORACLE_LINE	14	15	6162696c69746965732e20205468652073746f726965732074656c6c206f66206d6f7274616c7320736565696e67207768617420746865697220657965732063616e6e6f740d
ORACLE_LINE	14	16	73656520616e64207365656b696e6720706c61636573206f66206d61676963616c207472616e73706f72746174696f6e2c207768696c6520686176696e6720746869730d
ORACLE_LINE	14	17	616d756c657420696e20746865697220706f7373657373696f6e2e20204f7468657273207361792061206d6f7274616c206d75737420776561722074686520616d756c657420746f0d
ORACLE_LINE	14	18	6f627461696e20746865736520706f776572732e202042757420766572696c792c207375636820706f77657220636f6d657320617420677265617420636f73742c20746f0d
ORACLE_LINE	14	19	7072657365727665207468652062616c616e63652e0d
ORACLE_LINE	14	20	2c2f290d
ORACLE_LINE	14	21	4974206973207361696420746861742074686f75206d61797374206761696e20656e74727920746f204d6f6c6f636827732073616e6374756172792c2069662074686f750d
ORACLE_LINE	14	22	6461726573742c2066726f6d206120706c616365207768657265207468652067726f756e642076696272617465746820696e20746865206465657065737420646570746873206f660d
ORACLE_LINE	14	23	476568656e6e6f6d2e202054686f75206e65656473206d75737420686176652074686520616964206f66207468726565206d61676963616c206974656d732e20205468650d
ORACLE_LINE	14	24	7075726520736f756e64206f6620612073696c7665722062656c6c207368616c6c20616e6e6f756e636520746865652e2020546865207465727269626c652072756e65732c0d
ORACLE_LINE	14	25	726561642066726f6d204d6f6c6f6368277320626f6f6b2c207368616c6c2063617573652074686520656172746820746f207472656d626c65206d69676874696c792e20205468650d
ORACLE_LINE	14	26	6c69676874206f6620616e20656e6368616e7465642063616e64656c616272756d207368616c6c2073686f77207468656520746865207761792e0d
ORACLE_LINE	14	27	2c2f290d
ORACLE_LINE	14	28	496e207468652064656570657374207265636573736573206f66207468652044756e67656f6e73206f6620446f6f6d2c206775617264696e672061636365737320746f207468650d
ORACLE_LINE	14	29	6e657468657220726567696f6e732c207468657265207374616e64657468206120636173746c652c207768657265696e206c6965746820612077616e64206f66207769736865732e0d
ORACLE_LINE	14	30	49662074686f7520776f756c647374206761696e20656e7472792c20626561722077697468207468656520616e20696e737472756d656e74206f66206d757369632c20666f72207468650d
ORACLE_LINE	14	31	706f6e746c65766973206d617920626520636861726d656420646f776e2077697468207468652070726f706572206d656c6f64792e202057686174206e6f74657320636f6d70726973650d
ORACLE_LINE	14	32	6974206f6e6c792074686520676f6473206b6e6f772c206275742061206d75736963616c206d61737465726d696e64206d61792079657420737563636565642062792077697466756c0d
ORACLE_LINE	14	33	696d70726f7669736174696f6e2e2020486f77657665722c20746865206c65737320706572737069636163696f757320617265206e6f7420776974686f7574207265636f757273652c0d
ORACLE_LINE	14	34	73686f756c64207468657920626520707265706172656420746f2063697263756d616d62756c6174652074686520636173746c6520746f2074686520706f737465726e2e0d
ORACLE_LINE	14	35	2c2f290d
ORACLE_LINE	14	36	54686520676f647320617265207361696420746f20626520706c6561736564207768656e206f66666572696e67732061726520676976656e20746f207468650d
ORACLE_LINE	14	37	707269657374732077686f20617474656e642074686569722074656d706c65732c20616e642074686579206d6179206772616e7420766172696f7573206661766f727320746f0d
ORACLE_LINE	14	38	74686f73652077686f20646f20736f2e202042757420626577617265212020546f20626520796f756e6720616e642066727567616c20697320626574746572207468616e20746f0d
ORACLE_LINE	14	39	6265206f6c6420616e64206d697365726c792e0d
ORACLE_LINE	14	40	2c2f290d
ORACLE_LINE	14	41	546865206e616d65206f6620456c626572657468206d617920737472696b65206665617220696e746f2074686520686561727473206f66207468696e6520656e656d6965732c2069660d
ORACLE_LINE	14	42	74686f7520646f73742077726974652069742075706f6e207468652067726f756e642061742074687920666565742e202049662074686f75206d61696e7461696e657374207468650d
ORACLE_LINE	14	43	75746d6f73742063616c6d2c20746879207361666574792077696c6c2062652061696465642067726561746c792c2062757420626577617265206c6573742074687920636c756d73790d
ORACLE_LINE	14	44	666565742073637566662074686520696e736372697074696f6e2c2063616e63656c6c696e672069747320706f74656e63652c206f722074687920776179776172640d
ORACLE_LINE	14	45	73776f72642d61726d20627265616b207468652074727563652e0d
ORACLE_LINE	14	46	2c2f290d
ORACLE_RESULT	14	47	44	1	20	20
ORACLE_LINE	15	0	546865206d6573736167652072656164733a
ORACLE_LINE	15	1	
ORACLE_LINE	15	2	41742074696d65732c2074686520676f6473206d6179206661766f7220776f7274687920737570706c6963616e74732077697468206e616d656420626c616465732077686f73650d
ORACLE_LINE	15	3	706f77657273206563686f207468726f7567686f7574206c6567656e642e20204c6561726e6564207761796661726572732063616e20726570726f6475636520626c61646573206f660d
ORACLE_LINE	15	4	656c76656e206c696e656167652c206861746564206f6620746865206f7263732c20776974686f757420746865206e65656420666f72207375636820696e74657276656e74696f6e2e0d
ORACLE_LINE	15	5	2c2f290d
ORACLE_LINE	15	6	546865726520617265206d616e792073746f72696573206f662061206d696768747920616d756c65742c20746865206f726967696e73206f662077686963682061726520736169640d
ORACLE_LINE	15	7	746f20626520616e6369656e742059656e646f722e20205468697320616d756c657420646f7468206861766520617765736f6d6520706f7765722c20616e642074686520676f64730d
ORACLE_LINE	15	8	6465736972652069742067726561746c792e20204d6f7274616c73206d6179737420746170206f6e6c7920706f7274696f6e73206f6620697473207465727269626c650d
ORACLE_LINE	15	9	6162696c69746965732e20205468652073746f726965732074656c6c206f66206d6f7274616c7320736565696e67207768617420746865697220657965732063616e6e6f740d
ORACLE_LINE	15	10	73656520616e64207365656b696e6720706c61636573206f66206d61676963616c207472616e73706f72746174696f6e2c207768696c6520686176696e6720746869730d
ORACLE_LINE	15	11	616d756c657420696e20746865697220706f7373657373696f6e2e20204f7468657273207361792061206d6f7274616c206d75737420776561722074686520616d756c657420746f0d
ORACLE_LINE	15	12	6f627461696e20746865736520706f776572732e202042757420766572696c792c207375636820706f77657220636f6d657320617420677265617420636f73742c20746f0d
ORACLE_LINE	15	13	7072657365727665207468652062616c616e63652e0d
ORACLE_LINE	15	14	2c2f290d
ORACLE_LINE	15	15	4974206973207361696420746861742074686f75206d61797374206761696e20656e74727920746f204d6f6c6f636827732073616e6374756172792c2069662074686f750d
ORACLE_LINE	15	16	6461726573742c2066726f6d206120706c616365207768657265207468652067726f756e642076696272617465746820696e20746865206465657065737420646570746873206f660d
ORACLE_LINE	15	17	476568656e6e6f6d2e202054686f75206e65656473206d75737420686176652074686520616964206f66207468726565206d61676963616c206974656d732e20205468650d
ORACLE_LINE	15	18	7075726520736f756e64206f6620612073696c7665722062656c6c207368616c6c20616e6e6f756e636520746865652e2020546865207465727269626c652072756e65732c0d
ORACLE_LINE	15	19	726561642066726f6d204d6f6c6f6368277320626f6f6b2c207368616c6c2063617573652074686520656172746820746f207472656d626c65206d69676874696c792e20205468650d
ORACLE_LINE	15	20	6c69676874206f6620616e20656e6368616e7465642063616e64656c616272756d207368616c6c2073686f77207468656520746865207761792e0d
ORACLE_LINE	15	21	2c2f290d
ORACLE_LINE	15	22	496e207468652064656570657374207265636573736573206f66207468652044756e67656f6e73206f6620446f6f6d2c206775617264696e672061636365737320746f207468650d
ORACLE_LINE	15	23	6e657468657220726567696f6e732c207468657265207374616e64657468206120636173746c652c207768657265696e206c6965746820612077616e64206f66207769736865732e0d
ORACLE_LINE	15	24	49662074686f7520776f756c647374206761696e20656e7472792c20626561722077697468207468656520616e20696e737472756d656e74206f66206d757369632c20666f72207468650d
ORACLE_LINE	15	25	706f6e746c65766973206d617920626520636861726d656420646f776e2077697468207468652070726f706572206d656c6f64792e202057686174206e6f74657320636f6d70726973650d
ORACLE_LINE	15	26	6974206f6e6c792074686520676f6473206b6e6f772c206275742061206d75736963616c206d61737465726d696e64206d61792079657420737563636565642062792077697466756c0d
ORACLE_LINE	15	27	696d70726f7669736174696f6e2e2020486f77657665722c20746865206c65737320706572737069636163696f757320617265206e6f7420776974686f7574207265636f757273652c0d
ORACLE_LINE	15	28	73686f756c64207468657920626520707265706172656420746f2063697263756d616d62756c6174652074686520636173746c6520746f2074686520706f737465726e2e0d
ORACLE_LINE	15	29	2c2f290d
ORACLE_LINE	15	30	54686520676f647320617265207361696420746f20626520706c6561736564207768656e206f66666572696e67732061726520676976656e20746f207468650d
ORACLE_LINE	15	31	707269657374732077686f20617474656e642074686569722074656d706c65732c20616e642074686579206d6179206772616e7420766172696f7573206661766f727320746f0d
ORACLE_LINE	15	32	74686f73652077686f20646f20736f2e202042757420626577617265212020546f20626520796f756e6720616e642066727567616c20697320626574746572207468616e20746f0d
ORACLE_LINE	15	33	6265206f6c6420616e64206d697365726c792e0d
ORACLE_LINE	15	34	2c2f290d
ORACLE_LINE	15	35	546865206e616d65206f6620456c626572657468206d617920737472696b65206665617220696e746f2074686520686561727473206f66207468696e6520656e656d6965732c2069660d
ORACLE_LINE	15	36	74686f7520646f73742077726974652069742075706f6e207468652067726f756e642061742074687920666565742e202049662074686f75206d61696e7461696e657374207468650d
ORACLE_LINE	15	37	75746d6f73742063616c6d2c20746879207361666574792077696c6c2062652061696465642067726561746c792c2062757420626577617265206c6573742074687920636c756d73790d
ORACLE_LINE	15	38	666565742073637566662074686520696e736372697074696f6e2c2063616e63656c6c696e672069747320706f74656e63652c206f722074687920776179776172640d
ORACLE_LINE	15	39	73776f72642d61726d20627265616b207468652074727563652e0d
ORACLE_LINE	15	40	2c2f290d
ORACLE_RESULT	15	41	39	1	20	20
ORACLE_LINE	16	0	546865206d6573736167652072656164733a
ORACLE_LINE	16	1	
ORACLE_LINE	16	2	546865726520617265206d616e792073746f72696573206f662061206d696768747920616d756c65742c20746865206f726967696e73206f662077686963682061726520736169640d
ORACLE_LINE	16	3	746f20626520616e6369656e742059656e646f722e20205468697320616d756c657420646f7468206861766520617765736f6d6520706f7765722c20616e642074686520676f64730d
ORACLE_LINE	16	4	6465736972652069742067726561746c792e20204d6f7274616c73206d6179737420746170206f6e6c7920706f7274696f6e73206f6620697473207465727269626c650d
ORACLE_LINE	16	5	6162696c69746965732e20205468652073746f726965732074656c6c206f66206d6f7274616c7320736565696e67207768617420746865697220657965732063616e6e6f740d
ORACLE_LINE	16	6	73656520616e64207365656b696e6720706c61636573206f66206d61676963616c207472616e73706f72746174696f6e2c207768696c6520686176696e6720746869730d
ORACLE_LINE	16	7	616d756c657420696e20746865697220706f7373657373696f6e2e20204f7468657273207361792061206d6f7274616c206d75737420776561722074686520616d756c657420746f0d
ORACLE_LINE	16	8	6f627461696e20746865736520706f776572732e202042757420766572696c792c207375636820706f77657220636f6d657320617420677265617420636f73742c20746f0d
ORACLE_LINE	16	9	7072657365727665207468652062616c616e63652e0d
ORACLE_LINE	16	10	2c2f290d
ORACLE_LINE	16	11	4974206973207361696420746861742074686f75206d61797374206761696e20656e74727920746f204d6f6c6f636827732073616e6374756172792c2069662074686f750d
ORACLE_LINE	16	12	6461726573742c2066726f6d206120706c616365207768657265207468652067726f756e642076696272617465746820696e20746865206465657065737420646570746873206f660d
ORACLE_LINE	16	13	476568656e6e6f6d2e202054686f75206e65656473206d75737420686176652074686520616964206f66207468726565206d61676963616c206974656d732e20205468650d
ORACLE_LINE	16	14	7075726520736f756e64206f6620612073696c7665722062656c6c207368616c6c20616e6e6f756e636520746865652e2020546865207465727269626c652072756e65732c0d
ORACLE_LINE	16	15	726561642066726f6d204d6f6c6f6368277320626f6f6b2c207368616c6c2063617573652074686520656172746820746f207472656d626c65206d69676874696c792e20205468650d
ORACLE_LINE	16	16	6c69676874206f6620616e20656e6368616e7465642063616e64656c616272756d207368616c6c2073686f77207468656520746865207761792e0d
ORACLE_LINE	16	17	2c2f290d
ORACLE_LINE	16	18	496e207468652064656570657374207265636573736573206f66207468652044756e67656f6e73206f6620446f6f6d2c206775617264696e672061636365737320746f207468650d
ORACLE_LINE	16	19	6e657468657220726567696f6e732c207468657265207374616e64657468206120636173746c652c207768657265696e206c6965746820612077616e64206f66207769736865732e0d
ORACLE_LINE	16	20	49662074686f7520776f756c647374206761696e20656e7472792c20626561722077697468207468656520616e20696e737472756d656e74206f66206d757369632c20666f72207468650d
ORACLE_LINE	16	21	706f6e746c65766973206d617920626520636861726d656420646f776e2077697468207468652070726f706572206d656c6f64792e202057686174206e6f74657320636f6d70726973650d
ORACLE_LINE	16	22	6974206f6e6c792074686520676f6473206b6e6f772c206275742061206d75736963616c206d61737465726d696e64206d61792079657420737563636565642062792077697466756c0d
ORACLE_LINE	16	23	696d70726f7669736174696f6e2e2020486f77657665722c20746865206c65737320706572737069636163696f757320617265206e6f7420776974686f7574207265636f757273652c0d
ORACLE_LINE	16	24	73686f756c64207468657920626520707265706172656420746f2063697263756d616d62756c6174652074686520636173746c6520746f2074686520706f737465726e2e0d
ORACLE_LINE	16	25	2c2f290d
ORACLE_LINE	16	26	54686520676f647320617265207361696420746f20626520706c6561736564207768656e206f66666572696e67732061726520676976656e20746f207468650d
ORACLE_LINE	16	27	707269657374732077686f20617474656e642074686569722074656d706c65732c20616e642074686579206d6179206772616e7420766172696f7573206661766f727320746f0d
ORACLE_LINE	16	28	74686f73652077686f20646f20736f2e202042757420626577617265212020546f20626520796f756e6720616e642066727567616c20697320626574746572207468616e20746f0d
ORACLE_LINE	16	29	6265206f6c6420616e64206d697365726c792e0d
ORACLE_LINE	16	30	2c2f290d
ORACLE_LINE	16	31	546865206e616d65206f6620456c626572657468206d617920737472696b65206665617220696e746f2074686520686561727473206f66207468696e6520656e656d6965732c2069660d
ORACLE_LINE	16	32	74686f7520646f73742077726974652069742075706f6e207468652067726f756e642061742074687920666565742e202049662074686f75206d61696e7461696e657374207468650d
ORACLE_LINE	16	33	75746d6f73742063616c6d2c20746879207361666574792077696c6c2062652061696465642067726561746c792c2062757420626577617265206c6573742074687920636c756d73790d
ORACLE_LINE	16	34	666565742073637566662074686520696e736372697074696f6e2c2063616e63656c6c696e672069747320706f74656e63652c206f722074687920776179776172640d
ORACLE_LINE	16	35	73776f72642d61726d20627265616b207468652074727563652e0d
ORACLE_LINE	16	36	2c2f290d
ORACLE_RESULT	16	37	35	1	20	20
ORACLE_LINE	17	0	546865206d6573736167652072656164733a
ORACLE_LINE	17	1	
ORACLE_LINE	17	2	4974206973207361696420746861742074686f75206d61797374206761696e20656e74727920746f204d6f6c6f636827732073616e6374756172792c2069662074686f750d
ORACLE_LINE	17	3	6461726573742c2066726f6d206120706c616365207768657265207468652067726f756e642076696272617465746820696e20746865206465657065737420646570746873206f660d
ORACLE_LINE	17	4	476568656e6e6f6d2e202054686f75206e65656473206d75737420686176652074686520616964206f66207468726565206d61676963616c206974656d732e20205468650d
ORACLE_LINE	17	5	7075726520736f756e64206f6620612073696c7665722062656c6c207368616c6c20616e6e6f756e636520746865652e2020546865207465727269626c652072756e65732c0d
ORACLE_LINE	17	6	726561642066726f6d204d6f6c6f6368277320626f6f6b2c207368616c6c2063617573652074686520656172746820746f207472656d626c65206d69676874696c792e20205468650d
ORACLE_LINE	17	7	6c69676874206f6620616e20656e6368616e7465642063616e64656c616272756d207368616c6c2073686f77207468656520746865207761792e0d
ORACLE_LINE	17	8	2c2f290d
ORACLE_LINE	17	9	496e207468652064656570657374207265636573736573206f66207468652044756e67656f6e73206f6620446f6f6d2c206775617264696e672061636365737320746f207468650d
ORACLE_LINE	17	10	6e657468657220726567696f6e732c207468657265207374616e64657468206120636173746c652c207768657265696e206c6965746820612077616e64206f66207769736865732e0d
ORACLE_LINE	17	11	49662074686f7520776f756c647374206761696e20656e7472792c20626561722077697468207468656520616e20696e737472756d656e74206f66206d757369632c20666f72207468650d
ORACLE_LINE	17	12	706f6e746c65766973206d617920626520636861726d656420646f776e2077697468207468652070726f706572206d656c6f64792e202057686174206e6f74657320636f6d70726973650d
ORACLE_LINE	17	13	6974206f6e6c792074686520676f6473206b6e6f772c206275742061206d75736963616c206d61737465726d696e64206d61792079657420737563636565642062792077697466756c0d
ORACLE_LINE	17	14	696d70726f7669736174696f6e2e2020486f77657665722c20746865206c65737320706572737069636163696f757320617265206e6f7420776974686f7574207265636f757273652c0d
ORACLE_LINE	17	15	73686f756c64207468657920626520707265706172656420746f2063697263756d616d62756c6174652074686520636173746c6520746f2074686520706f737465726e2e0d
ORACLE_LINE	17	16	2c2f290d
ORACLE_LINE	17	17	54686520676f647320617265207361696420746f20626520706c6561736564207768656e206f66666572696e67732061726520676976656e20746f207468650d
ORACLE_LINE	17	18	707269657374732077686f20617474656e642074686569722074656d706c65732c20616e642074686579206d6179206772616e7420766172696f7573206661766f727320746f0d
ORACLE_LINE	17	19	74686f73652077686f20646f20736f2e202042757420626577617265212020546f20626520796f756e6720616e642066727567616c20697320626574746572207468616e20746f0d
ORACLE_LINE	17	20	6265206f6c6420616e64206d697365726c792e0d
ORACLE_LINE	17	21	2c2f290d
ORACLE_LINE	17	22	546865206e616d65206f6620456c626572657468206d617920737472696b65206665617220696e746f2074686520686561727473206f66207468696e6520656e656d6965732c2069660d
ORACLE_LINE	17	23	74686f7520646f73742077726974652069742075706f6e207468652067726f756e642061742074687920666565742e202049662074686f75206d61696e7461696e657374207468650d
ORACLE_LINE	17	24	75746d6f73742063616c6d2c20746879207361666574792077696c6c2062652061696465642067726561746c792c2062757420626577617265206c6573742074687920636c756d73790d
ORACLE_LINE	17	25	666565742073637566662074686520696e736372697074696f6e2c2063616e63656c6c696e672069747320706f74656e63652c206f722074687920776179776172640d
ORACLE_LINE	17	26	73776f72642d61726d20627265616b207468652074727563652e0d
ORACLE_LINE	17	27	2c2f290d
ORACLE_RESULT	17	28	26	1	20	20
ORACLE_LINE	18	0	546865206d6573736167652072656164733a
ORACLE_LINE	18	1	
ORACLE_LINE	18	2	496e207468652064656570657374207265636573736573206f66207468652044756e67656f6e73206f6620446f6f6d2c206775617264696e672061636365737320746f207468650d
ORACLE_LINE	18	3	6e657468657220726567696f6e732c207468657265207374616e64657468206120636173746c652c207768657265696e206c6965746820612077616e64206f66207769736865732e0d
ORACLE_LINE	18	4	49662074686f7520776f756c647374206761696e20656e7472792c20626561722077697468207468656520616e20696e737472756d656e74206f66206d757369632c20666f72207468650d
ORACLE_LINE	18	5	706f6e746c65766973206d617920626520636861726d656420646f776e2077697468207468652070726f706572206d656c6f64792e202057686174206e6f74657320636f6d70726973650d
ORACLE_LINE	18	6	6974206f6e6c792074686520676f6473206b6e6f772c206275742061206d75736963616c206d61737465726d696e64206d61792079657420737563636565642062792077697466756c0d
ORACLE_LINE	18	7	696d70726f7669736174696f6e2e2020486f77657665722c20746865206c65737320706572737069636163696f757320617265206e6f7420776974686f7574207265636f757273652c0d
ORACLE_LINE	18	8	73686f756c64207468657920626520707265706172656420746f2063697263756d616d62756c6174652074686520636173746c6520746f2074686520706f737465726e2e0d
ORACLE_LINE	18	9	2c2f290d
ORACLE_LINE	18	10	54686520676f647320617265207361696420746f20626520706c6561736564207768656e206f66666572696e67732061726520676976656e20746f207468650d
ORACLE_LINE	18	11	707269657374732077686f20617474656e642074686569722074656d706c65732c20616e642074686579206d6179206772616e7420766172696f7573206661766f727320746f0d
ORACLE_LINE	18	12	74686f73652077686f20646f20736f2e202042757420626577617265212020546f20626520796f756e6720616e642066727567616c20697320626574746572207468616e20746f0d
ORACLE_LINE	18	13	6265206f6c6420616e64206d697365726c792e0d
ORACLE_LINE	18	14	2c2f290d
ORACLE_LINE	18	15	546865206e616d65206f6620456c626572657468206d617920737472696b65206665617220696e746f2074686520686561727473206f66207468696e6520656e656d6965732c2069660d
ORACLE_LINE	18	16	74686f7520646f73742077726974652069742075706f6e207468652067726f756e642061742074687920666565742e202049662074686f75206d61696e7461696e657374207468650d
ORACLE_LINE	18	17	75746d6f73742063616c6d2c20746879207361666574792077696c6c2062652061696465642067726561746c792c2062757420626577617265206c6573742074687920636c756d73790d
ORACLE_LINE	18	18	666565742073637566662074686520696e736372697074696f6e2c2063616e63656c6c696e672069747320706f74656e63652c206f722074687920776179776172640d
ORACLE_LINE	18	19	73776f72642d61726d20627265616b207468652074727563652e0d
ORACLE_LINE	18	20	2c2f290d
ORACLE_RESULT	18	21	19	1	20	20
ORACLE_LINE	19	0	546865206d6573736167652072656164733a
ORACLE_LINE	19	1	
ORACLE_LINE	19	2	54686520676f647320617265207361696420746f20626520706c6561736564207768656e206f66666572696e67732061726520676976656e20746f207468650d
ORACLE_LINE	19	3	707269657374732077686f20617474656e642074686569722074656d706c65732c20616e642074686579206d6179206772616e7420766172696f7573206661766f727320746f0d
ORACLE_LINE	19	4	74686f73652077686f20646f20736f2e202042757420626577617265212020546f20626520796f756e6720616e642066727567616c20697320626574746572207468616e20746f0d
ORACLE_LINE	19	5	6265206f6c6420616e64206d697365726c792e0d
ORACLE_LINE	19	6	2c2f290d
ORACLE_LINE	19	7	546865206e616d65206f6620456c626572657468206d617920737472696b65206665617220696e746f2074686520686561727473206f66207468696e6520656e656d6965732c2069660d
ORACLE_LINE	19	8	74686f7520646f73742077726974652069742075706f6e207468652067726f756e642061742074687920666565742e202049662074686f75206d61696e7461696e657374207468650d
ORACLE_LINE	19	9	75746d6f73742063616c6d2c20746879207361666574792077696c6c2062652061696465642067726561746c792c2062757420626577617265206c6573742074687920636c756d73790d
ORACLE_LINE	19	10	666565742073637566662074686520696e736372697074696f6e2c2063616e63656c6c696e672069747320706f74656e63652c206f722074687920776179776172640d
ORACLE_LINE	19	11	73776f72642d61726d20627265616b207468652074727563652e0d
ORACLE_LINE	19	12	2c2f290d
ORACLE_RESULT	19	13	11	1	20	20
ORACLE_LINE	20	0	546865206d6573736167652072656164733a
ORACLE_LINE	20	1	
ORACLE_LINE	20	2	546865206e616d65206f6620456c626572657468206d617920737472696b65206665617220696e746f2074686520686561727473206f66207468696e6520656e656d6965732c2069660d
ORACLE_LINE	20	3	74686f7520646f73742077726974652069742075706f6e207468652067726f756e642061742074687920666565742e202049662074686f75206d61696e7461696e657374207468650d
ORACLE_LINE	20	4	75746d6f73742063616c6d2c20746879207361666574792077696c6c2062652061696465642067726561746c792c2062757420626577617265206c6573742074687920636c756d73790d
ORACLE_LINE	20	5	666565742073637566662074686520696e736372697074696f6e2c2063616e63656c6c696e672069747320706f74656e63652c206f722074687920776179776172640d
ORACLE_LINE	20	6	73776f72642d61726d20627265616b207468652074727563652e0d
ORACLE_LINE	20	7	2c2f290d
ORACLE_RESULT	20	8	6	1	20	20
RUMOR_HEADER	111	25425	25314	25425	51584	26159	51584
RANDOM_HEADER	rumors.true	390	111	25425	60
RANDOM_RESULT	rumors.true	0	25245	10	25314	172	4120626c696e64666f6c642063616e20626520766572792075736566756c20696620796f752772652074656c657061746869632e5f5f5f5f5f5f5f0d
RANDOM_RESULT	rumors.true	1	0	1	25314	250	412063616e64656c616272756d2061666669786564207769746820736576656e2063616e646c65732073686f7773207468652077617920776974682061206d61676963616c206c696768742e0d
RANDOM_RESULT	rumors.true	2	61	10	25314	311	4120637265616d20706965206861732074776f20757365733a20666f6f642e2e2e20616e6420656e7465727461696e6d656e742e5f5f5f5f5f5f5f0d
RANDOM_RESULT	rumors.true	3	139	1	25314	372	41206372797374616c20706c617465206d61696c2077696c6c206e6f7420727573742e5f5f5f5f5f5f5f5f5f5f5f5f5f5f5f5f5f5f5f5f5f5f5f5f0d
RANDOM_RESULT	rumors.true	4	200	1	25314	452	41206465616420626f6479206d61792070726f7465637420796f7572206c69766520626f64792e2020427574206f6e6c7920616e206974656d2063616e2070726f7465637420616e206974656d2e0d
RANDOM_RESULT	rumors.true	5	261	10	25314	513	41206b6174616e61206d6967687420736c696365206120776f726d20696e2074776f2e5f5f5f5f5f5f5f5f5f5f5f5f5f5f5f5f5f5f5f5f5f5f5f5f0d
RANDOM_RESULT	rumors.true	6	341	1	25314	574	41206d6167696320766f6d69742070756d7020636f756c642062652075736566756c20666f7220676f75726d616e64732e5f5f5f5f5f5f5f5f5f5f0d
RANDOM_RESULT	rumors.true	7	402	1	25314	635	41206e796d7068206b6e6f777320686f7720746f20756e6c6f636b20636861696e732e5f5f5f5f5f5f5f5f5f5f5f5f5f5f5f5f5f5f5f5f5f5f5f5f0d
RANDOM_RESULT	rumors.true	8	463	1	25314	696	4120706f74696f6e206f6620626c696e646e657373206c65747320796f752073656520696e76697369626c65207468696e67732e5f5f5f5f5f5f5f0d
RANDOM_RESULT	rumors.true	9	524	1	25314	757	41207072696573742063616e206765742074686520676f647320746f206c697374656e20656173696c792e5f5f5f5f5f5f5f5f5f5f5f5f5f5f5f5f0d
RANDOM_RESULT	rumors.true	10	585	1	25314	826	412070726965737465737320616e6420612076697267696e20796f75206d696768742062652c20627574207468617420756e69636f726e20776f6e277420636172652e0d
RANDOM_RESULT	rumors.true	11	646	10	25314	894	412072696e67206f6620636f6e666c696374206973206120626164207468696e672069662074686572652069732061206e7572736520696e2074686520726f6f6d2e0d
RANDOM_RESULT	rumors.true	12	715	10	25314	955	412073686f72742073776f7264206973206e6f7420617320676f6f642061732061206c6f6e672073776f72642e5f5f5f5f5f5f5f5f5f5f5f5f5f5f0d
RANDOM_RESULT	rumors.true	13	783	1	25314	1016	412073756363756275732077696c6c20676f2066617274686572207468616e2061206e796d70682e5f5f5f5f5f5f5f5f5f5f5f5f5f5f5f5f5f5f5f0d
RANDOM_RESULT	rumors.true	14	844	1	25314	1077	412077616e642063616e2065786f7263697a6520612070617374206578706c6f72657227732067686f73742e5f5f5f5f5f5f5f5f5f5f5f5f5f5f5f0d
RANDOM_RESULT	rumors.true	15	905	1	25314	1138	4163696420626c6f62732073686f756c642062652061747461636b656420626172652d68616e6465642e5f5f5f5f5f5f5f5f5f5f5f5f5f5f5f5f5f0d
RANDOM_RESULT	rumors.true	16	966	1	25314	1199	416666616972732077697468206e796d70687320617265206f6674656e207665727920657870656e736976652e5f5f5f5f5f5f5f5f5f5f5f5f5f5f0d
RANDOM_RESULT	rumors.true	17	1027	1	25314	1260	416672616964206f66206e796d7068733f20205765617220612072696e67206f662061646f726e6d656e742e5f5f5f5f5f5f5f5f5f5f5f5f5f5f5f0d
RANDOM_RESULT	rumors.true	18	1088	1	25314	1321	416672616964206f6620796f75722076616c7561626c6573206265696e672073746f6c656e3f20204361727279206d6f7265206a756e6b215f5f5f0d
RANDOM_RESULT	rumors.true	19	1149	1	25314	1382	416c77617973206265206177617265206f6620746865207068617365206f6620746865206d6f6f6e215f5f5f5f5f5f5f5f5f5f5f5f5f5f5f5f5f5f0d
RANDOM_RESULT	rumors.true	20	1210	1	25314	1443	416c776179732073776565702074686520666c6f6f72206265666f726520656e67726176696e6720696d706f7274616e74206d657373616765732e0d
RANDOM_RESULT	rumors.true	21	1271	1	25314	1509	416d756c657473206f662059656e646f7220617265206861726420746f206d616b652e20204576656e20666f7220612077616e64206f662077697368696e672e0d
RANDOM_RESULT	rumors.true	22	1332	10	25314	1570	416e20656c76656e20636c6f616b2069732075736566756c20616761696e7374206d616769632e5f5f5f5f5f5f5f5f5f5f5f5f5f5f5f5f5f5f5f5f0d
RANDOM_RESULT	rumors.true	23	1398	1	25314	1631	416e20756d6265722068756c6b2063616e206265206120636f6e667573696e672073696768742e5f5f5f5f5f5f5f5f5f5f5f5f5f5f5f5f5f5f5f5f0d
RANDOM_RESULT	rumors.true	24	1459	1	25314	1692	41732043726f6d206973206d79207769746e6573732c2049276c6c206e6576657220676f2068756e67727920616761696e215f5f5f5f5f5f5f5f5f0d
RANDOM_RESULT	rumors.true	25	1520	1	25314	1753	41736b696e672061626f7574206d6f6e7374657273206d617920626520766572792075736566756c2e5f5f5f5f5f5f5f5f5f5f5f5f5f5f5f5f5f5f0d
RANDOM_RESULT	rumors.true	26	1581	1	25314	1814	41747461636b206c6f6e6720776f726d732066726f6d207468652072656172202d2d207468617420697320736f206d756368207361666572215f5f0d
RANDOM_RESULT	rumors.true	27	1642	1	25314	1880	41747461636b696e6720616e2065656c207768657265207468657265206973206e6f6e6520697320757375616c6c79206120666174616c206d697374616b65210d
RANDOM_RESULT	rumors.true	28	1703	10	25314	1941	42616e646167696e6720776f756e64732068656c7073206b65657020757020617070656172616e6365732e5f5f5f5f5f5f5f5f5f5f5f5f5f5f5f5f0d
RANDOM_RESULT	rumors.true	29	1769	1	25314	2002	42617368696e67206d6f6e73746572732077697468206120626f77206973206e6f742073756368206120676f6f6420696465612e5f5f5f5f5f5f5f0d
RANDOM_RESULT	rumors.true	30	1830	1	25314	2063	4265206361726566756c2120205468652057697a617264206d617920706c616e20616e20616d62757368215f5f5f5f5f5f5f5f5f5f5f5f5f5f5f5f0d
RANDOM_RESULT	rumors.true	31	1891	1	25314	2133	4265206e69636520746f2061206e757273653a2020507574206177617920796f757220776561706f6e20616e642074616b65206f666620796f757220636c6f746865732e0d
RANDOM_RESULT	rumors.true	32	1952	10	25314	2194	426c616e6b207363726f6c6c73206d616b65206d6f726520696e746572657374696e672072656164696e672e5f5f5f5f5f5f5f5f5f5f5f5f5f5f5f0d
RANDOM_RESULT	rumors.true	33	2022	1	25314	2255	426c696e643f20204361746368206120666c6f6174696e6720657965215f5f5f5f5f5f5f5f5f5f5f5f5f5f5f5f5f5f5f5f5f5f5f5f5f5f5f5f5f5f0d
RANDOM_RESULT	rumors.true	34	2083	1	25314	2317	426f6f6b73656c6c657273206e657665722072656164207363726f6c6c733b2074686579206d6967687420676574206361727269656420617761792e0d
RANDOM_RESULT	rumors.true	35	2144	10	25314	2378	4368656d6973747279203130313a204e6576657220706f757220776174657220696e746f20616369642e5f5f5f5f5f5f5f5f5f5f5f5f5f5f5f5f5f0d
RANDOM_RESULT	rumors.true	36	2206	1	25314	2439	436f6e6369736520636f6e71756573743a2020436f6e74726f6c2c20636f6e667573652c20636f6e6a7572652c20636f6e64656d6e2e5f5f5f5f5f0d
RANDOM_RESULT	rumors.true	37	2267	1	25314	2500	436f6e736572766520656e657267792c207475726e206f666620746865206c69676874732e5f5f5f5f5f5f5f5f5f5f5f5f5f5f5f5f5f5f5f5f5f5f0d
RANDOM_RESULT	rumors.true	38	2328	1	25314	2561	44696767696e67207570206120677261766520636f756c6420626520612062616420696465612e2e2e5f5f5f5f5f5f5f5f5f5f5f5f5f5f5f5f5f5f0d
RANDOM_RESULT	rumors.true	39	2389	1	25314	2622	44696c69746869756d206372797374616c7320617265207261726520696e646565642e5f5f5f5f5f5f5f5f5f5f5f5f5f5f5f5f5f5f5f5f5f5f5f5f0d
RANDOM_RESULT	rumors.true	40	2450	1	25314	2683	446f677320617265206174747261637465642062792074686520736d656c6c206f662074726970652e5f5f5f5f5f5f5f5f5f5f5f5f5f5f5f5f5f5f0d
RANDOM_RESULT	rumors.true	41	2511	1	25314	2744	446f67732061726520737570657273746974696f75733b2074686579206e657665722073746570206f6e20637572736564206974656d732e5f5f5f0d
RANDOM_RESULT	rumors.true	42	2572	1	25314	2805	446f6773206f662067686f737473206172656e277420616e6772792c206a7573742068756e6772792e5f5f5f5f5f5f5f5f5f5f5f5f5f5f5f5f5f5f0d
RANDOM_RESULT	rumors.true	43	2633	1	25314	2874	446f6e277420666f726765742120204c6172676520646f677320617265204d5543482068617264657220746f206b696c6c207468616e206c6974746c6520646f67732e0d
RANDOM_RESULT	rumors.true	44	2694	10	25314	2935	446f6e2774206c617368206f75742061742070656f706c65207768696c6520626c696e6465642e5f5f5f5f5f5f5f5f5f5f5f5f5f5f5f5f5f5f5f5f0d
RANDOM_RESULT	rumors.true	45	2763	1	25314	3000	446f6e2774206d65737320776974682073686f706b6565706572732c206f7220796f75276c6c2067657420746865204775696c6420616674657220796f752e0d
RANDOM_RESULT	rumors.true	46	2824	10	25314	3061	447261676f6e73206e657665722077686970207468656972206368696c6472656e3b207468657920776f756c646e2774206665656c206974215f5f0d
RANDOM_RESULT	rumors.true	47	2889	1	25314	3122	447761727665732075736520746865697220636c6f616b7320746f206b656570207468656972206472696e6b7320636f6f6c2e5f5f5f5f5f5f5f5f0d
RANDOM_RESULT	rumors.true	48	2950	1	25314	3183	45617420796f757220636172726f74732e20205468657927726520676f6f6420666f7220796f757220657965732e5f5f5f5f5f5f5f5f5f5f5f5f5f0d
RANDOM_RESULT	rumors.true	49	3011	1	25314	3244	456174696e67206120667265657a696e6720737068657265206973206c696b6520656174696e67206120796574692e5f5f5f5f5f5f5f5f5f5f5f5f0d
RANDOM_RESULT	rumors.true	50	3072	1	25314	3305	456174696e672061206b696c6c657220626565206973206c696b6520656174696e6720612073636f7270696f6e2e5f5f5f5f5f5f5f5f5f5f5f5f5f0d
RANDOM_RESULT	rumors.true	51	3133	1	25314	3366	456174696e6720612074656e6775206973206c696b6520656174696e672061206e796d70682e5f5f5f5f5f5f5f5f5f5f5f5f5f5f5f5f5f5f5f5f5f0d
RANDOM_RESULT	rumors.true	52	3194	1	25314	3427	456174696e67206120777261697468206973206120726577617264696e6720657870657269656e6365215f5f5f5f5f5f5f5f5f5f5f5f5f5f5f5f5f0d
RANDOM_RESULT	rumors.true	53	3255	1	25314	3488	456174696e6720756e70616964206c65707265636861756e73206d617920626520616476616e746167656f75732e5f5f5f5f5f5f5f5f5f5f5f5f5f0d
RANDOM_RESULT	rumors.true	54	3316	1	25314	3549	456c6265726574682068617320717569746520612072657075746174696f6e2061726f756e642074686573652070617274732e5f5f5f5f5f5f5f5f0d
RANDOM_RESULT	rumors.true	55	3377	1	25314	3628	456c6620636f72707365732061726520696e636f6d70617469626c652077697468207468652073616e646d616e2c20616e642061742074696d65732074686520676f64732061732077656c6c2e0d
RANDOM_RESULT	rumors.true	56	3438	10	25314	3689	456c76656e20636c6f616b732063616e6e6f7420727573742e5f5f5f5f5f5f5f5f5f5f5f5f5f5f5f5f5f5f5f5f5f5f5f5f5f5f5f5f5f5f5f5f5f5f0d
RANDOM_RESULT	rumors.true	57	3517	1	25314	3750	456c7665732063616e2068656c7020796f75206665656c206c6573732074697265642e5f5f5f5f5f5f5f5f5f5f5f5f5f5f5f5f5f5f5f5f5f5f5f5f0d
RANDOM_RESULT	rumors.true	58	3578	1	25314	3811	4576656e206576696c20706c61796572732068617665206120677561726469616e20616e67656c2e5f5f5f5f5f5f5f5f5f5f5f5f5f5f5f5f5f5f5f0d
RANDOM_RESULT	rumors.true	59	3639	1	25314	3887	4576656e20746865206d6f737420706f77657266756c206865726f657320736f6d6574696d6573206e65656420746f207175616666206177617920746865697220696e6a75726965732e0d
RANDOM_RESULT	rumors.true	60	3700	10	25314	3948	4576657220666f75676874207769746820616e20656e6368616e74656420746f6f74683f5f5f5f5f5f5f5f5f5f5f5f5f5f5f5f5f5f5f5f5f5f5f5f0d
RANDOM_RESULT	rumors.true	61	3776	1	25314	4009	457665722074726965642072656164696e67207768696c6520636f6e66757365643f5f5f5f5f5f5f5f5f5f5f5f5f5f5f5f5f5f5f5f5f5f5f5f5f5f0d
RANDOM_RESULT	rumors.true	62	3837	1	25314	4070	4576657220747269656420746f206c6f636b20612074726f6c6c20696e736964652061206c6172676520626f783f5f5f5f5f5f5f5f5f5f5f5f5f5f0d
RANDOM_RESULT	rumors.true	63	3898	1	25314	4134	4576657220776f6e646572656420776879206f6e6520776f756c642077616e7420746f2064697020736f6d657468696e6720696e206120706f74696f6e3f0d
RANDOM_RESULT	rumors.true	64	3959	10	25314	4195	457870656e736976652063616d6572617320686176652070656e6574726174696e6720666c617368206c69676874732e5f5f5f5f5f5f5f5f5f5f5f0d
RANDOM_RESULT	rumors.true	65	4023	1	25314	4256	45787472612073746169726361736573206c65616420746f206578747261206c6576656c732e5f5f5f5f5f5f5f5f5f5f5f5f5f5f5f5f5f5f5f5f5f0d
RANDOM_RESULT	rumors.true	66	4084	1	25314	4317	4669657279206c657474657273206d69676874206465746572206d6f6e73746572732e5f5f5f5f5f5f5f5f5f5f5f5f5f5f5f5f5f5f5f5f5f5f5f5f0d
RANDOM_RESULT	rumors.true	67	4145	1	25314	4378	466f72206120676f6f642074696d6520656e67726176652060456c626572657468272e5f5f5f5f5f5f5f5f5f5f5f5f5f5f5f5f5f5f5f5f5f5f5f5f0d
RANDOM_RESULT	rumors.true	68	4206	1	25314	4439	47656d732061726520746f6f2070726563696f757320746f206265207468726f776e206177617920636172656c6573736c792e5f5f5f5f5f5f5f5f0d
RANDOM_RESULT	rumors.true	69	4267	1	25314	4500	47657474696e672068756e6772793f202053746f702077656172696e672072696e6773215f5f5f5f5f5f5f5f5f5f5f5f5f5f5f5f5f5f5f5f5f5f5f0d
RANDOM_RESULT	rumors.true	70	4328	1	25314	4580	47657474696e6720746f6f207761726d3f202054616b65206f6666207468617420416d756c6574206f662059656e646f7220616e64207374617920617761792066726f6d207468652065786974210d
RANDOM_RESULT	rumors.true	71	4389	10	25314	4641	476f6473206578706563742074686520626573742066726f6d20746865697220707269657374686f6f642e5f5f5f5f5f5f5f5f5f5f5f5f5f5f5f5f0d
RANDOM_RESULT	rumors.true	72	4469	1	25314	4702	476f6473206c6f6f6b20646f776e207468656972206e6f7365732061742064656d69676f64732e5f5f5f5f5f5f5f5f5f5f5f5f5f5f5f5f5f5f5f5f0d
RANDOM_RESULT	rumors.true	73	4530	1	25314	4763	476f6473206c6f7665206361747320616e6420646f67732e5f5f5f5f5f5f5f5f5f5f5f5f5f5f5f5f5f5f5f5f5f5f5f5f5f5f5f5f5f5f5f5f5f5f5f0d
RANDOM_RESULT	rumors.true	74	4591	1	25314	4824	476f742061207175657374696f6e3f2020547279207265632e67616d65732e726f6775656c696b652e6e65746861636b2e5f5f5f5f5f5f5f5f5f5f0d
RANDOM_RESULT	rumors.true	75	4652	1	25314	4885	477261766520726f626265727320736f6d6574696d65732067657420726963682e5f5f5f5f5f5f5f5f5f5f5f5f5f5f5f5f5f5f5f5f5f5f5f5f5f5f0d
RANDOM_RESULT	rumors.true	76	4713	1	25314	4946	477579204d6f6e746167206b6565707320686973207363726f6c6c7320696e2061206261672e5f5f5f5f5f5f5f5f5f5f5f5f5f5f5f5f5f5f5f5f5f0d
RANDOM_RESULT	rumors.true	77	4774	1	25314	5010	48616e646c6520796f757220666c61736b73206361726566756c6c79202d2d207468657265206d6967687420626520612067686f737420696e73696465210d
RANDOM_RESULT	rumors.true	78	4835	10	25314	5071	48656176792d6475747920626f6f74732063616e2070726f74656374206d6f7265207468616e206a75737420796f757220666565742e5f5f5f5f5f0d
RANDOM_RESULT	rumors.true	79	4899	1	25314	5132	486f6c7920776174657220686173206d616e7920757365732e5f5f5f5f5f5f5f5f5f5f5f5f5f5f5f5f5f5f5f5f5f5f5f5f5f5f5f5f5f5f5f5f5f5f0d
RANDOM_RESULT	rumors.true	80	4960	1	25314	5193	486f72736573207472757374207468656972207269646572732c206576656e207768656e206e6f7420736f2064657365727665642e5f5f5f5f5f5f0d
RANDOM_RESULT	rumors.true	81	5021	1	25314	5254	48756e676572206973206120636f6e667573696e6720657870657269656e636520666f72206120646f67215f5f5f5f5f5f5f5f5f5f5f5f5f5f5f5f0d
RANDOM_RESULT	rumors.true	82	5082	1	25314	5315	49206f6e6365206b6e65772061206861636b65722077686f2061746520746f6f206661737420616e642063686f6b656420746f2064656174682e5f0d
RANDOM_RESULT	rumors.true	83	5143	1	25314	5376	4920736d656c6c2061206d617a65206f6620747769737479206c6974746c652070617373616765732e5f5f5f5f5f5f5f5f5f5f5f5f5f5f5f5f5f5f0d
RANDOM_RESULT	rumors.true	84	5204	1	25314	5439	4920776973682049206e657665722077697368656420612077616e64206f662077697368696e672e2020285769736866756c207468696e6b696e672e290d
RANDOM_RESULT	rumors.true	85	5265	10	25314	5500	4920776f756c646e27742061647669736520706c6179696e6720636174636820776974682061206769616e742e5f5f5f5f5f5f5f5f5f5f5f5f5f5f0d
RANDOM_RESULT	rumors.true	86	5328	1	25314	5561	49276d207761746368696e6720796f752e20202d2d205468652057697a617264206f662059656e646f725f5f5f5f5f5f5f5f5f5f5f5f5f5f5f5f5f0d
RANDOM_RESULT	rumors.true	87	5389	1	25314	5622	49636520626f786573206b65657020796f757220666f6f642066726573682e5f5f5f5f5f5f5f5f5f5f5f5f5f5f5f5f5f5f5f5f5f5f5f5f5f5f5f5f0d
RANDOM_RESULT	rumors.true	88	5450	1	25314	5683	496620796f7520617265206265696e672070756e69736865642c206974277320646f6e652077697468206120646561646c7920776561706f6e2e5f0d
RANDOM_RESULT	rumors.true	89	5511	1	25314	5744	496620796f75206b696c6c207468652057697a6172642c20796f75206765742070726f6d6f74656420746f2064656d692d676f642e5f5f5f5f5f5f0d
RANDOM_RESULT	rumors.true	90	5572	1	25314	5805	496620796f75206e65656420612077616e64206f662064696767696e672c206b696e646c792061736b20746865206d696e6f746175722e5f5f5f5f0d
RANDOM_RESULT	rumors.true	91	5633	1	25314	5866	496620796f752077616e7420746f206869742c207573652061206461676765722e5f5f5f5f5f5f5f5f5f5f5f5f5f5f5f5f5f5f5f5f5f5f5f5f5f5f0d
RANDOM_RESULT	rumors.true	92	5694	1	25314	5927	496620796f752077616e7420746f20726f6220612073686f702c20747261696e20796f757220646f672e5f5f5f5f5f5f5f5f5f5f5f5f5f5f5f5f5f0d
RANDOM_RESULT	rumors.true	93	5755	1	25314	5989	496620796f75277265206c6f73742c2074727920627579696e672061206d6170206e6578742074696d6520796f7527726520696e20612073686f702e0d
RANDOM_RESULT	rumors.true	94	5816	10	25314	6050	496620796f75722068616e647320617265206772656173792c20776879206e6f742077617368207468656d3f5f5f5f5f5f5f5f5f5f5f5f5f5f5f5f0d
RANDOM_RESULT	rumors.true	95	5878	1	25314	6116	496620796f7572206974656d73206765742064657374726f7965642c20796f7520776572656e27742077656172696e67207468652072696768742072696e672e0d
RANDOM_RESULT	rumors.true	96	5939	10	25314	6196	496e7369646520612073686f7020796f75206265747465722074616b652061206c6f6f6b206174207468652070726963652074616773206265666f726520627579696e6720616e797468696e672e0d
RANDOM_RESULT	rumors.true	97	6005	10	25314	6257	497420697320626164206d616e6e65727320746f2075736520612077616e6420696e20612073686f702e5f5f5f5f5f5f5f5f5f5f5f5f5f5f5f5f5f0d
RANDOM_RESULT	rumors.true	98	6085	1	25314	6318	49742069732064616e6765726f757320746f207669736974206120677261766579617264206174206d69646e696768742e5f5f5f5f5f5f5f5f5f5f0d
RANDOM_RESULT	rumors.true	99	6146	1	25314	6379	4974206973206e6f7420616c77617973206120676f6f64206964656120746f2077686973746c6520666f7220796f757220646f672e5f5f5f5f5f5f0d
RANDOM_RESULT	rumors.true	100	6207	1	25314	6440	49742069732072756d6f7265642074686174207468652057697a6172642068617320686972656420736f6d652068656c702e5f5f5f5f5f5f5f5f5f0d
RANDOM_RESULT	rumors.true	101	6268	1	25314	6505	497420697320746865206c65747465722027632720616e64206e6f74202765272074686174206368616e6765732073746174757320746f207374617475652e0d
RANDOM_RESULT	rumors.true	102	6329	10	25314	6566	4974206d69676874206265206120676f6f64206964656120746f206f666665722074686520756e69636f726e206120727562792e5f5f5f5f5f5f5f0d
RANDOM_RESULT	rumors.true	103	6394	1	25314	6627	497420776f756c6420626520706563756c6961726c7920736164207765726520796f757220646f67207475726e656420746f2073746f6e652e5f5f0d
RANDOM_RESULT	rumors.true	104	6455	1	25314	6688	4974277320612027642720656174732027642720776f726c642e5f5f5f5f5f5f5f5f5f5f5f5f5f5f5f5f5f5f5f5f5f5f5f5f5f5f5f5f5f5f5f5f5f0d
RANDOM_RESULT	rumors.true	105	6516	1	25314	6749	4a757374206265636175736520697420736179732052454144204d4520646f65736e2774206d65616e20796f752073686f756c642e5f5f5f5f5f5f0d
RANDOM_RESULT	rumors.true	106	6577	1	25314	6810	4b65657020796f75722061726d6f727320617761792066726f6d20727573742e5f5f5f5f5f5f5f5f5f5f5f5f5f5f5f5f5f5f5f5f5f5f5f5f5f5f5f0d
RANDOM_RESULT	rumors.true	107	6638	1	25314	6871	4b65657020796f757220776561706f6e727920617761792066726f6d2061636964732e5f5f5f5f5f5f5f5f5f5f5f5f5f5f5f5f5f5f5f5f5f5f5f5f0d
RANDOM_RESULT	rumors.true	108	6699	1	25314	6932	4b696c6c206120756e69636f726e206f6620796f757220636f6c6f7220616e6420796f75206b696c6c20796f7572206c75636b2e5f5f5f5f5f5f5f0d
RANDOM_RESULT	rumors.true	109	6760	1	25314	6993	4c65617468657220697320776174657270726f6f662e20204576657220736565206120636f77207769746820616e20756d6272656c6c613f5f5f5f0d
RANDOM_RESULT	rumors.true	110	6821	1	25314	7054	4c65707265636861756e732061726520746865206d6f737420736b696c6c65642063757470757273657320696e20746869732064756e67656f6e2e0d
RANDOM_RESULT	rumors.true	111	6882	1	25314	7115	4c697a61726420636f72707365732070726f7465637420616761696e737420636f636b617472696365732e5f5f5f5f5f5f5f5f5f5f5f5f5f5f5f5f0d
RANDOM_RESULT	rumors.true	112	6943	1	25314	7186	4d6f6e6579206c6f73742c206c6974746c65206c6f73743b20686f6e6f72206c6f73742c206d756368206c6f73743b20706c75636b206c6f73742c20616c6c206c6f73742e0d
RANDOM_RESULT	rumors.true	113	7004	10	25314	7247	4d6f7374206d6f6e73746572732063616e2774207377696d2e5f5f5f5f5f5f5f5f5f5f5f5f5f5f5f5f5f5f5f5f5f5f5f5f5f5f5f5f5f5f5f5f5f5f0d
RANDOM_RESULT	rumors.true	114	7075	1	25314	7308	4d75736963206861746820636861726d7320746f20616666656374207468652073747562626f726e20647261776272696467652e5f5f5f5f5f5f5f0d
RANDOM_RESULT	rumors.true	115	7136	1	25314	7369	4d75736963206861746820636861726d7320746f20736f6f74686520746865207361766167652062656173742e5f5f5f5f5f5f5f5f5f5f5f5f5f5f0d
RANDOM_RESULT	rumors.true	116	7197	1	25314	7430	4e657665722061747461636b20612067756172642e5f5f5f5f5f5f5f5f5f5f5f5f5f5f5f5f5f5f5f5f5f5f5f5f5f5f5f5f5f5f5f5f5f5f5f5f5f5f0d
RANDOM_RESULT	rumors.true	117	7258	1	25314	7491	4e6576657220726964652061206c6f6e6720776f726d2e5f5f5f5f5f5f5f5f5f5f5f5f5f5f5f5f5f5f5f5f5f5f5f5f5f5f5f5f5f5f5f5f5f5f5f5f0d
RANDOM_RESULT	rumors.true	118	7319	1	25314	7552	4e657665722075736520796f7572206265737420776561706f6e20746f20656e677261766520612063757273652e5f5f5f5f5f5f5f5f5f5f5f5f5f0d
RANDOM_RESULT	rumors.true	119	7380	1	25314	7613	4e6f2065617379206669676874696e6720776974682061206865617679206c6f6164215f5f5f5f5f5f5f5f5f5f5f5f5f5f5f5f5f5f5f5f5f5f5f5f0d
RANDOM_RESULT	rumors.true	120	7441	1	25314	7674	4e6f7420616c6c20626f6f74732077657265206d61646520666f722077616c6b696e672e5f5f5f5f5f5f5f5f5f5f5f5f5f5f5f5f5f5f5f5f5f5f5f0d
RANDOM_RESULT	rumors.true	121	7502	1	25314	7741	4e75727365732061726520747261696e656420746f20746f756368206e616b656420706572736f6e733a20207468657920646f6e2774206861726d207468656d2e0d
RANDOM_RESULT	rumors.true	122	7563	10	25314	7802	4e796d7068732063616e20756e6c696e6b206d6f7265207468616e20796f757220636861696e206d61696c2e5f5f5f5f5f5f5f5f5f5f5f5f5f5f5f0d
RANDOM_RESULT	rumors.true	123	7630	1	25314	7872	4f6e636520796f7572206c6974746c6520646f672077696c6c20626520612062696720646f672c20616e6420796f752077696c6c2062652070726f7564206f662069742e0d
RANDOM_RESULT	rumors.true	124	7691	10	25314	7933	4f6e6c792066656d616c65206d6f6e73746572732063616e206c617920656767732e5f5f5f5f5f5f5f5f5f5f5f5f5f5f5f5f5f5f5f5f5f5f5f5f5f0d
RANDOM_RESULT	rumors.true	125	7761	1	25314	8010	4f6e6c7920746865206d6f737420636f6e667573656420616476656e74757265727320776f756c642072656164206375727365642064657374726f792061726d6f72207363726f6c6c732e0d
RANDOM_RESULT	rumors.true	126	7822	10	25314	8083	4f70656e696e6720612074696e20697320646966666963756c742c20657370656369616c6c79207768656e20796f7520617474656d707420697420626172652068616e646564210d
RANDOM_RESULT	rumors.true	127	7899	10	25314	8144	4f72637320616e64206b696c6c65722062656573207368617265207468656972206c6966657374796c652e5f5f5f5f5f5f5f5f5f5f5f5f5f5f5f5f0d
RANDOM_RESULT	rumors.true	128	7972	1	25314	8205	4f72637320646f206e6f742070726f63726561746520696e206461726b20726f6f6d732e5f5f5f5f5f5f5f5f5f5f5f5f5f5f5f5f5f5f5f5f5f5f5f0d
RANDOM_RESULT	rumors.true	129	8033	1	25314	8266	506c61696e206e796d70687320617265206861726d6c6573732e5f5f5f5f5f5f5f5f5f5f5f5f5f5f5f5f5f5f5f5f5f5f5f5f5f5f5f5f5f5f5f5f5f0d
RANDOM_RESULT	rumors.true	130	8094	1	25314	8327	506c6179696e672041442644206d61792062652068656c7066756c2e5f5f5f5f5f5f5f5f5f5f5f5f5f5f5f5f5f5f5f5f5f5f5f5f5f5f5f5f5f5f5f0d
RANDOM_RESULT	rumors.true	131	8155	1	25314	8388	506c6179696e67204761756e746c6574206d6967687420626520656e6c69676874656e696e6720696e20736f6d6520736974756174696f6e732e5f0d
RANDOM_RESULT	rumors.true	132	8216	1	25314	8449	506c6179696e672062696c6c69617264732070617973207768656e20796f752061726520696e20612073686f702e5f5f5f5f5f5f5f5f5f5f5f5f5f0d
RANDOM_RESULT	rumors.true	133	8277	1	25314	8510	506f6c796d6f727068696e6720612073686f706b6565706572206d69676874206d616b6520796f752073616665722e5f5f5f5f5f5f5f5f5f5f5f5f0d
RANDOM_RESULT	rumors.true	134	8338	1	25314	8571	506f6c796d6f727068696e6720796f757220646f672070726f6261626c79206d616b657320796f752073616665722e5f5f5f5f5f5f5f5f5f5f5f5f0d
RANDOM_RESULT	rumors.true	135	8399	1	25314	8632	506f74696f6e7320646f6e277420757375616c6c79206d69782c2062757420736f6d6574696d65732e2e2e5f5f5f5f5f5f5f5f5f5f5f5f5f5f5f5f0d
RANDOM_RESULT	rumors.true	136	8460	1	25314	8693	507373742120204974277320646f6e652077697468206d6972726f7273215f5f5f5f5f5f5f5f5f5f5f5f5f5f5f5f5f5f5f5f5f5f5f5f5f5f5f5f5f0d
RANDOM_RESULT	rumors.true	137	8521	1	25314	8765	507574206f6e20612072696e67206f662074656c65706f72746174696f6e3a202069742077696c6c2074616b6520796f7520617761792066726f6d206f6e736c61756768742e0d
RANDOM_RESULT	rumors.true	138	8582	10	25314	8826	52617973206172656e277420626f6f6d6572616e67732c206f6620636f757273652c20627574207374696c6c2e2e2e5f5f5f5f5f5f5f5f5f5f5f5f0d
RANDOM_RESULT	rumors.true	139	8654	1	25314	8903	5265616420746865206d616e75616c206265666f726520656e746572696e67207468652063617665202d2d20796f75206d6967687420676574206b696c6c6564206f74686572776973652e0d
RANDOM_RESULT	rumors.true	140	8715	10	25314	8964	52656164696e672048657262657274206d6967687420626520656e6c69676874656e696e6720696e206f6e6520636173652e5f5f5f5f5f5f5f5f5f0d
RANDOM_RESULT	rumors.true	141	8792	1	25314	9025	52656164696e6720546f6c6b69656e206d696768742068656c7020796f752e5f5f5f5f5f5f5f5f5f5f5f5f5f5f5f5f5f5f5f5f5f5f5f5f5f5f5f5f0d
RANDOM_RESULT	rumors.true	142	8853	1	25314	9091	52656164696e67207363726f6c6c73206166746572206472696e6b696e6720626f6f7a652063616e206769766520636f6e667573696e6720726573756c74732e0d
RANDOM_RESULT	rumors.true	143	8914	10	25314	9152	526964696e67206120647261676f6e2063616e20626520616e2075706c696674696e6720657870657269656e63652e5f5f5f5f5f5f5f5f5f5f5f5f0d
RANDOM_RESULT	rumors.true	144	8980	1	25314	9218	52757374206d6f6e7374657273206c6f76652077617465722e202054686572652061726520706f74696f6e73207468657920686174652c20686f77657665722e0d
RANDOM_RESULT	rumors.true	145	9041	10	25314	9290	5361636b732070726f7465637420636f6e74656e74732066726f6d2074656d70657261747572657320757020746f2034353220646567726565732066616872656e686569742e0d
RANDOM_RESULT	rumors.true	146	9107	10	25314	9351	5363726f6c6c7320666164696e673f202049742773206e6f742074686520686561742c2069742773207468652068756d69646974792e5f5f5f5f5f0d
RANDOM_RESULT	rumors.true	147	9179	1	25314	9412	53686f706b65657065727320616363657074206372656469742063617264732c206173206c6f6e6720617320796f752070617920636173682e5f5f0d
RANDOM_RESULT	rumors.true	148	9240	1	25314	9484	53686f706b6565706572732063616e2073706f74206120746f75726973742061206d696c65206177617920776974682074686f736520486177616969616e207368697274732e0d
RANDOM_RESULT	rumors.true	149	9301	10	25314	9545	53686f706b6565706572732063616e27742074656c6c206964656e746963616c207477696e732061706172742e5f5f5f5f5f5f5f5f5f5f5f5f5f5f0d
RANDOM_RESULT	rumors.true	150	9373	1	25314	9606	53686f706b65657065727320646f6e277420726561642c20736f20776861742075736520697320656e67726176696e6720696e20612073686f703f0d
RANDOM_RESULT	rumors.true	151	9434	1	25314	9667	53686f706b656570657273206861766520696e6372656469626c652070617469656e63652e5f5f5f5f5f5f5f5f5f5f5f5f5f5f5f5f5f5f5f5f5f5f0d
RANDOM_RESULT	rumors.true	152	9495	1	25314	9728	53686f706b656570657273206d696768742072616973652074686569722070726963657320666f7220746f7572697374732e5f5f5f5f5f5f5f5f5f0d
RANDOM_RESULT	rumors.true	153	9556	1	25314	9789	53686f706b6565706572732076616c7565206d6f6e6579206d6f7265207468616e20726576656e67652e5f5f5f5f5f5f5f5f5f5f5f5f5f5f5f5f5f0d
RANDOM_RESULT	rumors.true	154	9617	1	25314	9859	536f6d65206d6f6e73746572732063616e2062652074616d65642e202049206f6e6365207361772061206861636b6572207769746820612074616d6520647261676f6e210d
RANDOM_RESULT	rumors.true	155	9678	10	25314	9928	536f6d652072656d61696e20666c657869626c652c207768696c65206f74686572732063616e2774207365656d20746f206368616e67652074686569722074756e652e0d
RANDOM_RESULT	rumors.true	156	9748	10	25314	9989	536f6d656f6e65206f6e636520736169642074686174207768617420676f6573207570203c206d6967687420636f6d6520646f776e203e2e5f5f5f0d
RANDOM_RESULT	rumors.true	157	9817	1	25314	10050	536f6d656f6e652773206265656e207370696b696e67207468652070697473215f5f5f5f5f5f5f5f5f5f5f5f5f5f5f5f5f5f5f5f5f5f5f5f5f5f5f0d
RANDOM_RESULT	rumors.true	158	9878	1	25314	10123	536f6d6574696d6573206d6f6e737465727320617265206d6f7265206c696b656c7920746f2066696768742065616368206f74686572207468616e2061747461636b20796f752e0d
RANDOM_RESULT	rumors.true	159	9939	10	25314	10184	5370696e6163682c20636172726f742c20616e64206a656c6c79202d2d2061206d65616c2066697420666f722061206e75727365215f5f5f5f5f5f0d
RANDOM_RESULT	rumors.true	160	10012	1	25314	10263	537572766976696e67207468652066756c6c20657874656e74206f6620746865206d696e657320636f756c64206d65616e207468617420796f7572206c75636b206973206368616e67696e672e0d
RANDOM_RESULT	rumors.true	161	10073	10	25314	10324	5461696e746564206d656174206973206576656e206d6f7265207369636b656e696e67207468616e20706f69736f6e215f5f5f5f5f5f5f5f5f5f5f0d
RANDOM_RESULT	rumors.true	162	10152	1	25314	10385	54616b6520796f7572206865616c696e6720706f74696f6e7320746f20746865206e657874206c6576656c215f5f5f5f5f5f5f5f5f5f5f5f5f5f5f0d
RANDOM_RESULT	rumors.true	163	10213	1	25314	10453	54656c657061746879206973206a757374206120747269636b3a20206f6e636520796f75206b6e6f7720686f7720746f20646f2069742c206974277320656173792e0d
RANDOM_RESULT	rumors.true	164	10274	10	25314	10522	546865204c65707265636861756e20476f6c64205472752474206973206e6f206469766973696f6e206f6620746865204d61676963204d656d6f7279205661756c742e0d
RANDOM_RESULT	rumors.true	165	10342	10	25314	10583	5468652057697a6172642066696e647320646561746820746f20626520717569746520616e20657870657269656e63652e5f5f5f5f5f5f5f5f5f5f0d
RANDOM_RESULT	rumors.true	166	10411	1	25314	10652	54686520626573742065717569706d656e7420666f7220796f757220776f726b2069732c206f6620636f757273652c20746865206d6f737420657870656e736976652e0d
RANDOM_RESULT	rumors.true	167	10472	10	25314	10713	54686520676f647320646f6e27742061707072656369617465207065736b7920707269657374686f6f642e5f5f5f5f5f5f5f5f5f5f5f5f5f5f5f5f0d
RANDOM_RESULT	rumors.true	168	10541	1	25314	10774	54686520676f64732077696c6c2067657420616e67727920696620796f75206b696c6c20796f757220646f672e5f5f5f5f5f5f5f5f5f5f5f5f5f5f0d
RANDOM_RESULT	rumors.true	169	10602	1	25314	10835	546865206c657373206d6167696320696e20796f75722061726d6f722c20746865206d6f726520796f752063616e206164642e5f5f5f5f5f5f5f5f0d
RANDOM_RESULT	rumors.true	170	10663	1	25314	10896	546865206d61676963206d61726b6572206973206d69676874696572207468616e207468652073776f72642e5f5f5f5f5f5f5f5f5f5f5f5f5f5f5f0d
RANDOM_RESULT	rumors.true	171	10724	1	25314	10960	546865206d6f6f6e206973206e6f7420746865206f6e6c792068656176656e6c7920626f647920746f20696e666c75656e636520746869732067616d652e0d
RANDOM_RESULT	rumors.true	172	10785	10	25314	11032	546865206f7263207377696e677320686973206f72636973682062726f616473776f7264206e616d656420456c667269737420617420796f752e2020596f75206469652e2e2e0d
RANDOM_RESULT	rumors.true	173	10849	10	25314	11093	54686520736563726574206f662077616e6473206f66204e6f7468696e672048617070656e733a202074727920616761696e215f5f5f5f5f5f5f5f0d
RANDOM_RESULT	rumors.true	174	10921	1	25314	11154	54686572652068617320616c77617973206265656e20736f6d657468696e67206d7973746963616c2061626f7574206d6972726f72732e5f5f5f5f0d
RANDOM_RESULT	rumors.true	175	10982	1	25314	11215	54686572652069732061204d61737465726d696e64206465657020696e207468652064756e67656f6e2e5f5f5f5f5f5f5f5f5f5f5f5f5f5f5f5f5f0d
RANDOM_RESULT	rumors.true	176	11043	1	25314	11276	54686572652069732061206269672074726561737572652068696464656e20696e20746865207a6f6f215f5f5f5f5f5f5f5f5f5f5f5f5f5f5f5f5f0d
RANDOM_RESULT	rumors.true	177	11104	1	25314	11337	5468657265206973206d6f7265206d6167696320696e20746869732063617665207468616e206d6565747320746865206579652e5f5f5f5f5f5f5f0d
RANDOM_RESULT	rumors.true	178	11165	1	25314	11398	5468657265206973206e6f206861726d20696e207072616973696e672061206c6172676520646f672e5f5f5f5f5f5f5f5f5f5f5f5f5f5f5f5f5f5f0d
RANDOM_RESULT	rumors.true	179	11226	1	25314	11459	5468657265206973206e6f7468696e67206c696b6520656174696e672061206d696d69632e5f5f5f5f5f5f5f5f5f5f5f5f5f5f5f5f5f5f5f5f5f5f0d
RANDOM_RESULT	rumors.true	180	11287	1	25314	11539	5468657265206f6e6365207761732061204b6e69676874206e616d6564204c616e63656c6f742077686f206c696b656420746f2072696465207769746820686973206c616e63652061206c6f742e0d
RANDOM_RESULT	rumors.true	181	11348	10	25314	11600	546865792073617920612067656c6174696e6f757320637562652063616e20706172616c797a6520796f752e2e2e5f5f5f5f5f5f5f5f5f5f5f5f5f0d
RANDOM_RESULT	rumors.true	182	11428	1	25314	11664	54686579207361792074686174204a7569626c657820697320736f6d657768617420616672616964206f6620612077616e64206f662064696767696e672e0d
RANDOM_RESULT	rumors.true	183	11489	10	25314	11725	54686579207361792074686174204d656475736120776f756c64206c696b6520746f2070757420796f75206f6e206120706564657374616c2e5f5f0d
RANDOM_RESULT	rumors.true	184	11553	1	25314	11786	5468657920736179207468617420566c6164206c69766573212121202e2e2e206e65617220746865206d617a65732e5f5f5f5f5f5f5f5f5f5f5f5f0d
RANDOM_RESULT	rumors.true	185	11614	1	25314	11847	546865792073617920746861742027456c62657265746827206973206f6674656e207772697474656e2061626f75742e5f5f5f5f5f5f5f5f5f5f5f0d
RANDOM_RESULT	rumors.true	186	11675	1	25314	11908	54686579207361792074686174206120626167206f6620686f6c64696e672063616e277420686f6c642065766572797468696e672e5f5f5f5f5f5f0d
RANDOM_RESULT	rumors.true	187	11736	1	25314	11969	54686579207361792074686174206120626c65737365642074696e206f6620717561736974206d656174206973206120717569636b206d65616c2e0d
RANDOM_RESULT	rumors.true	188	11797	1	25314	12030	546865792073617920746861742061206361742061766f6964732074726170732e5f5f5f5f5f5f5f5f5f5f5f5f5f5f5f5f5f5f5f5f5f5f5f5f5f5f0d
RANDOM_RESULT	rumors.true	189	11858	1	25314	12099	5468657920736179207468617420612063617665207370696465722077696c6c206f63636173696f6e616c6c792065617420636176652073706964657220656767732e0d
RANDOM_RESULT	rumors.true	190	11919	10	25314	12169	54686579207361792074686174206120636c657665722077697a6172642063616e20686176652073746174733a202031382f2a2a2032342031382032342032342032342e0d
RANDOM_RESULT	rumors.true	191	11988	10	25314	12242	54686579207361792074686174206120636c6f7665206f66206761726c6963206d616b6573206120676f6f642074616c69736d616e2069662068616e646c65642072696768742e0d
RANDOM_RESULT	rumors.true	192	12058	10	25314	12317	54686579207361792074686174206120637572736564207363726f6c6c206f662074656c65706f72746174696f6e20636f756c64206c616e6420796f7520696e2074726f75626c652e0d
RANDOM_RESULT	rumors.true	193	12131	10	25314	12378	546865792073617920746861742061206469616d6f6e6420697320616e6f74686572206b696e64206f66206c75636b2073746f6e652e5f5f5f5f5f0d
RANDOM_RESULT	rumors.true	194	12206	1	25314	12439	54686579207361792074686174206120646f672063616e20626520747261696e656420746f206665746368206f626a656374732e5f5f5f5f5f5f5f0d
RANDOM_RESULT	rumors.true	195	12267	1	25314	12500	5468657920736179207468617420612067656c6174696e6f75732063756265206d616b65732061206865616c74687920627265616b666173742e5f0d
RANDOM_RESULT	rumors.true	196	12328	1	25314	12561	546865792073617920746861742061206769616e742067657473207374726f6e6720627920656174696e672072696768742c20747279206974215f0d
RANDOM_RESULT	rumors.true	197	12389	1	25314	12622	54686579207361792074686174206120677269642062756720776f6e27742068697420796f75207768656e20796f752063726f73732069742e5f5f0d
RANDOM_RESULT	rumors.true	198	12450	1	25314	12683	546865792073617920746861742061206c656d62617320776166657220697320612076657279206c6967687420736e61636b2e5f5f5f5f5f5f5f5f0d
RANDOM_RESULT	rumors.true	199	12511	1	25314	12756	546865792073617920746861742061206c6f616473746f6e6520686173206120737472616e67652061747472616374696f6e20616e64206973206e6f7420626164206c75636b2e0d
RANDOM_RESULT	rumors.true	200	12572	10	25314	12823	546865792073617920746861742061206c6f636b207069636b20627920616e79206f74686572206e616d65206973207374696c6c2061206c6f636b207069636b2e0d
RANDOM_RESULT	rumors.true	201	12645	10	25314	12884	546865792073617920746861742061206c75636b7920616d756c65742077696c6c20626c6f636b20706f69736f6e6564206172726f77732e5f5f5f0d
RANDOM_RESULT	rumors.true	202	12712	1	25314	12961	546865792073617920746861742061206d6972726f722077696c6c20667265657a65206120666c6f6174696e67206579652062757420796f752063616e207374696c6c207365652069742e0d
RANDOM_RESULT	rumors.true	203	12773	10	25314	13022	546865792073617920746861742061206e65757472616c20636861726163746572206d6967687420676574204769616e74736c617965722e5f5f5f0d
RANDOM_RESULT	rumors.true	204	12850	1	25314	13097	54686579207361792074686174206120706f6c796d6f7270682074726170206973206d6167696320616e64206d616769632070726f74656374696f6e2070726576656e74732069742e0d
RANDOM_RESULT	rumors.true	205	12911	10	25314	13165	54686579207361792074686174206120706f74696f6e206f66206865616c696e672063616e2063616e63656c206120706f74696f6e206f66207369636b6e6573732e0d
RANDOM_RESULT	rumors.true	206	12986	10	25314	13237	54686579207361792074686174206120706f74696f6e206f66206d6f6e7374657220646574656374696f6e20736f6d6574696d657320776f726b7320626f746820776179732e0d
RANDOM_RESULT	rumors.true	207	13054	10	25314	13302	5468657920736179207468617420612073696e6b206c6f6f6b7320646966666572656e742066726f6d20686967682061626f76652074686520666c6f6f722e0d
RANDOM_RESULT	rumors.true	208	13126	10	25314	13363	5468657920736179207468617420612073756d6d6f6e65642064656d6f6e20636f756c6420696d70726f766520796f75722067616d652e5f5f5f5f0d
RANDOM_RESULT	rumors.true	209	13191	1	25314	13428	5468657920736179207468617420612074696e206f6620777261697468206d656174206973206120726172652064696e696e6720657870657269656e63652e0d
RANDOM_RESULT	rumors.true	210	13252	10	25314	13489	54686579207361792074686174206120756e69636f726e206d69676874206272696e6720796f75206c75636b2e5f5f5f5f5f5f5f5f5f5f5f5f5f5f0d
RANDOM_RESULT	rumors.true	211	13317	1	25314	13556	5468657920736179207468617420612077616e64206f662063616e63656c6c6174696f6e206973206c696b6520612077616e64206f6620706f6c796d6f7270682e0d
RANDOM_RESULT	rumors.true	212	13378	10	25314	13621	5468657920736179207468617420612077616e64206f66206c6f636b696e672063616e20636c6f7365206d6f7265207468616e206a75737420646f6f72732e0d
RANDOM_RESULT	rumors.true	213	13445	10	25314	13682	5468657920736179207468617420612077616e64206f6620706f6c796d6f7270682063616e206368616e676520796f75722067616d652e5f5f5f5f0d
RANDOM_RESULT	rumors.true	214	13510	1	25314	13756	54686579207361792074686174206120776973652063686f696365206f6620646f6e6174696f6e73206c65747320796f752063686f6f736520796f757220626c657373696e67732e0d
RANDOM_RESULT	rumors.true	215	13571	10	25314	13826	5468657920736179207468617420612077697a617264206973206576656e206d6f726520706f77657266756c20746865207365636f6e642074696d652061726f756e642e0d
RANDOM_RESULT	rumors.true	216	13645	10	25314	13889	54686579207361792074686174206120786f726e206b6e6f7773206f66206e6f206f62737461636c6573207768656e207075727375696e6720796f752e0d
RANDOM_RESULT	rumors.true	217	13715	10	25314	13959	546865792073617920746861742061627573696e67206120637265646974206361726420636f756c642073686f636b20796f7520736f6f6e6572206f72206c617465722e0d
RANDOM_RESULT	rumors.true	218	13778	10	25314	14031	5468657920736179207468617420616d756c6574732c206c696b65206d6f7374207468696e67732c2063616e20626520646561646c79206f72206c69666520736176696e672e0d
RANDOM_RESULT	rumors.true	219	13848	10	25314	14092	5468657920736179207468617420616e20616c7461722063616e206964656e7469667920626c657373696e67732e5f5f5f5f5f5f5f5f5f5f5f5f5f0d
RANDOM_RESULT	rumors.true	220	13920	1	25314	14168	5468657920736179207468617420616e206f6f7a652077696c6c206269746520796f757220626f6f747320616e64206120726f636b206d6f6c65206d6967687420656174207468656d2e0d
RANDOM_RESULT	rumors.true	221	13981	10	25314	14238	5468657920736179207468617420616e20756e6c75636b79206861636b657220776173206f6e6365206b696c6c656420627920616e206578706c6f64696e672074696e2e0d
RANDOM_RESULT	rumors.true	222	14057	10	25314	14311	5468657920736179207468617420616e7469717565206465616c6572732061726520616c7761797320696e746572657374656420696e2070726563696f75732073746f6e65732e0d
RANDOM_RESULT	rumors.true	223	14127	10	25314	14384	546865792073617920746861742062616e646167696e67206f6e65277320776f756e64732068656c707320746f206b656570207570206f6e65277320617070656172616e63652e0d
RANDOM_RESULT	rumors.true	224	14200	10	25314	14445	5468657920736179207468617420626f6f7a652063616e2062652064696c7574656420627574206e6f742063616e63656c6c65642e5f5f5f5f5f5f0d
RANDOM_RESULT	rumors.true	225	14273	1	25314	14512	54686579207361792074686174206279206c697374656e696e67206361726566756c6c792c20796f752063616e206865617220612073656372657420646f6f72210d
RANDOM_RESULT	rumors.true	226	14334	10	25314	14577	5468657920736179207468617420636172726f747320616e6420636172726f74206a75696365206d617920696d70726f766520796f757220766973696f6e2e0d
RANDOM_RESULT	rumors.true	227	14401	10	25314	14647	546865792073617920746861742063617665207370696465727320617265206e6f7420636f6e7369646572656420657870656e73697665206865616c746820666f6f642e0d
RANDOM_RESULT	rumors.true	228	14466	10	25314	14723	546865792073617920746861742064656d69676f6473206d757374206c6561766520626568696e64207468656972207072697a65642065617274686c7920706f7373657373696f6e732e0d
RANDOM_RESULT	rumors.true	229	14536	10	25314	14784	546865792073617920746861742064697374757262696e67206120646a696e6e692063616e206265206120636f73746c79206d697374616b652e5f0d
RANDOM_RESULT	rumors.true	230	14612	1	25314	14845	5468657920736179207468617420647261676f6e207363616c65732063616e20626520717569746520656e6368616e74696e672e5f5f5f5f5f5f5f0d
RANDOM_RESULT	rumors.true	231	14673	1	25314	14918	546865792073617920746861742064726f7070696e6720636f696e7320696e746f206120666f756e7461696e2077696c6c206e6f74206772616e7420796f75206120776973682e0d
RANDOM_RESULT	rumors.true	232	14734	10	25314	14979	546865792073617920746861742064776172766573206c617766756c6c79206d696e64207468656972206f776e20627573696e6573732e5f5f5f5f0d
RANDOM_RESULT	rumors.true	233	14807	1	25314	15048	5468657920736179207468617420656174696e6720612062617420636f727073652077696c6c206d616b6520796f752062617474792c20666f722061207768696c652e0d
RANDOM_RESULT	rumors.true	234	14868	10	25314	15109	5468657920736179207468617420656174696e672061206372616d20726174696f6e206973206120736d617274206d6f76652e5f5f5f5f5f5f5f5f0d
RANDOM_RESULT	rumors.true	235	14937	1	25314	15182	5468657920736179207468617420656174696e6720626c7565206a656c6c7920697320636f6f6c20696620796f7520646f6e277420666967687420746865206665656c696e672e0d
RANDOM_RESULT	rumors.true	236	14998	10	25314	15243	5468657920736179207468617420656c76656e2061726d6f722063616e20686f6c6420746865206d6f7374206d616769632e5f5f5f5f5f5f5f5f5f0d
RANDOM_RESULT	rumors.true	237	15071	1	25314	15311	54686579207361792074686174206573636170696e6720612064756e67656f6e206973206f6e6c792074686520626567696e6e696e67206f662074686520656e642e0d
RANDOM_RESULT	rumors.true	238	15132	10	25314	15388	54686579207361792074686174206665656c696e6720616e20756e6578706563746564206472616674206f662061697220697320736f7274206f66206120627265616b7468726f7567682e0d
RANDOM_RESULT	rumors.true	239	15200	10	25314	15451	546865792073617920746861742066696e64696e6720612063757273656420677261792073746f6e6520697320616c7761797320626164206c75636b2e0d
RANDOM_RESULT	rumors.true	240	15277	10	25314	15527	54686579207361792074686174206761696e696e672061206c6576656c20697320616e20657870657269656e636520746861742063616e20726169736520796f7572207369676874732e0d
RANDOM_RESULT	rumors.true	241	15340	10	25314	15603	546865792073617920746861742067617274657220736e616b65206d656174206d6179206e6f7420746173746520676f6f64206275742069742773207374696c6c206865616c7468792e0d
RANDOM_RESULT	rumors.true	242	15416	10	25314	15672	54686579207361792074686174206761756e746c657473206f6620646578746572697479206861766520612068696464656e20656e6368616e74656420746f7563682e0d
RANDOM_RESULT	rumors.true	243	15492	10	25314	15748	5468657920736179207468617420676f696e6720746f2068656176656e206973206a75737420616e6f7468657220776179206f66206573636170696e67207468652064756e67656f6e2e0d
RANDOM_RESULT	rumors.true	244	15561	10	25314	15825	5468657920736179207468617420676f6c64656e206e6167617320617265206c61772d61626964696e672064656e697a656e73206173206c6f6e6720617320796f752061726520746f6f2e0d
RANDOM_RESULT	rumors.true	245	15637	10	25314	15892	54686579207361792074686174206772656d6c696e732063616e206d616b6520796f75206665656c20636f6f6c6572207468616e20796f7520617265206e6f772e0d
RANDOM_RESULT	rumors.true	246	15714	10	25314	15959	5468657920736179207468617420677269642062756773206f6e6c7920657869737420696e2061207374726963746c792043617274657369616e2073656e73652e0d
RANDOM_RESULT	rumors.true	247	15781	10	25314	16020	54686579207361792074686174206861636b657273206f6674656e206665656c206a756d70792061626f757420656174696e67206e796d7068732e0d
RANDOM_RESULT	rumors.true	248	15848	1	25314	16081	5468657920736179207468617420686176696e6720706f6c796d6f72706820636f6e74726f6c20776f6e27742073686f636b20796f752e5f5f5f5f0d
RANDOM_RESULT	rumors.true	249	15909	1	25314	16142	54686579207361792074686174206865616c696e6720706f74696f6e73206f6674656e20636f6d6520696e2070616972732e5f5f5f5f5f5f5f5f5f0d
RANDOM_RESULT	rumors.true	250	15970	1	25314	16218	54686579207361792074686174206966206974277320686172642067657474696e6720796f757220666f6f6420646f776e20616e6f74686572206269746520636f756c64206b696c6c2e0d
RANDOM_RESULT	rumors.true	251	16031	10	25314	16284	5468657920736179207468617420696620796f7520646f6e2774207765617220676c61737365732077687920626f74686572207769746820636172726f74733f0d
RANDOM_RESULT	rumors.true	252	16107	10	25314	16358	5468657920736179207468617420696620796f75206e6f746963652061206c6f6f736520626f6172642062656e6561746820796f752c20646f6e27742073746570206f6e2069742e0d
RANDOM_RESULT	rumors.true	253	16173	10	25314	16428	5468657920736179207468617420696620796f752073746172742061742074686520626f74746f6d20746865206f6e6c7920706c61636520746f20676f2069732075702e0d
RANDOM_RESULT	rumors.true	254	16247	10	25314	16505	5468657920736179207468617420696620796f752074656c65706f727420746f2068656176656e20796f752772652070726573756d656420746f206265206465616420616c72656164792e0d
RANDOM_RESULT	rumors.true	255	16317	10	25314	16566	5468657920736179207468617420696e20612073686f7020796f752063616e206265206368617267656420666f72206f6c6420636861726765732e0d
RANDOM_RESULT	rumors.true	256	16394	1	25314	16641	5468657920736179207468617420696e206c696768746572206d6f6d656e747320796f7520636f756c64207468696e6b206f66207761797320746f207061737320612073746f6e652e0d
RANDOM_RESULT	rumors.true	257	16455	10	25314	16718	5468657920736179207468617420696e207468652064756e67656f6e20627265616b696e672061206d6972726f722063616e20626520736576656e20796561727320626164206c75636b2e0d
RANDOM_RESULT	rumors.true	258	16530	10	25314	16788	5468657920736179207468617420696e207468652064756e67656f6e20796f7520646f6e277420757375616c6c79206861766520616e79206c75636b20617420616c6c2e0d
RANDOM_RESULT	rumors.true	259	16607	10	25314	16856	5468657920736179207468617420696e2074696d65206120626c6573736564206c75636b73746f6e652063616e206d616b6520796f757220676f642068617070792e0d
RANDOM_RESULT	rumors.true	260	16677	10	25314	16933	546865792073617920746861742069742069732065617369657220746f206b696c6c207468652057697a617264207468616e20746f206d616b652068696d207374616e64207374696c6c2e0d
RANDOM_RESULT	rumors.true	261	16745	10	25314	16994	54686579207361792074686174206974206f6e6c792074616b65732031207a6f726b6d696420746f206d65657420746865204b6f70732e5f5f5f5f0d
RANDOM_RESULT	rumors.true	262	16822	1	25314	17063	546865792073617920746861742069742773206120626c617374207768656e20796f75206d69782074686520726967687420706f74696f6e7320746f6765746865722e0d
RANDOM_RESULT	rumors.true	263	16883	10	25314	17132	546865792073617920746861742069742773206e6f7420626c696e64206c75636b20696620796f75206361746368206120676c696d707365206f66204d65647573612e0d
RANDOM_RESULT	rumors.true	264	16952	10	25314	17193	54686579207361792074686174206b696c6c696e6720612073686f706b6565706572206272696e677320626164206c75636b2e5f5f5f5f5f5f5f5f0d
RANDOM_RESULT	rumors.true	265	17021	1	25314	17255	54686579207361792074686174206d6f6e7374657273206e657665722073746570206f6e2061207363617265206d6f6e73746572207363726f6c6c2e0d
RANDOM_RESULT	rumors.true	266	17082	10	25314	17322	54686579207361792074686174206d6f7374206d6f6e73746572732066696e6420666c757465207265636974616c732065787472656d656c7920626f72696e672e0d
RANDOM_RESULT	rumors.true	267	17144	10	25314	17383	54686579207361792074686174206d756d6d7920636f727073657320617265206e6f742077656c6c207072657365727665642e5f5f5f5f5f5f5f5f0d
RANDOM_RESULT	rumors.true	268	17211	1	25314	17452	54686579207361792074686174206e61747572616c6c7920612077616e64206f662077697368696e6720776f756c642062652068656176696c7920677561726465642e0d
RANDOM_RESULT	rumors.true	269	17272	10	25314	17513	54686579207361792074686174206e6f206f6e65206e6f746963657320746865206a756e6b20756e6465726e65617468206120626f756c6465722e0d
RANDOM_RESULT	rumors.true	270	17341	1	25314	17574	54686579207361792074686174206e6f626f64792065787065637473206120756e69636f726e20686f726e20746f20727573742e5f5f5f5f5f5f5f0d
RANDOM_RESULT	rumors.true	271	17402	1	25314	17644	54686579207361792074686174206e6f626f6479206b6e6f777320696620616e206578706c6f7265722063616e206c69766520666f72657665722e2020446f20796f753f0d
RANDOM_RESULT	rumors.true	272	17463	10	25314	17723	54686579207361792074686174206e6f7468696e672063616e206368616e6765207468652066616374207468617420736f6d6520706f74696f6e7320636f6e7461696e206120646a696e6e692e0d
RANDOM_RESULT	rumors.true	273	17533	10	25314	17801	54686579207361792074686174206e6f7468696e672063616e206368616e6765207468652066616374207468617420736f6d6520706f74696f6e7320636f6e7461696e20612067686f73742e0d
RANDOM_RESULT	rumors.true	274	17612	10	25314	17862	54686579207361792074686174206e796d70687320616c776179732066616c6c20666f7220726f636b276e27726f6c6c2c20747279206974215f5f0d
RANDOM_RESULT	rumors.true	275	17690	1	25314	17935	54686579207361792074686174206f6e636520616e204f6c6f672d4861692069732063616e6e6564206974206e657665722073686f777320697473206661636520616761696e2e0d
RANDOM_RESULT	rumors.true	276	17751	10	25314	18004	54686579207361792074686174206f6e63652075706f6e20612074696d652078616e7320776f756c64206e65766572207363726174636820796f757220626f6f74732e0d
RANDOM_RESULT	rumors.true	277	17824	10	25314	18072	54686579207361792074686174206f6e6c7920616e20657870657269656e6365642077697a6172642063616e20646f207468652074656e67752073687566666c652e0d
RANDOM_RESULT	rumors.true	278	17893	10	25314	18144	54686579207361792074686174206f6e6c79206368616f746963732063616e206b696c6c2073686f706b65657065727320616e6420676574206177617920776974682069742e0d
RANDOM_RESULT	rumors.true	279	17961	10	25314	18205	54686579207361792074686174206f6e6c792066656d616c65206d6f6e73746572732063616e206c617920656767732e5f5f5f5f5f5f5f5f5f5f5f0d
RANDOM_RESULT	rumors.true	280	18033	1	25314	18266	5468657920736179207468617420706c6179696e67206120686f726e207265616c6c7920626164206973207265616c6c7920676f6f642e5f5f5f5f0d
RANDOM_RESULT	rumors.true	281	18094	1	25314	18341	546865792073617920746861742070726179657220617420616e20616c7461722063616e20736f6d6574696d6573206d616b652074686520776174657220746865726520686f6c792e0d
RANDOM_RESULT	rumors.true	282	18155	10	25314	18402	54686579207361792074686174207468652072696768742077616e64206d61792068656c7020796f752063686173652061206e796d70682e5f5f5f0d
RANDOM_RESULT	rumors.true	283	18230	1	25314	18473	546865792073617920746861742072756262696e67206120676c6f77696e6720706f74696f6e20646f6573206e6f74206d616b652069742061206d61676963206c616d702e0d
RANDOM_RESULT	rumors.true	284	18291	10	25314	18538	54686579207361792074686174207363616c70656c73206265636f6d652064756c6c20626563617573652074686579277265206e6f7420617468616d65732e0d
RANDOM_RESULT	rumors.true	285	18362	10	25314	18599	546865792073617920746861742073686f706b65657065727320646f6e2774206c696b65207069636b2d617865732e5f5f5f5f5f5f5f5f5f5f5f5f0d
RANDOM_RESULT	rumors.true	286	18427	1	25314	18673	546865792073617920746861742073686f706b65657065727320646f6e2774206d696e6420796f75206272696e67696e6720796f7572207065747320696e207468652073686f702e0d
RANDOM_RESULT	rumors.true	287	18488	10	25314	18745	546865792073617920746861742073686f706b65657065727320646f6e277420757375616c6c79206d696e6420696620796f7520736e65616b20696e746f20612073686f702e0d
RANDOM_RESULT	rumors.true	288	18562	10	25314	18824	546865792073617920746861742073686f706b656570657273206f6674656e20686176652061206c6172676520616d6f756e74206f66206d6f6e657920696e207468656972207075727365732e0d
RANDOM_RESULT	rumors.true	289	18634	10	25314	18896	546865792073617920746861742073686f706b656570657273206f6674656e2072656d656d626572207468696e6773207468617420796f75206d6967687420666f726765742e0d
RANDOM_RESULT	rumors.true	290	18713	10	25314	18963	546865792073617920746861742073696e6b7320616e642061726d6f7220646f6e2774206d69782c2074616b6520796f757220636c6f616b206f6666206e6f77210d
RANDOM_RESULT	rumors.true	291	18785	10	25314	19030	546865792073617920746861742073696e6b732072756e20686f7420616e6420636f6c6420616e64206d616e7920666c61766f727320696e206265747765656e2e0d
RANDOM_RESULT	rumors.true	292	18852	10	25314	19096	546865792073617920746861742073697474696e67206f6e20612076616d706972652773207468726f6e6520697320776f727468207468652064616e6765722e0d
RANDOM_RESULT	rumors.true	293	18919	10	25314	19160	5468657920736179207468617420736e616b6520636861726d657273206172656e2774206368617269736d617469632c206a757374206d75736963616c2e0d
RANDOM_RESULT	rumors.true	294	18985	10	25314	19227	5468657920736179207468617420736f6c64696572732061726520616c7761797320707265706172656420616e6420757375616c6c792070726f7465637465642e0d
RANDOM_RESULT	rumors.true	295	19049	10	25314	19292	5468657920736179207468617420736f6d65206567677320636f756c6420686174636820696e20796f7572207061636b2c206c75636b79206f72206e6f742e0d
RANDOM_RESULT	rumors.true	296	19116	10	25314	19353	5468657920736179207468617420736f6d65206669726520616e74732077696c6c206d616b6520796f75206120686f74206d65616c2e5f5f5f5f5f0d
RANDOM_RESULT	rumors.true	297	19181	1	25314	19429	5468657920736179207468617420736f6d6520686f726e7320706c617920686f74206d7573696320616e64206f74686572732061726520746f6f20636f6f6c20666f7220776f7264732e0d
RANDOM_RESULT	rumors.true	298	19242	10	25314	19490	5468657920736179207468617420736f6d652068756d616e6f69647320617265206e6f6e657468656c6573732071756974652068756d616e2e5f5f0d
RANDOM_RESULT	rumors.true	299	19318	1	25314	19560	5468657920736179207468617420736f6d652073686f706b65657065727320636f6e73696465722067656d7320746f2062652066616d696c7920686569726c6f6f6d732e0d
RANDOM_RESULT	rumors.true	300	19379	10	25314	19632	5468657920736179207468617420736f6d652073686f706b656570657273207265636f676e697a652067656d7320627574207468657920776f6e27742074656c6c20796f752e0d
RANDOM_RESULT	rumors.true	301	19449	10	25314	19694	5468657920736179207468617420736f6d652073746f6e657320617265206d756368206d7563682068656176696572207468616e206f74686572732e0d
RANDOM_RESULT	rumors.true	302	19521	10	25314	19755	5468657920736179207468617420736f6d65207965746973206172652066756c6c206f6620686f74206169722e5f5f5f5f5f5f5f5f5f5f5f5f5f5f0d
RANDOM_RESULT	rumors.true	303	19583	1	25314	19829	5468657920736179207468617420736f6d657468696e672076657279207370656369616c20776f756c6420626520696e20612077656c6c2d70726f74656374656420706c6163652e0d
RANDOM_RESULT	rumors.true	304	19644	10	25314	19901	5468657920736179207468617420737065656420626f6f7473206172656e2774206661737420656e6f75676820746f206c657420796f752077616c6b206f6e2077617465722e0d
RANDOM_RESULT	rumors.true	305	19718	10	25314	19962	546865792073617920746861742074656c65706f7274207472617073206172652074686520646576696c277320776f726b2e5f5f5f5f5f5f5f5f5f0d
RANDOM_RESULT	rumors.true	306	19790	1	25314	20023	546865792073617920746861742074656e677520646f6e277420776561722072696e67732c207768792073686f756c6420796f753f5f5f5f5f5f5f0d
RANDOM_RESULT	rumors.true	307	19851	1	25314	20096	546865792073617920746861742074656e6775206e6576657220737465616c20676f6c6420616c74686f756768207468657920776f756c6420626520676f6f642061742069742e0d
RANDOM_RESULT	rumors.true	308	19912	10	25314	20174	546865792073617920746861742074686174207768696368207761732073746f6c656e206f6e63652063616e2062652073746f6c656e20616761696e2c2061736b20616e79206e796d70682e0d
RANDOM_RESULT	rumors.true	309	19985	10	25314	20236	546865792073617920746861742074686520626573742077617920746f2066697820796f757220696e6a7572696573206973206120706f74696f6e2e0d
RANDOM_RESULT	rumors.true	310	20063	10	25314	20314	54686579207361792074686174207468652044656c70686963204f7261636c65206b6e6f77732074686174206c697a61726420636f7270736573206172656e277420636f6e667573696e672e0d
RANDOM_RESULT	rumors.true	311	20125	10	25314	20376	54686579207361792074686174207468652048616e64206f6620456c6265726574682063616e20686f6c6420757020796f757220707261796572732e0d
RANDOM_RESULT	rumors.true	312	20203	10	25314	20437	5468657920736179207468617420746865204c65707265636861756e204b696e6720697320726963682061732043726f657375732e5f5f5f5f5f5f0d
RANDOM_RESULT	rumors.true	313	20265	1	25314	20504	54686579207361792074686174207468652057697a617264206f662059656e646f7220697320736368697a6f706872656e696320616e6420737569636964616c2e0d
RANDOM_RESULT	rumors.true	314	20326	10	25314	20576	546865792073617920746861742074686520657870657269656e63656420636861726163746572206b6e6f777320686f7720746f20636f6e7665727420616e20616c7461722e0d
RANDOM_RESULT	rumors.true	315	20393	10	25314	20647	546865792073617920746861742074686520676f647320617265206861707079207768656e20746865792064726f70206f626a6563747320617420796f757220666565742e0d
RANDOM_RESULT	rumors.true	316	20465	10	25314	20717	54686579207361792074686174207468652069646561206f6620696e76697369626c65204e617a67756c206861732061206365727461696e2072696e6720746f2069742e0d
RANDOM_RESULT	rumors.true	317	20536	10	25314	20788	5468657920736179207468617420746865206c616479206f6620746865206c616b65206e6f77206c6976657320696e206120666f756e7461696e20736f6d6577686572652e0d
RANDOM_RESULT	rumors.true	318	20606	10	25314	20854	5468657920736179207468617420746865206c6f63616c2073686f706b65657065722066726f776e732075706f6e20746865207275646520746f75726973742e0d
RANDOM_RESULT	rumors.true	319	20677	10	25314	20930	5468657920736179207468617420746865206f6e6c7920646f6f7220746f207468652076616d70697265277320746f776572206973206f6e20697473206c6f77657374206c6576656c2e0d
RANDOM_RESULT	rumors.true	320	20743	10	25314	20991	5468657920736179207468617420746865206f6e6c7920676f6f6420646a696e6e69206973206120677261746566756c20646a696e6e692e5f5f5f0d
RANDOM_RESULT	rumors.true	321	20819	1	25314	21059	5468657920736179207468617420746865207468696e672061626f75742067656e6f63696465206973207468617420697420776f726b7320626f746820776179732e0d
RANDOM_RESULT	rumors.true	322	20880	10	25314	21136	546865792073617920746861742074686520756e69636f726e20686f726e2072756c652069732069662069742061696e27742062726f6b65207468656e20646f6e2774206669782069742e0d
RANDOM_RESULT	rumors.true	323	20948	10	25314	21200	546865792073617920746861742074686520766965772066726f6d206120666f6720636c6f7564206973207265616c6c792076657279206d6f76696e672e0d
RANDOM_RESULT	rumors.true	324	21025	10	25314	21267	54686579207361792074686174207468652077616c6c7320696e2073686f707320617265206d616465206f662065787472612068617264206d6174657269616c2e0d
RANDOM_RESULT	rumors.true	325	21089	10	25314	21345	5468657920736179207468617420746865726520617265206174206c65617374203135207761797320746f206c6f736520612070616972206f66206c657669746174696f6e20626f6f74732e0d
RANDOM_RESULT	rumors.true	326	21156	10	25314	21411	54686579207361792074686174207468726f77696e6720676c6173732067656d73206973207468652073616d65206173207468726f77696e6720726f636b732e0d
RANDOM_RESULT	rumors.true	327	21234	10	25314	21481	5468657920736179207468617420746f20626c6f636b20612073686f636b696e67207370686572652c20796f75206e6565642074686520726967687420736869656c642e0d
RANDOM_RESULT	rumors.true	328	21300	10	25314	21543	54686579207361792074686174207472657370617373696e67206120626f756c6465722069732070726f6261626c792062656e6561746820796f752e0d
RANDOM_RESULT	rumors.true	329	21370	10	25314	21613	54686579207361792074686174207472756520706f77657220636f6d65732066726f6d2077697468696e2e2e2e657863657074207768656e20697420646f65736e27742e0d
RANDOM_RESULT	rumors.true	330	21432	10	25314	21674	5468657920736179207468617420756e69636f726e732061726520666f6e64206f662070726563696f75732067656d732e5f5f5f5f5f5f5f5f5f5f0d
RANDOM_RESULT	rumors.true	331	21502	1	25314	21735	54686579207361792074686174207768617420676f657320646f776e2074686520647261696e206d6967687420636f6d65206261636b2075702e5f0d
RANDOM_RESULT	rumors.true	332	21563	1	25314	21812	54686579207361792074686174207769656c6465642c2061206c6f6e672073776f7264206e616d65642046697265204272616e64206d616b657320796f75206665656c20636f6f6c65722e0d
RANDOM_RESULT	rumors.true	333	21624	10	25314	21888	54686579207361792074686174207769656c6465642c2061206c6f6e672073776f7264206e616d65642046726f7374204272616e64206d616b657320796f7520686f742073747566662e0d
RANDOM_RESULT	rumors.true	334	21701	10	25314	21953	5468657920736179207468617420776970696e6720697473206661636520697320696d706f737369626c6520666f72206120666c6f6174696e67206579652e0d
RANDOM_RESULT	rumors.true	335	21777	10	25314	22015	546865792073617920746861742077697468206120666c6f6174696e672065796520796f7520636f756c642073656520696e20746865206461726b2e0d
RANDOM_RESULT	rumors.true	336	21842	10	25314	22086	5468657920736179207468617420796f7520617265206c75636b7920696620796f752063616e20676574206120756e69636f726e20746f206361746368206120727562792e0d
RANDOM_RESULT	rumors.true	337	21904	10	25314	22147	5468657920736179207468617420796f7520617265207768617420796f75206561742e5f5f5f5f5f5f5f5f5f5f5f5f5f5f5f5f5f5f5f5f5f5f5f5f0d
RANDOM_RESULT	rumors.true	338	21975	1	25314	22218	5468657920736179207468617420796f752063616e2066696e64206e616d656420776561706f6e7320617420616e20616c74617220696620796f75277265206c75636b792e0d
RANDOM_RESULT	rumors.true	339	22036	10	25314	22283	5468657920736179207468617420796f752063616e206769766520706f74696f6e73206f66206578747261206865616c696e67206e657720656e657267792e0d
RANDOM_RESULT	rumors.true	340	22107	10	25314	22351	5468657920736179207468617420796f752063616e20736166656c7920746f75636820636f636b6174726963652065676773206275742077687920626f746865723f0d
RANDOM_RESULT	rumors.true	341	22172	10	25314	22412	5468657920736179207468617420796f752063616e277420627265616b20616e20616d756c6574206f66207265666c656374696f6e2e5f5f5f5f5f0d
RANDOM_RESULT	rumors.true	342	22240	1	25314	22473	5468657920736179207468617420796f7520646f6e277420616c7761797320676574207768617420796f75207769736820666f722e5f5f5f5f5f5f0d
RANDOM_RESULT	rumors.true	343	22301	1	25314	22541	5468657920736179207468617420796f752073686f756c6420616c7761797320626520707265706172656420666f7220612066696e616c206368616c6c656e67652e0d
RANDOM_RESULT	rumors.true	344	22362	10	25314	22610	5468657920736179207468617420796f752073686f756c642061736b206120647761726620746f206c657420796f7520696e746f2061206c6f636b65642073686f702e0d
RANDOM_RESULT	rumors.true	345	22430	10	25314	22671	5468657920736179207468617420796f752073686f756c64207072617920666f7220646976696e6520696e737069726174696f6e2e5f5f5f5f5f5f0d
RANDOM_RESULT	rumors.true	346	22499	1	25314	22732	5468657920736179207468617420796f752073686f756c642072656c6967696f75736c79206769766520796f757220676f6c6420617761792e5f5f0d
RANDOM_RESULT	rumors.true	347	22560	1	25314	22793	5468657920736179207468617420796f752077696c6c206e6576657220676574206865616c74687920627920656174696e67206765636b6f732e5f0d
RANDOM_RESULT	rumors.true	348	22621	1	25314	22866	54686579207361792074686174207a617070696e6720796f757273656c66207769746820612077616e64206f6620756e64656164207475726e696e67206973207374757069642e0d
RANDOM_RESULT	rumors.true	349	22682	10	25314	22928	5468657920736179207468652046757269657320617265206d6f726520667572696f757320696620796f75277665206265656e2073696e6e696e672e0d
RANDOM_RESULT	rumors.true	350	22755	10	25314	22989	5468657920736179207468652057697a617264277320636173746c6520697320626f6f62792d74726170706564215f5f5f5f5f5f5f5f5f5f5f5f5f0d
RANDOM_RESULT	rumors.true	351	22817	1	25314	23050	54686579207361792074686520676f64732067657420616e67727920696620796f75206b696c6c20796f757220646f672e5f5f5f5f5f5f5f5f5f5f0d
RANDOM_RESULT	rumors.true	352	22878	1	25314	23111	54686579207361792074686520676f64732067657420616e67727920696620796f75207072617920746f6f206d7563682e5f5f5f5f5f5f5f5f5f5f0d
RANDOM_RESULT	rumors.true	353	22939	1	25314	23182	5468657920736179207468657265206973206120706f77657266756c206d61676963206974656d2068696464656e20696e206120636173746c65206465657020646f776e210d
RANDOM_RESULT	rumors.true	354	23000	10	25314	23252	54686f73652077686f207769656c64206120636f636b61747269636520636f727073652068617665206120726f636b7920726f6164206168656164206f66207468656d2e0d
RANDOM_RESULT	rumors.true	355	23071	10	25314	23313	5468726f77696e6720666f6f6420617420612077696c6420646f67206d696768742074616d652068696d2e5f5f5f5f5f5f5f5f5f5f5f5f5f5f5f5f0d
RANDOM_RESULT	rumors.true	356	23141	1	25314	23374	546f20612066756c6c2062656c6c7920616c6c20666f6f64206973206261642e5f5f5f5f5f5f5f5f5f5f5f5f5f5f5f5f5f5f5f5f5f5f5f5f5f5f5f0d
RANDOM_RESULT	rumors.true	357	23202	1	25314	23435	54726f6c6c73206172652064657363726962656420617320727562626572793a202074686579206b65657020626f756e63696e67206261636b2e5f0d
RANDOM_RESULT	rumors.true	358	23263	1	25314	23496	547279207468652066616c6c2d6261636b20656e642d72756e20706c617920616761696e73742067686f7374732e5f5f5f5f5f5f5f5f5f5f5f5f5f0d
RANDOM_RESULT	rumors.true	359	23324	1	25314	23557	547279207573696e6720796f7572206d61676963206d61726b6572206f6e20776574207363726f6c6c732e5f5f5f5f5f5f5f5f5f5f5f5f5f5f5f5f0d
RANDOM_RESULT	rumors.true	360	23385	1	25314	23618	54776f2077726f6e677320646f6e2774206d616b6520612072696768742c20627574207468726565206c6566747320646f2e5f5f5f5f5f5f5f5f5f0d
RANDOM_RESULT	rumors.true	361	23446	1	25314	23679	556e69636f726e20686f726e732063616e20636c65616e7365207468696e6773206f74686572207468616e20796f757273656c662e5f5f5f5f5f5f0d
RANDOM_RESULT	rumors.true	362	23507	1	25314	23744	56616c6b797269657320636f6d652066726f6d20746865206e6f7274682c20616e64206861766520636f6d6d656e737572617465206162696c69746965732e0d
RANDOM_RESULT	rumors.true	363	23568	10	25314	23805	56616d70697265732068617465206761726c69632e5f5f5f5f5f5f5f5f5f5f5f5f5f5f5f5f5f5f5f5f5f5f5f5f5f5f5f5f5f5f5f5f5f5f5f5f5f5f0d
RANDOM_RESULT	rumors.true	364	23633	1	25314	23866	5661756c7420677561726473206e657665722064697374757262207468656972204c6f7264732e5f5f5f5f5f5f5f5f5f5f5f5f5f5f5f5f5f5f5f5f0d
RANDOM_RESULT	rumors.true	365	23694	1	25314	23927	5665676574617269616e7320656e6a6f79206c696368656e20616e6420736561776565642e5f5f5f5f5f5f5f5f5f5f5f5f5f5f5f5f5f5f5f5f5f5f0d
RANDOM_RESULT	rumors.true	366	23755	1	25314	23989	56697369746f72732061726520726571756573746564206e6f7420746f206170706c792067656e6f6369646520746f2073686f706b6565706572732e0d
RANDOM_RESULT	rumors.true	367	23816	10	25314	24062	57616e7420746f206865616c206661737465723f202044697020796f757220706f74696f6e73206f66206865616c696e6720696e206120706f74696f6e206f66207370656564210d
RANDOM_RESULT	rumors.true	368	23878	10	25314	24123	5761746368206f75742c207468652057697a617264206d6967687420636f6d65206261636b2e5f5f5f5f5f5f5f5f5f5f5f5f5f5f5f5f5f5f5f5f5f0d
RANDOM_RESULT	rumors.true	369	23951	1	25314	24184	57617465722074726170732068617665206e6f20656666656374206f6e20647261676f6e732e5f5f5f5f5f5f5f5f5f5f5f5f5f5f5f5f5f5f5f5f5f0d
RANDOM_RESULT	rumors.true	370	24012	1	25314	24245	57686174206973206120636f636b61747269636520676f696e6720746f20656174207768656e20697420676574732068756e6772793f5f5f5f5f5f0d
RANDOM_RESULT	rumors.true	371	24073	1	25314	24306	57686f206e6565647320616e206170726f6e2069662074686579277265206d616465206f6620676c6173733f5f5f5f5f5f5f5f5f5f5f5f5f5f5f5f0d
RANDOM_RESULT	rumors.true	372	24134	1	25314	24367	57687920646f20796f7520737570706f736520746865792063616c6c207468656d204d41474943206d61726b6572733f5f5f5f5f5f5f5f5f5f5f5f0d
RANDOM_RESULT	rumors.true	373	24195	1	25314	24428	57687920646f20796f75207468696e6b20746865792063616c6c207468656d206d657263656e61726965733f5f5f5f5f5f5f5f5f5f5f5f5f5f5f5f0d
RANDOM_RESULT	rumors.true	374	24256	1	25314	24489	57687920776f756c6420616e79626f647920696e206869732073616e65206d696e6420656e67726176652022456c626572657468223f5f5f5f5f5f0d
RANDOM_RESULT	rumors.true	375	24317	1	25314	24550	57697368696e6720746f6f206d756368206d6179206272696e6720796f7520746f6f206c6974746c652e5f5f5f5f5f5f5f5f5f5f5f5f5f5f5f5f5f0d
RANDOM_RESULT	rumors.true	376	24378	1	25314	24611	596f752063616e277420627269626520736f6c6469657220616e74732e5f5f5f5f5f5f5f5f5f5f5f5f5f5f5f5f5f5f5f5f5f5f5f5f5f5f5f5f5f5f0d
RANDOM_RESULT	rumors.true	377	24439	1	25314	24676	596f752063616e2774206c6561766520612073686f70207468726f75676820746865206261636b20646f6f723a202074686572652069736e2774206f6e65210d
RANDOM_RESULT	rumors.true	378	24500	10	25314	24737	596f752063616e2774207265666c656374206578706c6f73696f6e732e202042757420796f75206d6967687420726573697374207468656d2e5f5f0d
RANDOM_RESULT	rumors.true	379	24565	1	25314	24798	596f75206d617920646973636f76657220612066696e652073706972697420696e73696465206120706f74696f6e20626f74746c652e5f5f5f5f5f0d
RANDOM_RESULT	rumors.true	380	24626	1	25314	24859	596f75206d61792077616e7420746f2064697020696e746f206120706f74696f6e206f6620626f74746c656420626c657373696e67732e5f5f5f5f0d
RANDOM_RESULT	rumors.true	381	24687	1	25314	24920	596f75206d696768742062652061626c6520746f20627269626520612064656d6f6e206c6f72642e5f5f5f5f5f5f5f5f5f5f5f5f5f5f5f5f5f5f5f0d
RANDOM_RESULT	rumors.true	382	24748	1	25314	24981	596f75206d6967687420747269636b20612073686f706b656570657220696620796f7527726520696e76697369626c652e5f5f5f5f5f5f5f5f5f5f0d
RANDOM_RESULT	rumors.true	383	24809	1	25314	25042	596f752073686f756c64206365727461696e6c79206c6561726e2061626f7574207175616e74756d206d656368616e6963732e5f5f5f5f5f5f5f5f0d
RANDOM_RESULT	rumors.true	384	24870	1	25314	25104	596f7520776f6e277420616c77617973206765742061207365636f6e64206368616e63652c206576656e2077697468206c69666520736176696e672e0d
RANDOM_RESULT	rumors.true	385	24931	10	25314	25165	596f7527726520676f696e6720696e746f20746865206d6f72677565206174206d69646e696768743f3f3f5f5f5f5f5f5f5f5f5f5f5f5f5f5f5f5f0d
RANDOM_RESULT	rumors.true	386	24993	1	25314	25226	596f757220646f67206b6e6f7773207768617420746f206561743b206d6179626520796f752073686f756c642074616b65206c6573736f6e732e5f0d
RANDOM_RESULT	rumors.true	387	25054	1	25314	25295	596f75722067616d65206d617920676f20646f776e2074686520647261696e20696620796f75206861766520657874726120706f74696f6e73206f722072696e67732e0d
RANDOM_RESULT	rumors.true	388	25115	10	25314	25356	5a617020796f757273656c6620616e642073656520776861742068617070656e732e2e2e5f5f5f5f5f5f5f5f5f5f5f5f5f5f5f5f5f5f5f5f5f5f5f0d
RANDOM_RESULT	rumors.true	389	25184	1	25314	25425	5a617070696e6720612077616e64206f6620756e64656164207475726e696e67206d69676874206272696e6720796f757220646f67206261636b20746f206c6966652e0d
RANDOM_HEADER	rumors.false	397	25425	51584	60
RANDOM_RESULT	rumors.false	0	26098	1	26159	25497	22536f207768656e2049206469652c20746865206669727374207468696e6720492077696c6c2073656520696e2068656176656e20697320612073636f7265206c6973743f220d
RANDOM_RESULT	rumors.false	1	0	10	26159	25565	317374204c6177206f66204861636b696e673a20206c656176696e67206973206d756368206d6f726520646966666963756c74207468616e20656e746572696e672e0d
RANDOM_RESULT	rumors.false	2	72	10	26159	25626	326e64204c6177206f66204861636b696e673a2020666972737420696e2c206669727374206f75742e5f5f5f5f5f5f5f5f5f5f5f5f5f5f5f5f5f5f0d
RANDOM_RESULT	rumors.false	3	140	1	26159	25687	337264204c6177206f66204861636b696e673a2020746865206c61737420626c6f7720636f756e7473206d6f73742e5f5f5f5f5f5f5f5f5f5f5f5f0d
RANDOM_RESULT	rumors.false	4	201	1	26159	25749	347468204c6177206f66204861636b696e673a2020796f752077696c6c2066696e642074686520657869742061742074686520656e7472616e63652e0d
RANDOM_RESULT	rumors.false	5	262	10	26159	25818	41206368616d656c656f6e20696d69746174696e672061206d61696c206461656d6f6e206f6674656e2064656c6976657273207363726f6c6c73206f6620666972652e0d
RANDOM_RESULT	rumors.false	6	324	10	26159	25879	4120636f636b61747269636520636f727073652069732067756172616e7465656420746f20626520756e7461696e746564215f5f5f5f5f5f5f5f5f0d
RANDOM_RESULT	rumors.false	7	393	1	26159	25940	41206465616420636f636b617472696365206973206a75737420612064656164206c697a6172642e5f5f5f5f5f5f5f5f5f5f5f5f5f5f5f5f5f5f5f0d
RANDOM_RESULT	rumors.false	8	454	1	26159	26001	4120647261676f6e206973206a757374206120736e616b652074686174206174652061207363726f6c6c206f6620666972652e5f5f5f5f5f5f5f5f0d
RANDOM_RESULT	rumors.false	9	515	1	26159	26062	4120666164696e6720636f727269646f7220656e6c69676874656e7320796f757220696e73696768742e5f5f5f5f5f5f5f5f5f5f5f5f5f5f5f5f5f0d
RANDOM_RESULT	rumors.false	10	576	1	26159	26123	4120676c6f77696e6720706f74696f6e20697320746f6f20686f7420746f206472696e6b2e5f5f5f5f5f5f5f5f5f5f5f5f5f5f5f5f5f5f5f5f5f5f0d
RANDOM_RESULT	rumors.false	11	637	1	26159	26184	4120676f6f6420616d756c6574206d61792070726f7465637420796f7520616761696e7374206775617264732e5f5f5f5f5f5f5f5f5f5f5f5f5f5f0d
RANDOM_RESULT	rumors.false	12	698	1	26159	26245	41206c697a61726420636f72707365206973206120676f6f64207468696e6720746f207475726e20756e646561642e5f5f5f5f5f5f5f5f5f5f5f5f0d
RANDOM_RESULT	rumors.false	13	759	1	26159	26316	41206c6f6e6720776f726d2063616e20626520646566696e6564207265637572736976656c792e2020536f20686f772073686f756c6420796f752061747461636b2069743f0d
RANDOM_RESULT	rumors.false	14	820	10	26159	26377	41206d6f6e7374726f7573206d696e64206973206120746f7920666f72657665722e5f5f5f5f5f5f5f5f5f5f5f5f5f5f5f5f5f5f5f5f5f5f5f5f5f0d
RANDOM_RESULT	rumors.false	15	891	1	26159	26451	41206e796d70682077696c6c206265207665727920706c656173656420696620796f752063616c6c2068657220627920686572207265616c206e616d653a20204c6f72656c65692e0d
RANDOM_RESULT	rumors.false	16	952	10	26159	26512	412072696e67206f662064756e67656f6e206d617374657220636f6e74726f6c20697320612067726561742066696e642e5f5f5f5f5f5f5f5f5f5f0d
RANDOM_RESULT	rumors.false	17	1026	1	26159	26573	412072696e67206f662065787472612072696e672066696e676572206973207573656c657373206966206e6f7420656e6368616e7465642e5f5f5f0d
RANDOM_RESULT	rumors.false	18	1087	1	26159	26634	4120726f7065206d617920666f726d206120747261696c20696e2061206d617a652e5f5f5f5f5f5f5f5f5f5f5f5f5f5f5f5f5f5f5f5f5f5f5f5f5f0d
RANDOM_RESULT	rumors.false	19	1148	1	26159	26695	41207374616666206d617920726563686172676520696620796f752064726f7020697420666f7220617768696c652e5f5f5f5f5f5f5f5f5f5f5f5f0d
RANDOM_RESULT	rumors.false	20	1209	1	26159	26766	4120766973697420746f20746865205a6f6f206973207665727920656475636174696f6e616c3b20796f75206d65657420696e746572657374696e6720616e696d616c732e0d
RANDOM_RESULT	rumors.false	21	1270	10	26159	26831	412077616e64206f6620646561662069732061206d6f72652064616e6765726f757320776561706f6e207468616e20612077616e64206f662073686565702e0d
RANDOM_RESULT	rumors.false	22	1341	10	26159	26905	412077616e64206f6620766962726174696f6e206d69676874206272696e67207468652077686f6c652063617665206372617368696e672061626f757420796f757220656172732e0d
RANDOM_RESULT	rumors.false	23	1406	10	26159	26966	412077696e6e6572206e657665722071756974732e2020412071756974746572206e657665722077696e732e5f5f5f5f5f5f5f5f5f5f5f5f5f5f5f0d
RANDOM_RESULT	rumors.false	24	1480	1	26159	27027	5b636f6f6b69655d204120776973683f20204f6b61792c206d616b65206d65206120666f7274756e6520636f6f6b6965215f5f5f5f5f5f5f5f5f5f0d
RANDOM_RESULT	rumors.false	25	1541	1	26159	27088	416672616964206f66206d696d6963733f202054727920746f207765617220612072696e67206f66207472756520736565696e672e5f5f5f5f5f5f0d
RANDOM_RESULT	rumors.false	26	1602	1	26159	27156	416c6c206d6f6e7374657273206172652063726561746564206576696c2c2062757420736f6d6520617265206d6f7265206576696c207468616e206f74686572732e0d
RANDOM_RESULT	rumors.false	27	1663	10	26159	27217	416c776179732061747461636b206120666c6f6174696e67206579652066726f6d20626568696e64215f5f5f5f5f5f5f5f5f5f5f5f5f5f5f5f5f5f0d
RANDOM_RESULT	rumors.false	28	1731	1	26159	27278	416e20656c76656e20636c6f616b20697320616c776179732074686520686569676874206f662066617368696f6e2e5f5f5f5f5f5f5f5f5f5f5f5f0d
RANDOM_RESULT	rumors.false	29	1792	1	26159	27358	416e7920736d616c6c206f626a6563742074686174206973206163636964656e74616c6c792064726f707065642077696c6c206869646520756e6465722061206c6172676572206f626a6563742e0d
RANDOM_RESULT	rumors.false	30	1853	10	26159	27419	41726368656f6c6f676973747320617265207665727920737175697368792c206f6674656e20666f756e6420756e64657220626f756c646572732e0d
RANDOM_RESULT	rumors.false	31	1933	1	26159	27480	41726368656f6c6f67697374732066696e64206d6f726520626f6e65732070696c65732e5f5f5f5f5f5f5f5f5f5f5f5f5f5f5f5f5f5f5f5f5f5f5f0d
RANDOM_RESULT	rumors.false	32	1994	1	26159	27541	41757374696e20506f7765727320736179733a204d79204d6f6a6f206973206261636b212020596561682c2062616279215f5f5f5f5f5f5f5f5f5f0d
RANDOM_RESULT	rumors.false	33	2055	1	26159	27602	42616c726f677320646f206e6f74206170706561722061626f7665206c6576656c2032302e5f5f5f5f5f5f5f5f5f5f5f5f5f5f5f5f5f5f5f5f5f5f0d
RANDOM_RESULT	rumors.false	34	2116	1	26159	27663	42616e616e61207065656c7320776f726b20657370656369616c6c792077656c6c20616761696e7374204b657973746f6e65204b6f70732e5f5f5f0d
RANDOM_RESULT	rumors.false	35	2177	1	26159	27731	4265206361726566756c207768656e20656174696e672062616e616e61732e20204d6f6e7374657273206d6967687420736c6970206f6e20746865207065656c732e0d
RANDOM_RESULT	rumors.false	36	2238	10	26159	27794	426574746572206c65617665207468652064756e67656f6e3b206f746865727769736520796f75206d69676874206765742068757274206261646c792e0d
RANDOM_RESULT	rumors.false	37	2306	10	26159	27868	426577617265206f662074686520706f74696f6e206f66206e6974726f676c79636572696e202d2d2069742773206e6f7420666f7220746865207765616b206f662068656172742e0d
RANDOM_RESULT	rumors.false	38	2369	10	26159	27948	4265776172653a20207468657265277320616c776179732061206368616e6365207468617420796f75722077616e64206578706c6f64657320617320796f752074727920746f207a6170206974210d
RANDOM_RESULT	rumors.false	39	2443	10	26159	28018	4265796f6e64207468652032337264206c6576656c206c6965732061206861707079207265746972656d656e7420696e206120726f6f6d206f6620796f7572206f776e2e0d
RANDOM_RESULT	rumors.false	40	2523	10	26159	28089	4368616e67696e6720796f7572207375697420776974686f75742064726f7070696e6720796f75722073776f72643f2020596f75206d757374206265206b696464696e67210d
RANDOM_RESULT	rumors.false	41	2593	10	26159	28150	436c6f73652074686520646f6f72212020596f75277265206c657474696e67207468652068656174206f7574215f5f5f5f5f5f5f5f5f5f5f5f5f5f0d
RANDOM_RESULT	rumors.false	42	2664	1	26159	28215	436f636b61747269636573206d69676874207475726e207468656d73656c76657320746f2073746f6e6520666163656420776974682061206d6972726f722e0d
RANDOM_RESULT	rumors.false	43	2725	10	26159	28285	436f6e73756d7074696f6e206f6620686f6d652d6d61646520666f6f64206973207374726963746c7920666f7262696464656e20696e20746869732064756e67656f6e2e0d
RANDOM_RESULT	rumors.false	44	2790	10	26159	28346	4461726b20726f6f6d3f2020596f7572206368616e636520746f20646576656c6f7020796f75722070686f746f677261706873215f5f5f5f5f5f5f0d
RANDOM_RESULT	rumors.false	45	2860	1	26159	28424	4461726b20726f6f6d7320617265206e6f74202a636f6d706c6574656c792a206461726b3a20206a757374207761697420616e64206c657420796f757220657965732061646a7573742e2e2e0d
RANDOM_RESULT	rumors.false	46	2921	10	26159	28501	4461766964204c6f6e646f6e2073657a2c202248657920677579732c202a5749454c442a2061206c697a61726420636f7270736520616761696e7374206120636f636b61747269636521220d
RANDOM_RESULT	rumors.false	47	2999	10	26159	28562	4465617468206973206a757374206c696665277320776179206f662074656c6c696e6720796f7520796f75277665206265656e2066697265642e5f0d
RANDOM_RESULT	rumors.false	48	3076	1	26159	28623	44656d692d676f647320646f6e2774206e65656420616e792068656c702066726f6d2074686520676f64732e5f5f5f5f5f5f5f5f5f5f5f5f5f5f5f0d
RANDOM_RESULT	rumors.false	49	3137	1	26159	28684	44656d6f6e73202a484154452a205072696573747320616e642050726965737465737365732e5f5f5f5f5f5f5f5f5f5f5f5f5f5f5f5f5f5f5f5f5f0d
RANDOM_RESULT	rumors.false	50	3198	1	26159	28745	4469646e277420796f7520666f7267657420746f207061793f5f5f5f5f5f5f5f5f5f5f5f5f5f5f5f5f5f5f5f5f5f5f5f5f5f5f5f5f5f5f5f5f5f5f0d
RANDOM_RESULT	rumors.false	51	3259	1	26159	28806	4469646e277420796f7572206d6f746865722074656c6c20796f75206e6f7420746f2065617420666f6f64206f66662074686520666c6f6f723f5f0d
RANDOM_RESULT	rumors.false	52	3320	1	26159	28886	44697265637420612064697265637420686974206f6e20796f757220646972656374206f70706f6e656e742c20646972656374696e6720696e2074686520726967687420646972656374696f6e2e0d
RANDOM_RESULT	rumors.false	53	3381	10	26159	28966	446f20796f752077616e7420746f206d616b65206d6f7265206d6f6e65793f2020537572652c20776520616c6c20646f2120204a6f696e2074686520466f7274204c7564696f73206775617264210d
RANDOM_RESULT	rumors.false	54	3461	10	26159	29027	446f657320796f757220626f7373206b6e6f77207768617420796f7527726520646f696e67207269676874206e6f773f5f5f5f5f5f5f5f5f5f5f5f0d
RANDOM_RESULT	rumors.false	55	3541	1	26159	29106	446f6e277420626f746865722077697368696e6720666f72207468696e67732e2020596f75276c6c2070726f6261626c792066696e64206f6e65206f6e20746865206e657874206c6576656c2e0d
RANDOM_RESULT	rumors.false	56	3602	10	26159	29167	446f6e27742065617420746f6f206d7563683a2020796f75206d6967687420737461727420686963636f756768696e67215f5f5f5f5f5f5f5f5f5f0d
RANDOM_RESULT	rumors.false	57	3681	1	26159	29228	446f6e277420706c6179204e65744861636b20617420796f757220776f726b3b20796f757220626f7373206d696768742068697420796f75215f5f0d
RANDOM_RESULT	rumors.false	58	3742	1	26159	29309	446f6e27742074656c6c206120736f756c20796f7520666f756e6420612073656372657420646f6f722c206f74686572776973652069742069736e277420612073656372657420616e796d6f72652e0d
RANDOM_RESULT	rumors.false	59	3803	10	26159	29378	4472696e6b696e6720706f74696f6e73206f6620626f6f7a65206d6179206c616e6420796f7520696e206a61696c20696620796f752061726520756e6465722032312e0d
RANDOM_RESULT	rumors.false	60	3884	10	26159	29444	44726f7020796f75722076616e69747920616e642067657420726964206f6620796f7572206a6577656c732120205069636b706f636b6574732061626f7574210d
RANDOM_RESULT	rumors.false	61	3953	10	26159	29515	45617420313020636c6f766573206f66206761726c696320616e64206b65657020616c6c2068756d616e7320617420612074776f2d7371756172652064697374616e63652e0d
RANDOM_RESULT	rumors.false	62	4019	10	26159	29594	45656c73206869646520756e646572206d75642e2020557365206120756e69636f726e20746f20636c6561722074686520776174657220616e64206d616b65207468656d2076697369626c652e0d
RANDOM_RESULT	rumors.false	63	4090	10	26159	29655	45656c732077696c6c2068656c7020796f752074696520796f75722073686f65732e5f5f5f5f5f5f5f5f5f5f5f5f5f5f5f5f5f5f5f5f5f5f5f5f5f0d
RANDOM_RESULT	rumors.false	64	4169	1	26159	29716	456c66206861732065787472612073706565642e5f5f5f5f5f5f5f5f5f5f5f5f5f5f5f5f5f5f5f5f5f5f5f5f5f5f5f5f5f5f5f5f5f5f5f5f5f5f5f0d
RANDOM_RESULT	rumors.false	65	4230	1	26159	29777	456e677261766520796f757220776973686573207769746820612077616e64206f662077697368696e672e5f5f5f5f5f5f5f5f5f5f5f5f5f5f5f5f0d
RANDOM_RESULT	rumors.false	66	4291	1	26159	29855	4576656e7475616c6c7920796f752077696c6c20636f6d6520746f2061646d6972652074686520737769667420656c6567616e6365206f6620612072657472656174696e67206e796d70682e0d
RANDOM_RESULT	rumors.false	67	4352	10	26159	29916	457665722068656172642068697373696e67206f7574736964653f202049202a6b6e65772a20796f75206861646e2774215f5f5f5f5f5f5f5f5f5f0d
RANDOM_RESULT	rumors.false	68	4430	1	26159	29977	45766572206c6966746564206120647261676f6e20636f727073653f5f5f5f5f5f5f5f5f5f5f5f5f5f5f5f5f5f5f5f5f5f5f5f5f5f5f5f5f5f5f5f0d
RANDOM_RESULT	rumors.false	69	4491	1	26159	30038	45766572207365656e2061206c656f63726f7474612064616e63696e67207468652074656e67753f5f5f5f5f5f5f5f5f5f5f5f5f5f5f5f5f5f5f5f0d
RANDOM_RESULT	rumors.false	70	4552	1	26159	30099	45766572207365656e20796f757220776561706f6e20676c6f7720706c6169643f5f5f5f5f5f5f5f5f5f5f5f5f5f5f5f5f5f5f5f5f5f5f5f5f5f5f0d
RANDOM_RESULT	rumors.false	71	4613	1	26159	30160	457665722074616d656420612073686f706b65657065723f5f5f5f5f5f5f5f5f5f5f5f5f5f5f5f5f5f5f5f5f5f5f5f5f5f5f5f5f5f5f5f5f5f5f5f0d
RANDOM_RESULT	rumors.false	72	4674	1	26159	30221	457665722074726965642064696767696e67207468726f7567682061205661756c742047756172643f5f5f5f5f5f5f5f5f5f5f5f5f5f5f5f5f5f5f0d
RANDOM_RESULT	rumors.false	73	4735	1	26159	30282	4576657220747269656420656e6368616e74696e67206120726f70653f5f5f5f5f5f5f5f5f5f5f5f5f5f5f5f5f5f5f5f5f5f5f5f5f5f5f5f5f5f5f0d
RANDOM_RESULT	rumors.false	74	4796	1	26159	30343	466c6f6174696e6720657965732063616e2774207374616e6420486177616969616e207368697274732e5f5f5f5f5f5f5f5f5f5f5f5f5f5f5f5f5f0d
RANDOM_RESULT	rumors.false	75	4857	1	26159	30404	466f7220616e792072656d6564792074686572652069732061206d69736572792e5f5f5f5f5f5f5f5f5f5f5f5f5f5f5f5f5f5f5f5f5f5f5f5f5f5f0d
RANDOM_RESULT	rumors.false	76	4918	1	26159	30465	4769616e742062617473207475726e20696e746f206769616e742076616d70697265732e5f5f5f5f5f5f5f5f5f5f5f5f5f5f5f5f5f5f5f5f5f5f5f0d
RANDOM_RESULT	rumors.false	77	4979	1	26159	30526	476f6f642064617920666f72206f766572636f6d696e67206f62737461636c65732e202054727920612073746565706c6563686173652e5f5f5f5f0d
RANDOM_RESULT	rumors.false	78	5040	1	26159	30591	48616c66204d6f6f6e20746f6e696768742e2020284174206c65617374206974277320626574746572207468616e206e6f204d6f6f6e20617420616c6c2e290d
RANDOM_RESULT	rumors.false	79	5101	10	26159	30661	5b636f6f6b69655d2048656c7021202049276d206265696e672068656c6420707269736f6e657220696e206120666f7274756e6520636f6f6b696520666163746f7279210d
RANDOM_RESULT	rumors.false	80	5166	10	26159	30722	486f757365636174732068617665206e696e65206c697665732c206b697474656e73206f6e6c79206f6e652e5f5f5f5f5f5f5f5f5f5f5f5f5f5f5f0d
RANDOM_RESULT	rumors.false	81	5236	1	26159	30783	486f77206c6f6e672063616e20796f752074726561642077617465723f5f5f5f5f5f5f5f5f5f5f5f5f5f5f5f5f5f5f5f5f5f5f5f5f5f5f5f5f5f5f0d
RANDOM_RESULT	rumors.false	82	5297	1	26159	30844	48756e6772793f2020546865726520697320616e206162756e64616e6365206f6620666f6f64206f6e20746865206e657874206c6576656c2e5f5f0d
RANDOM_RESULT	rumors.false	83	5358	1	26159	30913	4920677565737320796f75277665206e65766572206869742061206d61696c206461656d6f6e20776974682074686520416d756c6574206f662059656e646f722e2e2e0d
RANDOM_RESULT	rumors.false	84	5419	10	26159	30975	4966207468657265277320612073706f74206f6620626c6f6f64206f6e20796f75722068616e64732c20776879206e6f742077617368207468656d3f0d
RANDOM_RESULT	rumors.false	85	5488	10	26159	31036	496620796f7520617265207468652073686f706b65657065722c20796f752063616e2074616b65207468696e677320666f7220667265652e5f5f5f0d
RANDOM_RESULT	rumors.false	86	5550	1	26159	31100	496620796f752061736b207265616c6c79206e6963656c792c207468652057697a6172642077696c6c206769766520796f752074686520416d756c65742e0d
RANDOM_RESULT	rumors.false	87	5611	10	26159	31166	496620796f752063616e2774206c6561726e20746f20646f2069742077656c6c2c206c6561726e20746f20656e6a6f7920646f696e67206974206261646c792e0d
RANDOM_RESULT	rumors.false	88	5675	10	26159	31239	496620796f752074686f75676874207468652057697a61726420776173206261642c206a75737420776169742074696c6c20796f75206d65657420746865205761726c6f7264210d
RANDOM_RESULT	rumors.false	89	5741	10	26159	31317	496620796f75207475726e20626c696e642c20646f6e27742065787065637420796f757220646f6720746f206265207475726e656420696e746f206120736565696e672d65796520646f672e0d
RANDOM_RESULT	rumors.false	90	5814	10	26159	31378	496620796f752077616e7420746f206665656c2067726561742c20796f75206d7573742065617420736f6d657468696e67207265616c206269672e0d
RANDOM_RESULT	rumors.false	91	5892	1	26159	31439	496620796f752077616e7420746f20666c6f61742c20796f7527642062657474657220656174206120666c6f6174696e67206579652e5f5f5f5f5f0d
RANDOM_RESULT	rumors.false	92	5953	1	26159	31500	496620796f75722067686f7374206b696c6c73206120706c617965722c20697420696e6372656173657320796f75722073636f72652e5f5f5f5f5f0d
RANDOM_RESULT	rumors.false	93	6014	1	26159	31561	496e637265617365206d696e64706f7765723a202054616d6520796f7572206f776e2067686f7374215f5f5f5f5f5f5f5f5f5f5f5f5f5f5f5f5f5f0d
RANDOM_RESULT	rumors.false	94	6075	1	26159	31622	4974206675727468657273206f6e6520746f2073656520746865206772656174206d616e2e5f5f5f5f5f5f5f5f5f5f5f5f5f5f5f5f5f5f5f5f5f5f0d
RANDOM_RESULT	rumors.false	95	6136	1	26159	31683	49742773206561737920746f206f7665726c6f6f6b2061206d6f6e7374657220696e206120776f6f642e5f5f5f5f5f5f5f5f5f5f5f5f5f5f5f5f5f0d
RANDOM_RESULT	rumors.false	96	6197	1	26159	31755	4a7573742062656c6f7720616e79207472617020646f6f72207468657265206d617920626520616e6f74686572206f6e652e20204a757374206b6565702066616c6c696e67210d
RANDOM_RESULT	rumors.false	97	6258	10	26159	31816	4b6174616e61732061726520766572792073686172703b20776174636820796f7520646f6e27742063757420796f757273656c662e5f5f5f5f5f5f0d
RANDOM_RESULT	rumors.false	98	6330	1	26159	31877	4b656570206120636c656172206d696e643a2020717561666620636c65617220706f74696f6e732e5f5f5f5f5f5f5f5f5f5f5f5f5f5f5f5f5f5f5f0d
RANDOM_RESULT	rumors.false	99	6391	1	26159	31938	4b69636b696e6720746865207465726d696e616c20646f65736e2774206875727420746865206d6f6e73746572732e5f5f5f5f5f5f5f5f5f5f5f5f0d
RANDOM_RESULT	rumors.false	100	6452	1	26159	31999	4b696c6c65722062656573206b65657020617070656172696e672074696c6c20796f75206b696c6c20746865697220717565656e2e5f5f5f5f5f5f0d
RANDOM_RESULT	rumors.false	101	6513	1	26159	32060	4b696c6c65722062756e6e6965732063616e2062652074616d6564207769746820636172726f7473206f6e6c792e5f5f5f5f5f5f5f5f5f5f5f5f5f0d
RANDOM_RESULT	rumors.false	102	6574	1	26159	32126	4c6174657374206e6577733f202050757420607265632e67616d65732e726f6775656c696b652e6e65746861636b2720696e20796f7572202e6e6577737263210d
RANDOM_RESULT	rumors.false	103	6635	10	26159	32187	4c6561726e20686f7720746f207370656c6c2e2020506c6179204e65744861636b215f5f5f5f5f5f5f5f5f5f5f5f5f5f5f5f5f5f5f5f5f5f5f5f5f0d
RANDOM_RESULT	rumors.false	104	6701	1	26159	32248	4c65707265636861756e73206869646520746865697220676f6c6420696e20612073656372657420726f6f6d2e5f5f5f5f5f5f5f5f5f5f5f5f5f5f0d
RANDOM_RESULT	rumors.false	105	6762	1	26159	32309	4c657420796f75722066696e6765727320646f207468652077616c6b696e67206f6e207468652079756c6b6a686e62206b6579732e5f5f5f5f5f5f0d
RANDOM_RESULT	rumors.false	106	6823	1	26159	32370	4c6574277320666163652069743a2020746869732074696d6520796f75277265206e6f7420676f696e6720746f2077696e2e5f5f5f5f5f5f5f5f5f0d
RANDOM_RESULT	rumors.false	107	6884	1	26159	32431	4c65742773206861766520612070617274792c206472696e6b2061206c6f74206f6620626f6f7a652e5f5f5f5f5f5f5f5f5f5f5f5f5f5f5f5f5f5f0d
RANDOM_RESULT	rumors.false	108	6945	1	26159	32492	4c6971756f722073656c6c65727320646f206e6f74206472696e6b3b2074686579206861746520746f2073656520796f752074776963652e5f5f5f0d
RANDOM_RESULT	rumors.false	109	7006	1	26159	32553	4c756e61722065636c6970736520746f6e696768742e20204d61792061732077656c6c2071756974206e6f77215f5f5f5f5f5f5f5f5f5f5f5f5f5f0d
RANDOM_RESULT	rumors.false	110	7067	1	26159	32614	4d656574696e6720796f7572206f776e2067686f73742064656372656173657320796f7572206c75636b20636f6e736964657261626c79215f5f5f0d
RANDOM_RESULT	rumors.false	111	7128	1	26159	32688	4d6f6e657920746f20696e766573743f202054616b6520697420746f20746865206c6f63616c206272616e6368206f6620746865204d61676963204d656d6f7279205661756c74210d
RANDOM_RESULT	rumors.false	112	7189	10	26159	32749	4d6f6e737465727320636f6d652066726f6d206e6f776865726520746f2068697420796f7520657665727977686572652e5f5f5f5f5f5f5f5f5f5f0d
RANDOM_RESULT	rumors.false	113	7263	1	26159	32822	4d6f6e737465727320736c656570206265636175736520796f752061726520626f72696e672c206e6f74206265636175736520746865792065766572206765742074697265642e0d
RANDOM_RESULT	rumors.false	114	7324	10	26159	32891	4d6f7374206d6f6e737465727320707265666572206d696e636564206d6561742e2020546861742773207768792074686579206172652068697474696e6720796f75210d
RANDOM_RESULT	rumors.false	115	7397	10	26159	32952	4d6f7374206f6620746865206275677320696e204e65744861636b20617265206f6e2074686520666c6f6f722e5f5f5f5f5f5f5f5f5f5f5f5f5f5f0d
RANDOM_RESULT	rumors.false	116	7466	1	26159	33013	4d7563682061646f204e6f7468696e672048617070656e732e5f5f5f5f5f5f5f5f5f5f5f5f5f5f5f5f5f5f5f5f5f5f5f5f5f5f5f5f5f5f5f5f5f5f0d
RANDOM_RESULT	rumors.false	117	7527	1	26159	33074	4d756c74692d706c61796572204e65744861636b2069732061206d7974682e5f5f5f5f5f5f5f5f5f5f5f5f5f5f5f5f5f5f5f5f5f5f5f5f5f5f5f5f0d
RANDOM_RESULT	rumors.false	118	7588	1	26159	33135	4e65744861636b206973206164646963746976652e2020546f6f206c6174652c20796f7527726520616c726561647920686f6f6b65642e5f5f5f5f0d
RANDOM_RESULT	rumors.false	119	7649	1	26159	33196	4e657665722061736b20612073686f706b656570657220666f722061207072696365206c6973742e5f5f5f5f5f5f5f5f5f5f5f5f5f5f5f5f5f5f5f0d
RANDOM_RESULT	rumors.false	120	7710	1	26159	33266	4e65766572206275726e206120747265652c20756e6c65737320796f75206c696b652067657474696e6720776861636b656420776974682061202b352073686f76656c2e0d
RANDOM_RESULT	rumors.false	121	7771	10	26159	33327	4e6576657220656174207769746820676c6f77696e672068616e6473215f5f5f5f5f5f5f5f5f5f5f5f5f5f5f5f5f5f5f5f5f5f5f5f5f5f5f5f5f5f0d
RANDOM_RESULT	rumors.false	122	7841	1	26159	33399	4e65766572206d696e6420746865206d6f6e73746572732068697474696e6720796f753a202074686579206a757374207265706c616365207468652063686172776f6d656e2e0d
RANDOM_RESULT	rumors.false	123	7902	10	26159	33460	4e6576657220706c6179206c65617066726f672077697468206120756e69636f726e2e5f5f5f5f5f5f5f5f5f5f5f5f5f5f5f5f5f5f5f5f5f5f5f5f0d
RANDOM_RESULT	rumors.false	124	7974	1	26159	33521	4e657665722073746570206f6e20612063757273656420656e67726176696e672e5f5f5f5f5f5f5f5f5f5f5f5f5f5f5f5f5f5f5f5f5f5f5f5f5f5f0d
RANDOM_RESULT	rumors.false	125	8035	1	26159	33586	4e65766572207377696d207769746820612063616d6572613a202074686572652773206e6f7468696e6720746f2074616b65207069637475726573206f662e0d
RANDOM_RESULT	rumors.false	126	8096	10	26159	33647	4e6576657220746561636820796f7572207065742072757374206d6f6e7374657220746f2066657463682e5f5f5f5f5f5f5f5f5f5f5f5f5f5f5f5f0d
RANDOM_RESULT	rumors.false	127	8161	1	26159	33708	4e6576657220747275737420612072616e646f6d2067656e657261746f7220696e206d61676963206669656c64732e5f5f5f5f5f5f5f5f5f5f5f5f0d
RANDOM_RESULT	rumors.false	128	8222	1	26159	33769	4e657665722075736520612077616e64206f662064656174682e5f5f5f5f5f5f5f5f5f5f5f5f5f5f5f5f5f5f5f5f5f5f5f5f5f5f5f5f5f5f5f5f5f0d
RANDOM_RESULT	rumors.false	129	8283	1	26159	33830	4e6f206c6576656c20636f6e7461696e732074776f2073686f70732e2020546865206d617a65206973206e6f206c6576656c2e2020536f2e2e2e5f0d
RANDOM_RESULT	rumors.false	130	8344	1	26159	33917	5b636f6f6b69655d204e6f2070617274206f66207468697320666f7274756e65206d617920626520726570726f64756365642c2073746f72656420696e20612072657472696576616c2073797374656d2c202e2e2e0d
RANDOM_RESULT	rumors.false	131	8405	10	26159	33978	4e6f7420616c6c2072756d6f727320617265206173206d69736c656164696e672061732074686973206f6e652e5f5f5f5f5f5f5f5f5f5f5f5f5f5f0d
RANDOM_RESULT	rumors.false	132	8492	1	26159	34039	4e796d70687320616e64206e7572736573206c696b652062656175746966756c2072696e67732e5f5f5f5f5f5f5f5f5f5f5f5f5f5f5f5f5f5f5f5f0d
RANDOM_RESULT	rumors.false	133	8553	1	26159	34100	4e796d7068732061726520626c6f6e6465732e202041726520796f7520612067656e746c656d616e3f5f5f5f5f5f5f5f5f5f5f5f5f5f5f5f5f5f5f0d
RANDOM_RESULT	rumors.false	134	8614	1	26159	34172	4f66666572696e67206120756e69636f726e206120776f7274686c657373207069656365206f6620676c617373206d696768742070726f766520746f20626520666174616c210d
RANDOM_RESULT	rumors.false	135	8675	10	26159	34233	4f6c64206861636b657273206e65766572206469653a2020796f756e67206f6e657320646f2e5f5f5f5f5f5f5f5f5f5f5f5f5f5f5f5f5f5f5f5f5f0d
RANDOM_RESULT	rumors.false	136	8747	1	26159	34294	4f6e652068617320746f206c656176652073686f7073206265666f726520636c6f73696e672074696d652e5f5f5f5f5f5f5f5f5f5f5f5f5f5f5f5f0d
RANDOM_RESULT	rumors.false	137	8808	1	26159	34355	4f6e6520686f6d756e63756c7573206120646179206b656570732074686520646f63746f7220617761792e5f5f5f5f5f5f5f5f5f5f5f5f5f5f5f5f0d
RANDOM_RESULT	rumors.false	138	8869	1	26159	34418	4f6e65206c6576656c206675727468657220646f776e20736f6d65626f64792069732067657474696e67206b696c6c65642c207269676874206e6f772e0d
RANDOM_RESULT	rumors.false	139	8930	10	26159	34479	4f6e6c7920612077697a6172642063616e207573652061206d616769632077686973746c652e5f5f5f5f5f5f5f5f5f5f5f5f5f5f5f5f5f5f5f5f5f0d
RANDOM_RESULT	rumors.false	140	8993	1	26159	34543	4f6e6c7920616476656e747572657273206f66206576696c20616c69676e6d656e74207468696e6b206f66206b696c6c696e6720746865697220646f672e0d
RANDOM_RESULT	rumors.false	141	9054	10	26159	34604	4f6e6c79206368616f746963206576696c73206b696c6c20736c656570696e67206d6f6e73746572732e5f5f5f5f5f5f5f5f5f5f5f5f5f5f5f5f5f0d
RANDOM_RESULT	rumors.false	142	9118	1	26159	34665	4f6e6c79207265616c207472617070657273206573636170652074726170732e5f5f5f5f5f5f5f5f5f5f5f5f5f5f5f5f5f5f5f5f5f5f5f5f5f5f5f0d
RANDOM_RESULT	rumors.false	143	9179	1	26159	34726	4f6e6c79207265616c2077697a617264732063616e207772697465207363726f6c6c732e5f5f5f5f5f5f5f5f5f5f5f5f5f5f5f5f5f5f5f5f5f5f5f0d
RANDOM_RESULT	rumors.false	144	9240	1	26159	34787	4f7065726174696f6e204f5645524b494c4c206861732073746172746564206e6f772e5f5f5f5f5f5f5f5f5f5f5f5f5f5f5f5f5f5f5f5f5f5f5f5f0d
RANDOM_RESULT	rumors.false	145	9301	1	26159	34848	4f7563682e2020492068617465207768656e20746861742068617070656e732e5f5f5f5f5f5f5f5f5f5f5f5f5f5f5f5f5f5f5f5f5f5f5f5f5f5f5f0d
RANDOM_RESULT	rumors.false	146	9362	1	26159	34909	504c454153452069676e6f72652070726576696f75732072756d6f722e5f5f5f5f5f5f5f5f5f5f5f5f5f5f5f5f5f5f5f5f5f5f5f5f5f5f5f5f5f5f0d
RANDOM_RESULT	rumors.false	147	9423	1	26159	34977	506f6c796d6f72706820696e746f20616e20657474696e3b206d65657420796f7572206f70706f6e656e7473206661636520746f206661636520746f20666163652e0d
RANDOM_RESULT	rumors.false	148	9484	10	26159	35038	50726179696e672077696c6c20667269676874656e2064656d6f6e732e5f5f5f5f5f5f5f5f5f5f5f5f5f5f5f5f5f5f5f5f5f5f5f5f5f5f5f5f5f5f0d
RANDOM_RESULT	rumors.false	149	9552	1	26159	35117	526f772028337829207468617420626f61742067656e746c7920646f776e207468652073747265616d2c20436861726f6e20283478292c20646561746820697320627574206120647265616d2e0d
RANDOM_RESULT	rumors.false	150	9613	10	26159	35178	52756e6e696e6720697320676f6f6420666f7220796f7572206c6567732e5f5f5f5f5f5f5f5f5f5f5f5f5f5f5f5f5f5f5f5f5f5f5f5f5f5f5f5f5f0d
RANDOM_RESULT	rumors.false	151	9692	1	26159	35239	536372657720757020796f757220636f7572616765212020596f7527766520736372657765642075702065766572797468696e6720656c73652e5f0d
RANDOM_RESULT	rumors.false	152	9753	1	26159	35300	536565706167653f20204c65616b792070697065733f2020526973696e672064616d703f202053756d6d6f6e2074686520706c756d626572215f5f0d
RANDOM_RESULT	rumors.false	153	9814	1	26159	35361	5365676d656e746174696f6e206661756c742028636f72652064756d706564292e5f5f5f5f5f5f5f5f5f5f5f5f5f5f5f5f5f5f5f5f5f5f5f5f5f5f0d
RANDOM_RESULT	rumors.false	154	9875	1	26159	35422	53686f706b6565706572732061726520696e73757265642062792043726f657375732068696d73656c66215f5f5f5f5f5f5f5f5f5f5f5f5f5f5f5f0d
RANDOM_RESULT	rumors.false	155	9936	1	26159	35483	53686f706b65657065727320736f6d6574696d6573206469652066726f6d206f6c64206167652e5f5f5f5f5f5f5f5f5f5f5f5f5f5f5f5f5f5f5f5f0d
RANDOM_RESULT	rumors.false	156	9997	1	26159	35555	536f6d65206d617a65732028657370656369616c6c7920736d616c6c206f6e6573292068617665206e6f20736f6c7574696f6e732c2073617973206d616e2036206d617a652e0d
RANDOM_RESULT	rumors.false	157	10058	10	26159	35618	536f6d65207175657374696f6e732074686520537068796e782061736b73206a757374202a646f6e27742a206861766520616e7920616e73776572732e0d
RANDOM_RESULT	rumors.false	158	10130	10	26159	35679	536f6d6574696d657320226d75222069732074686520616e737765722e5f5f5f5f5f5f5f5f5f5f5f5f5f5f5f5f5f5f5f5f5f5f5f5f5f5f5f5f5f5f0d
RANDOM_RESULT	rumors.false	159	10193	1	26159	35744	5b636f6f6b69655d20536f7272792c206e6f20666f7274756e6520746869732074696d652e2020426574746572206c75636b206e65787420636f6f6b6965210d
RANDOM_RESULT	rumors.false	160	10254	10	26159	35808	537061726520796f7572207363726f6c6c73206f66206d616b652d656469626c6520756e74696c2069742773207265616c6c79206e6563657373617279210d
RANDOM_RESULT	rumors.false	161	10319	10	26159	35879	537469636b7320616e642073746f6e6573206d617920627265616b20796f757220626f6e657320627574206d616e65732077696c6c206e65766572206875727420796f752e0d
RANDOM_RESULT	rumors.false	162	10383	10	26159	35940	53746f726d6272696e67657220646f65736e277420737465616c20736f756c732e202050656f706c6520737465616c20736f756c732e5f5f5f5f5f0d
RANDOM_RESULT	rumors.false	163	10454	1	26159	36001	53756464656e6c792c207468652064756e67656f6e2077696c6c20636f6c6c617073652e2e2e5f5f5f5f5f5f5f5f5f5f5f5f5f5f5f5f5f5f5f5f5f0d
RANDOM_RESULT	rumors.false	164	10515	1	26159	36062	54616d696e672061206d61696c206461656d6f6e206d617920636175736520612073797374656d2073656375726974792076696f6c6174696f6e2e0d
RANDOM_RESULT	rumors.false	165	10576	1	26159	36142	5468652063726f77642077617320736f20746f7567682c207468652053746f6f67657320776f6e277420706c6179207468652044756e67656f6e20616e796d6f72652c206e79756b206e79756b2e0d
RANDOM_RESULT	rumors.false	166	10637	10	26159	36203	546865206c65707265636861756e73206869646520746865697220747265617375726520696e206120736d616c6c2068696464656e20726f6f6d2e0d
RANDOM_RESULT	rumors.false	167	10717	1	26159	36264	546865206c6f6e676572207468652077616e6420746865206265747465722e5f5f5f5f5f5f5f5f5f5f5f5f5f5f5f5f5f5f5f5f5f5f5f5f5f5f5f5f0d
RANDOM_RESULT	rumors.false	168	10778	1	26159	36325	546865206d6167696320776f7264206973202258595a5a59222e5f5f5f5f5f5f5f5f5f5f5f5f5f5f5f5f5f5f5f5f5f5f5f5f5f5f5f5f5f5f5f5f5f0d
RANDOM_RESULT	rumors.false	169	10839	1	26159	36386	546865206d65656b207368616c6c20696e686572697420796f757220626f6e65732066696c65732e5f5f5f5f5f5f5f5f5f5f5f5f5f5f5f5f5f5f5f0d
RANDOM_RESULT	rumors.false	170	10900	1	26159	36456	546865206d696e657320617265206461726b20616e6420646565702c20616e6420492068617665206c6576656c7320746f20676f206265666f7265204920736c6565702e0d
RANDOM_RESULT	rumors.false	171	10961	10	26159	36517	546865206d6f726520796f752075736520746865204520776f72642c20746865206265747465722e5f5f5f5f5f5f5f5f5f5f5f5f5f5f5f5f5f5f5f0d
RANDOM_RESULT	rumors.false	172	11031	1	26159	36578	54686520757365206f662064796e616d6974652069732064616e6765726f75732e5f5f5f5f5f5f5f5f5f5f5f5f5f5f5f5f5f5f5f5f5f5f5f5f5f5f0d
RANDOM_RESULT	rumors.false	173	11092	1	26159	36639	546865726520617265206e6f20776f726d7320696e2074686520554e49582076657273696f6e2e5f5f5f5f5f5f5f5f5f5f5f5f5f5f5f5f5f5f5f5f0d
RANDOM_RESULT	rumors.false	174	11153	1	26159	36700	546865726520697320612074726170206f6e2074686973206c6576656c215f5f5f5f5f5f5f5f5f5f5f5f5f5f5f5f5f5f5f5f5f5f5f5f5f5f5f5f5f0d
RANDOM_RESULT	rumors.false	175	11214	1	26159	36779	546865792073617920746861742044656d6f676f72676f6e2c2041736d6f646575732c204f726375732c205965656e6f6768752026204a7569626c6578206973206e6f206c6177206669726d2e0d
RANDOM_RESULT	rumors.false	176	11275	10	26159	36840	5468657920736179207468617420476572796f6e2068617320616e206576696c207477696e2c20626577617265215f5f5f5f5f5f5f5f5f5f5f5f5f0d
RANDOM_RESULT	rumors.false	177	11354	1	26159	36901	54686579207361792074686174204d656475736120776f756c64206d616b652061207465727269626c65207065742e5f5f5f5f5f5f5f5f5f5f5f5f0d
RANDOM_RESULT	rumors.false	178	11415	1	26159	36962	54686579207361792074686174204e65744861636b2062756773206172652053656c646f6e20706c616e6e65642e5f5f5f5f5f5f5f5f5f5f5f5f5f0d
RANDOM_RESULT	rumors.false	179	11476	1	26159	37023	54686579207361792074686174204e65744861636b20636f6d657320696e2032353620666c61766f72732e5f5f5f5f5f5f5f5f5f5f5f5f5f5f5f5f0d
RANDOM_RESULT	rumors.false	180	11537	1	26159	37084	54686579207361792074686174204e65744861636b206973206a757374206120636f6d70757465722067616d652e5f5f5f5f5f5f5f5f5f5f5f5f5f0d
RANDOM_RESULT	rumors.false	181	11598	1	26159	37145	54686579207361792074686174204e65744861636b206973206d6f7265207468616e206a757374206120636f6d70757465722067616d652e5f5f5f0d
RANDOM_RESULT	rumors.false	182	11659	1	26159	37206	54686579207361792074686174204e65744861636b206973206e657665722077686174206974207573656420746f2062652e5f5f5f5f5f5f5f5f5f0d
RANDOM_RESULT	rumors.false	183	11720	1	26159	37269	546865792073617920746861742061206261627920647261676f6e20697320746f6f20736d616c6c20746f2068757274206f722068656c7020796f752e0d
RANDOM_RESULT	rumors.false	184	11781	10	26159	37336	54686579207361792074686174206120626c61636b2070756464696e672069732073696d706c7920612062726f776e2070756464696e6720676f6e65206261642e0d
RANDOM_RESULT	rumors.false	185	11844	10	26159	37397	54686579207361792074686174206120626c61636b20736865657020686173203320626167732066756c6c206f6620776f6f6c2e5f5f5f5f5f5f5f0d
RANDOM_RESULT	rumors.false	186	11911	1	26159	37458	54686579207361792074686174206120626c616e6b207363726f6c6c206973206c696b65206120626c616e6b20636865636b2e5f5f5f5f5f5f5f5f0d
RANDOM_RESULT	rumors.false	187	11972	1	26159	37519	54686579207361792074686174206120636174206e616d6564204d6f7272697320686173206e696e65206c697665732e5f5f5f5f5f5f5f5f5f5f5f0d
RANDOM_RESULT	rumors.false	188	12033	1	26159	37585	546865792073617920746861742061206465737065726174652073686f70706572206d696768742070617920616e7920707269636520696e20612073686f702e0d
RANDOM_RESULT	rumors.false	189	12094	10	26159	37646	546865792073617920746861742061206469616d6f6e6420646f67206973206576657279626f64792773206265737420667269656e642e5f5f5f5f0d
RANDOM_RESULT	rumors.false	190	12160	1	26159	37723	546865792073617920746861742061206477617266206c6f72642063616e2063617272792061207069636b2d6178652062656361757365206869732061726d6f72206973206c696768742e0d
RANDOM_RESULT	rumors.false	191	12221	10	26159	37784	54686579207361792074686174206120666c6f6174696e67206579652063616e20646566656174204d65647573612e5f5f5f5f5f5f5f5f5f5f5f5f0d
RANDOM_RESULT	rumors.false	192	12298	1	26159	37865	5b636f6f6b69655d2054686579207361792074686174206120666f7274756e65206f6e6c79206861732031206c696e6520616e6420796f752063616e27742072656164206265747765656e2069742e0d
RANDOM_RESULT	rumors.false	193	12359	10	26159	37945	5b636f6f6b69655d2054686579207361792074686174206120666f7274756e65206f6e6c79206861732031206c696e652c2062757420796f752063616e2072656164206265747765656e2069742e0d
RANDOM_RESULT	rumors.false	194	12440	10	26159	38019	54686579207361792074686174206120666f756e7461696e206c6f6f6b73206e6f7468696e67206c696b65206120726567756c61726c79206572757074696e67206765797365722e0d
RANDOM_RESULT	rumors.false	195	12520	10	26159	38089	54686579207361792074686174206120676f6c6420646f75626c6f6f6e20697320776f727468206d6f7265207468616e206974732077656967687420696e20676f6c642e0d
RANDOM_RESULT	rumors.false	196	12594	10	26159	38165	54686579207361792074686174206120677269642062756720776f6e27742070617920612073686f706b656570657220666f72207a617070696e6720796f7520696e20612073686f702e0d
RANDOM_RESULT	rumors.false	197	12664	10	26159	38234	5b636f6f6b69655d2054686579207361792074686174206120677970737920636f756c642074656c6c20796f757220666f7274756e6520666f7220612070726963652e0d
RANDOM_RESULT	rumors.false	198	12740	10	26159	38311	546865792073617920746861742061206861636b6572206e616d656420416c696365206f6e6365206c6576656c2074656c65706f72746564206279207573696e672061206d6972726f722e0d
RANDOM_RESULT	rumors.false	199	12809	10	26159	38390	546865792073617920746861742061206861636b6572206e616d6564204461766964206f6e636520736c65772061206769616e742077697468206120736c696e6720616e64206120726f636b2e0d
RANDOM_RESULT	rumors.false	200	12886	10	26159	38457	546865792073617920746861742061206861636b6572206e616d656420446f726f746879206f6e636520726f6465206120666f6720636c6f756420746f204f7a2e0d
RANDOM_RESULT	rumors.false	201	12965	10	26159	38530	546865792073617920746861742061206861636b6572206e616d6564204d617279206f6e6365206c6f7374206120776869746520736865657020696e20746865206d617a65732e0d
RANDOM_RESULT	rumors.false	202	13032	10	26159	38594	5468657920736179207468617420612068656c6d206f66206272696c6c69616e6365206973206e6f7420746f2062652074616b656e206c696768746c792e0d
RANDOM_RESULT	rumors.false	203	13105	10	26159	38656	54686579207361792074686174206120686f7420646f6720616e6420612068656c6c20686f756e6420617265207468652073616d65207468696e672e0d
RANDOM_RESULT	rumors.false	204	13169	10	26159	38732	546865792073617920746861742061206c616d70206e616d656420416c616464696e2773204c616d7020636f6e7461696e73206120646a696e6e6920776974682033207769736865732e0d
RANDOM_RESULT	rumors.false	205	13231	10	26159	38801	546865792073617920746861742061206c6172676520646f67206e616d6564204c61737369652077696c6c206c65616420796f7520746f2074686520616d756c65742e0d
RANDOM_RESULT	rumors.false	206	13307	10	26159	38862	546865792073617920746861742061206c6f6e672073776f7264206973206e6f742061206c696768742073776f72642e5f5f5f5f5f5f5f5f5f5f5f0d
RANDOM_RESULT	rumors.false	207	13376	1	26159	38923	546865792073617920746861742061206d616e657320776f6e2774206d696e636520776f726473207769746820796f752e5f5f5f5f5f5f5f5f5f5f0d
RANDOM_RESULT	rumors.false	208	13437	1	26159	38984	546865792073617920746861742061206d696e642069732061207465727269626c65207468696e6720746f2077617374652e5f5f5f5f5f5f5f5f5f0d
RANDOM_RESULT	rumors.false	209	13498	1	26159	39052	54686579207361792074686174206120706c61696e206e796d70682077696c6c206f6e6c792077656172206120776972652072696e6720696e206f6e65206561722e0d
RANDOM_RESULT	rumors.false	210	13559	10	26159	39123	54686579207361792074686174206120706c756d65642068617420636f756c6420626520612070726576696f75736c79207573656420637265737465642068656c6d65742e0d
RANDOM_RESULT	rumors.false	211	13627	10	26159	39184	54686579207361792074686174206120706f74696f6e206f66206f696c20697320646966666963756c7420746f2067726173702e5f5f5f5f5f5f5f0d
RANDOM_RESULT	rumors.false	212	13698	1	26159	39253	54686579207361792074686174206120706f74696f6e206f6620796f6775727420697320612063616e63656c6c656420706f74696f6e206f66207369636b6e6573732e0d
RANDOM_RESULT	rumors.false	213	13759	10	26159	39314	54686579207361792074686174206120707572706c6520776f726d206973206e6f742061206261627920707572706c6520647261676f6e2e5f5f5f0d
RANDOM_RESULT	rumors.false	214	13828	1	26159	39387	54686579207361792074686174206120717569766572696e6720626c6f622074617374657320646966666572656e74207468616e20612067656c6174696e6f757320637562652e0d
RANDOM_RESULT	rumors.false	215	13889	10	26159	39459	5468657920736179207468617420612072756e65642062726f616473776f7264206e616d65642053746f726d6272696e67657220617474726163747320766f7274696365732e0d
RANDOM_RESULT	rumors.false	216	13962	10	26159	39520	546865792073617920746861742061207363726f6c6c206f662073756d6d6f6e696e6720686173206f74686572206e616d65732e5f5f5f5f5f5f5f0d
RANDOM_RESULT	rumors.false	217	14034	1	26159	39586	546865792073617920746861742061207368616d616e2063616e20626573746f7720626c657373696e67732062757420757375616c6c7920646f65736e27742e0d
RANDOM_RESULT	rumors.false	218	14095	10	26159	39661	546865792073617920746861742061207368616d616e2077696c6c20626c65737320796f7520666f7220616e20657965206f66206e65777420616e642077696e67206f66206261742e0d
RANDOM_RESULT	rumors.false	219	14161	10	26159	39734	546865792073617920746861742061207368696d6d6572696e6720676f6c6420736869656c64206973206e6f74206120706f6c69736865642073696c76657220736869656c642e0d
RANDOM_RESULT	rumors.false	220	14236	10	26159	39809	5468657920736179207468617420612073706561722077696c6c206869742061206e656f2d6f74797567682e202028446f20594f55206b6e6f77207768617420746861742069733f290d
RANDOM_RESULT	rumors.false	221	14309	10	26159	39872	5468657920736179207468617420612073706f7474656420647261676f6e2069732074686520756c74696d617465207368617065206368616e6765722e0d
RANDOM_RESULT	rumors.false	222	14384	10	26159	39949	5468657920736179207468617420612073746574686f73636f7065206973206e6f20676f6f6420696620796f752063616e206f6e6c79206865617220796f7572206865617274626561742e0d
RANDOM_RESULT	rumors.false	223	14447	10	26159	40021	546865792073617920746861742061207375636375627573206e616d65642053757a792077696c6c20736f6d6574696d6573207761726e20796f75206f662064616e6765722e0d
RANDOM_RESULT	rumors.false	224	14524	10	26159	40092	5468657920736179207468617420612077616e64206f662063616e63656c6c6174696f6e206973206e6f74206c696b6520612077616e64206f6620706f6c796d6f7270682e0d
RANDOM_RESULT	rumors.false	225	14596	10	26159	40162	54686579207361792074686174206120776f6f6420676f6c656d206e616d65642050696e6f636368696f20776f756c64206265206561737920746f20636f6e74726f6c2e0d
RANDOM_RESULT	rumors.false	226	14667	10	26159	40235	54686579207361792074686174206166746572206b696c6c696e67206120647261676f6e20697427732074696d6520666f722061206368616e6765206f66207363656e6572792e0d
RANDOM_RESULT	rumors.false	227	14737	10	26159	40315	5468657920736179207468617420616e20616d756c6574206f6620737472616e67756c6174696f6e20697320776f727365207468616e2072696e672061726f756e642074686520636f6c6c61722e0d
RANDOM_RESULT	rumors.false	228	14810	10	26159	40376	5468657920736179207468617420616e20617474696320697320746865206265737420706c61636520746f206869646520796f757220746f79732e0d
RANDOM_RESULT	rumors.false	229	14890	1	26159	40452	5468657920736179207468617420616e20617865206e616d656420436c6561766572206f6e63652062656c6f6e67656420746f2061206861636b6572206e616d6564204265617665722e0d
RANDOM_RESULT	rumors.false	230	14951	10	26159	40524	5468657920736179207468617420616e20657965206f66206e65777420616e6420612077696e67206f66206261742061726520646f75626c65207468652074726f75626c652e0d
RANDOM_RESULT	rumors.false	231	15027	10	26159	40599	5468657920736179207468617420616e20696e6375627573206e616d656420497a7a7920736f6d6574696d6573206d616b657320776f6d656e206665656c2073656e7369746976652e0d
RANDOM_RESULT	rumors.false	232	15099	10	26159	40676	5468657920736179207468617420616e206f70756c656e74207468726f6e6520726f6f6d20697320726172656c79206120706c61636520746f207769736820796f75276420626520696e2e0d
RANDOM_RESULT	rumors.false	233	15174	10	26159	40753	5468657920736179207468617420616e20756e6c75636b79206861636b6572206f6e6365206861642061206e6f736520626c65656420617420616e20616c74617220616e6420646965642e0d
RANDOM_RESULT	rumors.false	234	15251	10	26159	40819	5468657920736179207468617420616e642074686579207361792074686973206275742074686579206e6576657220736179206e657665722c206e65766572210d
RANDOM_RESULT	rumors.false	235	15328	10	26159	40880	5468657920736179207468617420616e79207175616e74756d206d656368616e6963206b6e6f77732074686174207370656564206b696c6c732e5f0d
RANDOM_RESULT	rumors.false	236	15394	1	26159	40950	54686579207361792074686174206170706c79696e67206120756e69636f726e20686f726e206d65616e7320796f75277665206d69737365642074686520706f696e742e0d
RANDOM_RESULT	rumors.false	237	15455	10	26159	41011	5468657920736179207468617420626c75652073746f6e65732061726520726164696f6163746976652c206265776172652e5f5f5f5f5f5f5f5f5f0d
RANDOM_RESULT	rumors.false	238	15525	1	26159	41072	54686579207361792074686174206275696c64696e6720612064756e67656f6e2069732061207465616d206566666f72742e5f5f5f5f5f5f5f5f5f0d
RANDOM_RESULT	rumors.false	239	15586	1	26159	41138	54686579207361792074686174206368616f7469632063686172616374657273206e65766572206765742061206b69636b206f7574206f6620616c746172732e0d
RANDOM_RESULT	rumors.false	240	15647	10	26159	41199	5468657920736179207468617420636f6c6c617073696e6720612064756e67656f6e206f6674656e206372656174657320612070616e69632e5f5f0d
RANDOM_RESULT	rumors.false	241	15713	1	26159	41272	5468657920736179207468617420636f756e74696e6720796f75722065676773206265666f726520746865792068617463682073686f7773207468617420796f7520636172652e0d
RANDOM_RESULT	rumors.false	242	15774	10	26159	41350	546865792073617920746861742064697070696e67206120626167206f6620747269636b7320696e206120666f756e7461696e20776f6e2774206d616b6520697420616e20696365626f782e0d
RANDOM_RESULT	rumors.false	243	15847	10	26159	41429	546865792073617920746861742064697070696e6720616e2065656c20616e642062726f776e206d6f6c6420696e20686f74207761746572206d616b657320626f75696c6c616261697373652e0d
RANDOM_RESULT	rumors.false	244	15925	10	26159	41492	5468657920736179207468617420646f6e6174696e67206120646f75626c6f6f6e2069732065787472656d656c792070696f757320636861726974792e0d
RANDOM_RESULT	rumors.false	245	16004	10	26159	41553	546865792073617920746861742064756e67656f6e6565727320707265666572206461726b2063686f636f6c6174652e5f5f5f5f5f5f5f5f5f5f5f0d
RANDOM_RESULT	rumors.false	246	16067	1	26159	41614	5468657920736179207468617420656174696e6720726f79616c206a656c6c79206174747261637473206772697a7a6c79206f776c62656172732e0d
RANDOM_RESULT	rumors.false	247	16128	1	26159	41684	5468657920736179207468617420656767732c2070616e63616b657320616e64206a7569636520617265206a7573742061206d756e64616e6520627265616b666173742e0d
RANDOM_RESULT	rumors.false	248	16189	10	26159	41751	546865792073617920746861742065766572796f6e65206b6e6f777320776879204d6564757361207374616e647320616c6f6e6520696e20746865206461726b2e0d
RANDOM_RESULT	rumors.false	249	16259	10	26159	41823	546865792073617920746861742065766572796f6e652077616e746564207265632e67616d65732e6861636b20746f20756e646572676f2061206e616d65206368616e67652e0d
RANDOM_RESULT	rumors.false	250	16326	10	26159	41900	546865792073617920746861742066696e64696e6720612077696e6e696e6720737472617465677920697320612064656c69626572617465206d6f7665206f6e20796f757220706172742e0d
RANDOM_RESULT	rumors.false	251	16398	10	26159	41961	546865792073617920746861742066696e64696e6720776f7274686c65737320676c61737320697320776f72746820736f6d657468696e672e5f5f0d
RANDOM_RESULT	rumors.false	252	16475	1	26159	42023	5b636f6f6b69655d205468657920736179207468617420666f7274756e6520636f6f6b6965732061726520666f6f6420666f722074686f756768742e0d
RANDOM_RESULT	rumors.false	253	16536	10	26159	42084	5468657920736179207468617420676f6c64206973206f6e6c7920776173746564206f6e20612070657420647261676f6e2e5f5f5f5f5f5f5f5f5f0d
RANDOM_RESULT	rumors.false	254	16598	1	26159	42145	5468657920736179207468617420676f6f64207468696e677320636f6d6520746f2074686f7365207468617420776169742e5f5f5f5f5f5f5f5f5f0d
RANDOM_RESULT	rumors.false	255	16659	1	26159	42210	546865792073617920746861742067726561736564206f626a656374732077696c6c20736c6970206f7574206f66206d6f6e7374657273272068616e64732e0d
RANDOM_RESULT	rumors.false	256	16720	10	26159	42282	5468657920736179207468617420696620796f752063616e2774207370656c6c207468656e20796f75276c6c207769736820796f75206861642061207370656c6c626f6f6b2e0d
RANDOM_RESULT	rumors.false	257	16785	10	26159	42348	5468657920736179207468617420696620796f75206c697665206279207468652073776f72642c20796f75276c6c20646965206279207468652073776f72642e0d
RANDOM_RESULT	rumors.false	258	16857	10	26159	42417	5468657920736179207468617420696620796f7520706c6179206c696b652061206d6f6e7374657220796f75276c6c20686176652061206265747465722067616d652e0d
RANDOM_RESULT	rumors.false	259	16923	10	26159	42491	5468657920736179207468617420696620796f7520736c656570207769746820612064656d6f6e20796f75206d69676874206177616b65207769746820612068656164616368652e0d
RANDOM_RESULT	rumors.false	260	16992	10	26159	42565	5468657920736179207468617420696620796f752073746570206f6e206120637261636b20796f7520636f756c6420627265616b20796f7572206d6f746865722773206261636b2e0d
RANDOM_RESULT	rumors.false	261	17066	10	26159	42626	5468657920736179207468617420696620796f7527726520696e76697369626c6520796f752063616e207374696c6c206265206865617264215f5f0d
RANDOM_RESULT	rumors.false	262	17140	1	26159	42693	5468657920736179207468617420696620796f75277265206c75636b7920796f752063616e206665656c207468652072756e6573206f6e2061207363726f6c6c2e0d
RANDOM_RESULT	rumors.false	263	17201	10	26159	42754	5468657920736179207468617420696e2074686520626967207069637475726520676f6c64206973206f6e6c7920736d616c6c206368616e67652e0d
RANDOM_RESULT	rumors.false	264	17268	1	26159	42828	5468657920736179207468617420696e207468652064756e67656f6e2069742773206e6f74207768617420796f75206b6e6f772074686174207265616c6c79206d6174746572732e0d
RANDOM_RESULT	rumors.false	265	17329	10	26159	42900	5468657920736179207468617420696e207468652064756e67656f6e206d6f6f6e20726f636b7320617265207265616c6c792064696c69746869756d206372797374616c732e0d
RANDOM_RESULT	rumors.false	266	17403	10	26159	42967	5468657920736179207468617420696e207468652064756e67656f6e2074686520626f6f7269736820637573746f6d6572206973206e657665722072696768742e0d
RANDOM_RESULT	rumors.false	267	17475	10	26159	43034	5468657920736179207468617420696e207468652064756e67656f6e20796f7520646f6e2774206e656564206120776174636820746f2074656c6c2074696d652e0d
RANDOM_RESULT	rumors.false	268	17542	10	26159	43112	5468657920736179207468617420696e207468652064756e67656f6e20796f75206e65656420736f6d657468696e67206f6c642c206e65772c20627572726f77656420616e6420626c75652e0d
RANDOM_RESULT	rumors.false	269	17609	10	26159	43182	5468657920736179207468617420696e207468652064756e67656f6e20796f752073686f756c6420616c7761797320636f756e7420796f757220626c657373696e67732e0d
RANDOM_RESULT	rumors.false	270	17687	10	26159	43244	546865792073617920746861742069726f6e20676f6c656d20706c617465206d61696c2069736e277420776f7274682077697368696e6720666f722e0d
RANDOM_RESULT	rumors.false	271	17757	10	26159	43306	546865792073617920746861742069742074616b657320666f7572207175617274657273746166667320746f206d616b65206f6e652073746166662e0d
RANDOM_RESULT	rumors.false	272	17819	10	26159	43367	546865792073617920746861742069742773206e6f74206f7665722074696c6c2074686520666174206c61646965732073696e672e5f5f5f5f5f5f0d
RANDOM_RESULT	rumors.false	273	17881	1	26159	43442	546865792073617920746861742069742773206e6f74206f7665722074696c6c2074686520666174206c6164792073686f75747320604f66662077697468206974732068656164272e0d
RANDOM_RESULT	rumors.false	274	17942	10	26159	43503	54686579207361792074686174206b69636b696e67206120686561767920737461747565206973207265616c6c7920612064756d62206d6f76652e0d
RANDOM_RESULT	rumors.false	275	18017	1	26159	43569	54686579207361792074686174206b69636b696e6720612076616c7561626c652067656d20646f65736e2774207365656d20746f206d616b652073656e73652e0d
RANDOM_RESULT	rumors.false	276	18078	10	26159	43630	54686579207361792074686174206c65707265636861756e73206b6e6f77204c6174696e20616e6420796f752073686f756c6420746f6f2e5f5f5f0d
RANDOM_RESULT	rumors.false	277	18144	1	26159	43691	54686579207361792074686174206d696e6f746175727320676574206c6f7374206f757473696465206f6620746865206d617a65732e5f5f5f5f5f0d
RANDOM_RESULT	rumors.false	278	18205	1	26159	43752	54686579207361792074686174206d6f73742074726f6c6c732061726520626f726e20616761696e2e5f5f5f5f5f5f5f5f5f5f5f5f5f5f5f5f5f5f0d
RANDOM_RESULT	rumors.false	279	18266	1	26159	43823	54686579207361792074686174206e616d696e6720796f757220636174204761726669656c642077696c6c206d616b6520796f75206d6f726520617474726163746976652e0d
RANDOM_RESULT	rumors.false	280	18327	10	26159	43895	54686579207361792074686174206e6f206f6e65206b6e6f77732065766572797468696e672061626f75742065766572797468696e6720696e207468652064756e67656f6e2e0d
RANDOM_RESULT	rumors.false	281	18398	10	26159	43956	54686579207361792074686174206e6f206f6e6520706c617973204e65744861636b206a75737420666f72207468652066756e206f662069742e5f0d
RANDOM_RESULT	rumors.false	282	18470	1	26159	44028	54686579207361792074686174206e6f206f6e65207265616c6c79207375627363726962657320746f207265632e67616d65732e726f6775656c696b652e6e65746861636b2e0d
RANDOM_RESULT	rumors.false	283	18531	10	26159	44089	54686579207361792074686174206e6f206f6e652077696c6c2061646d697420746f207374617274696e6720612072756d6f722e5f5f5f5f5f5f5f0d
RANDOM_RESULT	rumors.false	284	18603	1	26159	44156	54686579207361792074686174206e757273657320736f6d6574696d6573206361727279207363616c70656c7320616e64206e6576657220757365207468656d2e0d
RANDOM_RESULT	rumors.false	285	18664	10	26159	44219	54686579207361792074686174206f6e636520796f75277665206d6574206f6e652077697a61726420796f75277665206d6574207468656d20616c6c2e0d
RANDOM_RESULT	rumors.false	286	18731	10	26159	44280	54686579207361792074686174206f6e652074726f6c6c20697320776f7274682031302c303030206e657774732e5f5f5f5f5f5f5f5f5f5f5f5f5f0d
RANDOM_RESULT	rumors.false	287	18794	1	26159	44341	54686579207361792074686174206f6e6c792044617669642063616e2066696e6420746865207a6f6f215f5f5f5f5f5f5f5f5f5f5f5f5f5f5f5f5f0d
RANDOM_RESULT	rumors.false	288	18855	1	26159	44402	54686579207361792074686174206f6e6c7920616e67656c7320706c617920746865697220686172707320666f7220746865697220706574732e5f0d
RANDOM_RESULT	rumors.false	289	18916	1	26159	44463	54686579207361792074686174206f6e6c7920626967207370656e6465727320636172727920676f6c642e5f5f5f5f5f5f5f5f5f5f5f5f5f5f5f5f0d
RANDOM_RESULT	rumors.false	290	18977	1	26159	44524	54686579207361792074686174206f7263207368616d616e7320617265206865616c7468792c207765616c74687920616e6420776973652e5f5f5f0d
RANDOM_RESULT	rumors.false	291	19038	1	26159	44590	5468657920736179207468617420706c6179696e67204e65744861636b206973206c696b652077616c6b696e6720696e746f206120646561746820747261702e0d
RANDOM_RESULT	rumors.false	292	19099	10	26159	44657	546865792073617920746861742070726f626c656d20627265617468696e672069732062657374207472656174656420627920612070726f70657220646965742e0d
RANDOM_RESULT	rumors.false	293	19165	10	26159	44733	54686579207361792074686174207175616666696e67206d616e7920706f74696f6e73206f66206c657669746174696f6e2063616e206769766520796f7520612068656164616368652e0d
RANDOM_RESULT	rumors.false	294	19232	10	26159	44795	5468657920736179207468617420717565656e20626565732067657420746861742077617920627920656174696e6720726f79616c206a656c6c792e0d
RANDOM_RESULT	rumors.false	295	19308	10	26159	44873	546865792073617920746861742072656164696e672061207363617265206d6f6e73746572207363726f6c6c206973207468652073616d6520617320736179696e6720456c6265726574682e0d
RANDOM_RESULT	rumors.false	296	19370	10	26159	44934	54686579207361792074686174207265616c206861636b65727320616c776179732061726520636f6e74726f6c6c65642e5f5f5f5f5f5f5f5f5f5f0d
RANDOM_RESULT	rumors.false	297	19448	1	26159	44995	54686579207361792074686174207265616c206861636b657273206e6576657220736c6565702e5f5f5f5f5f5f5f5f5f5f5f5f5f5f5f5f5f5f5f5f0d
RANDOM_RESULT	rumors.false	298	19509	1	26159	45056	546865792073617920746861742073686f706b6565706572732061726520696e73757265642062792043726f657375732068696d73656c66215f5f0d
RANDOM_RESULT	rumors.false	299	19570	1	26159	45131	546865792073617920746861742073686f706b656570657273206e65766572206361727279206d6f7265207468616e20323020676f6c64207069656365732c206174206e696768742e0d
RANDOM_RESULT	rumors.false	300	19631	10	26159	45202	546865792073617920746861742073686f706b656570657273206e657665722073656c6c20626c657373656420706f74696f6e73206f6620696e7669736962696c6974792e0d
RANDOM_RESULT	rumors.false	301	19706	10	26159	45263	5468657920736179207468617420736f6c64696572732077656172206b696420676c6f76657320616e642073696c6c792068656c6d6574732e5f5f0d
RANDOM_RESULT	rumors.false	302	19777	1	26159	45324	5468657920736179207468617420736f6d65204b6f707320617265206f6e207468652074616b652e5f5f5f5f5f5f5f5f5f5f5f5f5f5f5f5f5f5f5f0d
RANDOM_RESULT	rumors.false	303	19838	1	26159	45385	5468657920736179207468617420736f6d6520677561726473272070616c6d732063616e20626520677265617365642e5f5f5f5f5f5f5f5f5f5f5f0d
RANDOM_RESULT	rumors.false	304	19899	1	26159	45461	5468657920736179207468617420736f6d65206d6f6e7374657273206d6179206b69737320796f757220626f6f747320746f2073746f7020796f7572206472756d20706c6179696e672e0d
RANDOM_RESULT	rumors.false	305	19960	10	26159	45539	5468657920736179207468617420736f6d6574696d657320796f752063616e2062652074686520686974206f6620746865207061727479207768656e20706c6179696e67206120686f726e2e0d
RANDOM_RESULT	rumors.false	306	20036	10	26159	45606	5468657920736179207468617420746865204e65744861636b20676f64732067656e6572616c6c792077656c636f6d6520796f757220736163726966696365732e0d
RANDOM_RESULT	rumors.false	307	20114	10	26159	45671	54686579207361792074686174207468652054687265652052696e677320617265206e616d65642056696c79612c204e656e796120616e64204e617279612e0d
RANDOM_RESULT	rumors.false	308	20181	10	26159	45732	54686579207361792074686174207468652057697a617264206f662059656e646f7220686173206120646561746820776973682e5f5f5f5f5f5f5f0d
RANDOM_RESULT	rumors.false	309	20246	1	26159	45803	5468657920736179207468617420746865206068616972206f662074686520646f672720697320736f6d6574696d657320616e206566666563746976652072656d6564792e0d
RANDOM_RESULT	rumors.false	310	20307	10	26159	45879	546865792073617920746861742074686520626573742074696d6520746f207361766520796f75722067616d65206973206e6f77206265666f7265206974277320746f6f206c6174652e0d
RANDOM_RESULT	rumors.false	311	20378	10	26159	45940	54686579207361792074686174207468652062696767657374206f62737461636c6520696e204e65744861636b20697320796f7572206d696e642e0d
RANDOM_RESULT	rumors.false	312	20454	1	26159	46006	546865792073617920746861742074686520676f64732061726520616e677279207768656e20746865792068697420796f752077697468206f626a656374732e0d
RANDOM_RESULT	rumors.false	313	20515	10	26159	46071	546865792073617920746861742074686520707269657374686f6f6420617265207370656369616c6c79206661766f7265642062792074686520676f64732e0d
RANDOM_RESULT	rumors.false	314	20581	10	26159	46147	54686579207361792074686174207468652077617920746f206d616b65206120756e69636f726e20686170707920697320746f206769766520697420776861742069742077616e74732e0d
RANDOM_RESULT	rumors.false	315	20646	10	26159	46209	5468657920736179207468617420746865726520617265206e6f20626c61636b206f722077686974652073746f6e65732c206f6e6c7920677261792e0d
RANDOM_RESULT	rumors.false	316	20722	10	26159	46281	5468657920736179207468617420746865726520617265206e6f20736b656c65746f6e732068656e636520746865726520617265206e6f20736b656c65746f6e206b6579732e0d
RANDOM_RESULT	rumors.false	317	20784	10	26159	46358	54686579207361792074686174207468657265206973206120636c6576657220726f67756520696e206576657279206861636b6572206a757374206479696e6720746f206573636170652e0d
RANDOM_RESULT	rumors.false	318	20856	10	26159	46419	54686579207361792074686174207468657265206973206e6f2073756368207468696e672061732066726565206164766963652e5f5f5f5f5f5f5f0d
RANDOM_RESULT	rumors.false	319	20933	1	26159	46480	54686579207361792074686174207468657265206973206f6e6c79206f6e652077617920746f2077696e206174204e65744861636b2e5f5f5f5f5f0d
RANDOM_RESULT	rumors.false	320	20994	1	26159	46551	54686579207361792074686174207468657265206f6e63652077617320612066656172736f6d65206368616f7469632073616d75726169206e616d6564204c756b204e6f2e0d
RANDOM_RESULT	rumors.false	321	21055	10	26159	46620	546865792073617920746861742074686572652077617320612074696d65207768656e2063757273656420686f6c79207761746572207761736e27742077617465722e0d
RANDOM_RESULT	rumors.false	322	21126	10	26159	46681	546865792073617920746861742074686572652773206e6f20706f696e7420696e20637279696e67206f76657220612067726179206f6f7a652e5f0d
RANDOM_RESULT	rumors.false	323	21195	1	26159	46754	546865792073617920746861742074686572652773206f6e6c7920686f7065206c65667420616674657220796f75277665206f70656e65642050616e646f7261277320626f782e0d
RANDOM_RESULT	rumors.false	324	21256	10	26159	46827	54686579207361792074686174207472617020646f6f72732073686f756c6420616c77617973206265206d61726b6564206043617574696f6e3a20205472617020446f6f72272e0d
RANDOM_RESULT	rumors.false	325	21329	10	26159	46897	54686579207361792074686174207573696e6720616e20616d756c6574206f66206368616e67652069736e2774206120646966666963756c74206f7065726174696f6e2e0d
RANDOM_RESULT	rumors.false	326	21402	10	26159	46972	546865792073617920746861742077617465722077616c6b696e6720626f6f7473206172652062657474657220696620796f75206172652066617374206c696b65204865726d65732e0d
RANDOM_RESULT	rumors.false	327	21472	10	26159	47047	54686579207361792074686174207768656e20796f75207765617220612063697263756c617220616d756c657420796f75206d6967687420726573656d626c6520612074726f6c6c2e0d
RANDOM_RESULT	rumors.false	328	21547	10	26159	47127	54686579207361792074686174207768656e20796f752772652068756e67727920796f752063616e2067657420612070697a7a6120696e203330206d6f766573206f72206974277320667265652e0d
RANDOM_RESULT	rumors.false	329	21622	10	26159	47193	54686579207361792074686174207768656e20796f757220676f6420697320616e67727920796f752073686f756c642074727920616e6f74686572206f6e652e0d
RANDOM_RESULT	rumors.false	330	21702	10	26159	47254	54686579207361792074686174207769656c64696e67206120756e69636f726e20686f726e2074616b657320737472656e6774682e5f5f5f5f5f5f0d
RANDOM_RESULT	rumors.false	331	21768	1	26159	47331	54686579207361792074686174207769746820737065656420626f6f747320796f75206e6576657220776f7272792061626f75742068697420616e642072756e206163636964656e74732e0d
RANDOM_RESULT	rumors.false	332	21829	10	26159	47395	5468657920736179207468617420796f752063616e206465666561742061206b696c6c6572206265652077697468206120756e69636f726e20686f726e2e0d
RANDOM_RESULT	rumors.false	333	21906	10	26159	47462	5468657920736179207468617420796f752063616e206f6e6c792063726f737320746865205269766572205374797820696e20436861726f6e277320626f61742e0d
RANDOM_RESULT	rumors.false	334	21970	10	26159	47541	5468657920736179207468617420796f752063616e206f6e6c79206b696c6c2061206c696368206f6e636520616e64207468656e20796f75276420626574746572206265206361726566756c2e0d
RANDOM_RESULT	rumors.false	335	22037	10	26159	47605	5468657920736179207468617420796f752063616e206f6e6c79207769736820666f72207468696e677320796f7527766520616c7265616479206861642e0d
RANDOM_RESULT	rumors.false	336	22116	10	26159	47666	5468657920736179207468617420796f752063616e20747261696e2061206361742062792074616c6b696e672067656e746c7920746f2069742e5f0d
RANDOM_RESULT	rumors.false	337	22180	1	26159	47727	5468657920736179207468617420796f752063616e20747261696e206120646f672062792074616c6b696e67206669726d6c7920746f2069742e5f0d
RANDOM_RESULT	rumors.false	338	22241	1	26159	47788	5468657920736179207468617420796f752063616e20747275737420796f757220676f6c64207769746820746865206b696e672e5f5f5f5f5f5f5f0d
RANDOM_RESULT	rumors.false	339	22302	1	26159	47860	5468657920736179207468617420796f752063616e2774207769706520796f75722067726561737920626172652068616e6473206f6e206120626c616e6b207363726f6c6c2e0d
RANDOM_RESULT	rumors.false	340	22363	10	26159	47921	5468657920736179207468617420796f752063616e6e6f74207472757374207363726f6c6c73206f662072756d6f722e5f5f5f5f5f5f5f5f5f5f5f0d
RANDOM_RESULT	rumors.false	341	22435	1	26159	47989	5468657920736179207468617420796f7520636f756c642066616c6c2068656164206f766572206865656c7320666f7220616e20656e6572677920766f727465782e0d
RANDOM_RESULT	rumors.false	342	22496	10	26159	48050	5468657920736179207468617420796f75206e6565642061206b657920696e206f7264657220746f206f70656e206c6f636b656420646f6f72732e0d
RANDOM_RESULT	rumors.false	343	22564	1	26159	48121	5468657920736179207468617420796f75206e6565642061206d6972726f7220746f206e6f746963652061206d696d696320696e20616e20616e74697175652073686f702e0d
RANDOM_RESULT	rumors.false	344	22625	10	26159	48191	5468657920736179207468617420796f75207265616c6c792063616e207573652061207069636b2d61786520756e6c65737320796f75207265616c6c792063616e27742e0d
RANDOM_RESULT	rumors.false	345	22696	10	26159	48256	5468657920736179207468617420796f752073686f756c6420616c776179732073746f726520796f757220746f6f6c7320696e207468652063656c6c61722e0d
RANDOM_RESULT	rumors.false	346	22766	10	26159	48331	5468657920736179207468617420796f752073686f756c64206265206361726566756c207768696c6520636c696d62696e6720746865206c616464657220746f20737563636573732e0d
RANDOM_RESULT	rumors.false	347	22831	10	26159	48392	5468657920736179207468617420796f752073686f756c642063616c6c20796f75722061726d6f7220607275737470726f6f66272e5f5f5f5f5f5f0d
RANDOM_RESULT	rumors.false	348	22906	1	26159	48458	5468657920736179207468617420796f752073686f756c64206e616d6520796f757220646f6720537075647320746f2068617665206120636f6f6c207065742e0d
RANDOM_RESULT	rumors.false	349	22967	10	26159	48532	5468657920736179207468617420796f752073686f756c64206e616d6520796f757220776561706f6e20616674657220796f7572206669727374206d6f6e73746572206b696c6c2e0d
RANDOM_RESULT	rumors.false	350	23033	10	26159	48602	5468657920736179207468617420796f752073686f756c64206e6576657220696e74726f64756365206120726f706520676f6c656d20746f20612073756363756275732e0d
RANDOM_RESULT	rumors.false	351	23107	10	26159	48669	5468657920736179207468617420796f752073686f756c64206e6576657220736c656570206e65617220696e76697369626c652072696e6720777261697468732e0d
RANDOM_RESULT	rumors.false	352	23177	10	26159	48746	5468657920736179207468617420796f752073686f756c64206e657665722074727920746f206c65617665207468652064756e67656f6e2077697468206120626167206f662067656d732e0d
RANDOM_RESULT	rumors.false	353	23244	10	26159	48818	5468657920736179207468617420796f752073686f756c642072656d6f766520796f75722061726d6f72206265666f72652073697474696e67206f6e2061207468726f6e652e0d
RANDOM_RESULT	rumors.false	354	23321	10	26159	48879	5b636f6f6b69655d205468697320666f7274756e6520636f6f6b696520697320636f70792070726f7465637465642e5f5f5f5f5f5f5f5f5f5f5f5f0d
RANDOM_RESULT	rumors.false	355	23393	1	26159	48950	5b636f6f6b69655d205468697320666f7274756e6520636f6f6b6965206973207468652070726f7065727479206f6620466f7274756e6520436f6f6b6965732c20496e632e0d
RANDOM_RESULT	rumors.false	356	23454	10	26159	49011	546869732072656c6561736520636f6e7461696e73203130252072656379636c6564206d6174657269616c2e5f5f5f5f5f5f5f5f5f5f5f5f5f5f5f0d
RANDOM_RESULT	rumors.false	357	23525	1	26159	49087	54696d65207374616e6473207374696c6c20617320746865207375636375627573206368616e676573206865722063616c656e64617220746f204a616e7561727920312c20323030302e0d
RANDOM_RESULT	rumors.false	358	23586	10	26159	49148	54697265643f20205472792061207363726f6c6c206f66206368617267696e67206f6e20796f757273656c662e5f5f5f5f5f5f5f5f5f5f5f5f5f5f0d
RANDOM_RESULT	rumors.false	359	23662	1	26159	49209	546f206163686965766520746865206e6578742068696768657220726174696e672c20796f75206e6565642033206d6f726520706f696e74732e5f0d
RANDOM_RESULT	rumors.false	360	23723	1	26159	49282	546f2072656163682068656176656e2c20657363617065207468652064756e67656f6e207768696c652077656172696e6720612072696e67206f66206c657669746174696f6e2e0d
RANDOM_RESULT	rumors.false	361	23784	10	26159	49343	546f757269737473207765617220736869727473206c6f756420656e6f75676820746f2077616b652074686520646561642e5f5f5f5f5f5f5f5f5f0d
RANDOM_RESULT	rumors.false	362	23857	1	26159	49404	5472792063616c6c696e6720796f7572206b6174616e61204d6f756c696e657474652e5f5f5f5f5f5f5f5f5f5f5f5f5f5f5f5f5f5f5f5f5f5f5f5f0d
RANDOM_RESULT	rumors.false	363	23918	1	26159	49465	556c636821202054686174206d65617420776173207061696e746564215f5f5f5f5f5f5f5f5f5f5f5f5f5f5f5f5f5f5f5f5f5f5f5f5f5f5f5f5f5f0d
RANDOM_RESULT	rumors.false	364	23979	1	26159	49526	556e666f7274756e6174656c792c2074686973206d65737361676520776173206c65667420696e74656e74696f6e616c6c7920626c616e6b2e5f5f0d
RANDOM_RESULT	rumors.false	365	24040	1	26159	49587	5573696e672061206d6f726e696e67207374617220696e20746865206576656e696e6720686173206e6f206566666563742e5f5f5f5f5f5f5f5f5f0d
RANDOM_RESULT	rumors.false	366	24101	1	26159	49648	57616c747a2c2064756d62206e796d70682c20666f7220717569636b206a696773207665782e5f5f5f5f5f5f5f5f5f5f5f5f5f5f5f5f5f5f5f5f5f0d
RANDOM_RESULT	rumors.false	367	24162	1	26159	49709	57616e7420612068696e743f20205a617020612077616e64206f66206d616b6520696e76697369626c65206f6e20796f757220776561706f6e215f0d
RANDOM_RESULT	rumors.false	368	24223	1	26159	49770	57616e7420746f20617363656e6420696e20612068757272793f20204170706c792061742047697a6d6f6e696320496e737469747574652e5f5f5f0d
RANDOM_RESULT	rumors.false	369	24284	1	26159	49851	57616e7465643a2073686f706b6565706572732e202053656e642061207363726f6c6c206f66206d61696c20746f204d616765206f662059656e646f722f4c6576656c2033352f44756e67656f6e2e0d
RANDOM_RESULT	rumors.false	370	24345	10	26159	49920	5b636f6f6b69655d205761726e696e673a2020666f7274756e652072656164696e672063616e2062652068617a6172646f757320746f20796f7572206865616c74682e0d
RANDOM_RESULT	rumors.false	371	24426	10	26159	49981	57652068617665206e65772077617973206f6620646574656374696e67207472656163686572792e2e2e5f5f5f5f5f5f5f5f5f5f5f5f5f5f5f5f5f0d
RANDOM_RESULT	rumors.false	372	24495	1	26159	50042	57657420746f77656c73206d616b6520677265617420776561706f6e73215f5f5f5f5f5f5f5f5f5f5f5f5f5f5f5f5f5f5f5f5f5f5f5f5f5f5f5f5f0d
RANDOM_RESULT	rumors.false	373	24556	1	26159	50103	5b636f6f6b69655d2057686174206120706974792c20796f752063616e6e6f742072656164206974215f5f5f5f5f5f5f5f5f5f5f5f5f5f5f5f5f5f0d
RANDOM_RESULT	rumors.false	374	24617	1	26159	50164	57686174657665722063616e20676f2077726f6e672c2077696c6c20676f2077726f6e672e5f5f5f5f5f5f5f5f5f5f5f5f5f5f5f5f5f5f5f5f5f5f0d
RANDOM_RESULT	rumors.false	375	24678	1	26159	50237	5768656e206120706965726365722064726f707320696e206f6e20796f752c20796f752077696c6c2062652074656d7074656420746f2068697420746865206365696c696e67210d
RANDOM_RESULT	rumors.false	376	24739	10	26159	50304	5768656e20696e2061206d617a6520666f6c6c6f77207468652072696768742077616c6c20616e6420796f752077696c6c206e6576657220676574206c6f73742e0d
RANDOM_RESULT	rumors.false	377	24812	10	26159	50365	5768656e20796f7520686176652061206b65792c20796f7520646f6e2774206861766520746f207761697420666f72207468652067756172642e5f0d
RANDOM_RESULT	rumors.false	378	24879	1	26159	50426	5b636f6f6b69655d205768792061726520796f752077617374696e672074696d652072656164696e6720666f7274756e65733f5f5f5f5f5f5f5f5f0d
RANDOM_RESULT	rumors.false	379	24940	1	26159	50487	5769736820666f722061206d6173746572206b657920616e64206f70656e20746865204d61676963204d656d6f7279205661756c74215f5f5f5f5f0d
RANDOM_RESULT	rumors.false	380	25001	1	26159	50548	57697a6172642065787065637473206576657279206d6f6e7374657220746f20646f2069747320647574792e5f5f5f5f5f5f5f5f5f5f5f5f5f5f5f0d
RANDOM_RESULT	rumors.false	381	25062	1	26159	50609	576f77212020596f7520636f756c6427766520686164206120706f74696f6e206f66206672756974206a75696365215f5f5f5f5f5f5f5f5f5f5f5f0d
RANDOM_RESULT	rumors.false	382	25123	1	26159	50670	59657420416e6f746865722053696c6c79204d65737361676520285941534d292e5f5f5f5f5f5f5f5f5f5f5f5f5f5f5f5f5f5f5f5f5f5f5f5f5f5f0d
RANDOM_RESULT	rumors.false	383	25184	1	26159	50731	5b636f6f6b69655d20596f75206172652064657374696e656420746f206265206d69736c6564206279206120666f7274756e652e5f5f5f5f5f5f5f0d
RANDOM_RESULT	rumors.false	384	25245	1	26159	50805	596f752063616e2067657420612067656e75696e6520416d756c6574206f662059656e646f7220627920646f696e672074686520666f6c6c6f77696e673a20202d2d4d6f72652d2d0d
RANDOM_RESULT	rumors.false	385	25306	10	26159	50866	596f752063616e206d616b6520686f6c7920776174657220627920626f696c696e67207468652068656c6c206f7574206f662069742e5f5f5f5f5f0d
RANDOM_RESULT	rumors.false	386	25380	1	26159	50945	596f752063616e2070726f7465637420796f757273656c662066726f6d20626c61636b20647261676f6e7320627920646f696e672074686520666f6c6c6f77696e673a20202d2d4d6f72652d2d0d
RANDOM_RESULT	rumors.false	387	25441	10	26159	51006	596f752063616e2774206765742062792074686520736e616b652e5f5f5f5f5f5f5f5f5f5f5f5f5f5f5f5f5f5f5f5f5f5f5f5f5f5f5f5f5f5f5f5f0d
RANDOM_RESULT	rumors.false	388	25520	1	26159	51067	5b636f6f6b69655d20596f752063686f6b65206f6e2074686520666f7274756e6520636f6f6b69652e20202d2d4d6f72652d2d5f5f5f5f5f5f5f5f0d
RANDOM_RESULT	rumors.false	389	25581	1	26159	51128	596f75206665656c206c696b6520736f6d656f6e652069732070756c6c696e6720796f7572206c65672e5f5f5f5f5f5f5f5f5f5f5f5f5f5f5f5f5f0d
RANDOM_RESULT	rumors.false	390	25642	1	26159	51189	596f75206861766520746f206f75747769742074686520537068796e78206f7220706179206865722e5f5f5f5f5f5f5f5f5f5f5f5f5f5f5f5f5f5f0d
RANDOM_RESULT	rumors.false	391	25703	1	26159	51250	5b636f6f6b69655d20596f7520686561722074686520666f7274756e6520636f6f6b696527732068697373696e67215f5f5f5f5f5f5f5f5f5f5f5f0d
RANDOM_RESULT	rumors.false	392	25764	1	26159	51318	596f75206d61792067657420726963682073656c6c696e67206c6574746572732c2062757420626577617265206f66206265696e6720626c61636b6d61696c6564210d
RANDOM_RESULT	rumors.false	393	25825	10	26159	51397	596f75206f6666656e6420536861692d48756c756420627920736865617468696e6720796f757220637279736b6e69666520776974686f757420686176696e6720647261776e20626c6f6f642e0d
RANDOM_RESULT	rumors.false	394	25893	10	26159	51458	5b636f6f6b69655d20596f75207377616c6c6f7765642074686520666f7274756e65215f5f5f5f5f5f5f5f5f5f5f5f5f5f5f5f5f5f5f5f5f5f5f5f0d
RANDOM_RESULT	rumors.false	395	25972	1	26159	51523	596f752077616e7420746f2072656761696e20737472656e6774683f202054776f206c6576656c732061686561642069732061206775657374686f757365210d
RANDOM_RESULT	rumors.false	396	26033	10	26159	51584	596f752077696c6c20656e636f756e74657220612074616c6c2c206461726b2c20616e642067727565736f6d652063726561747572652e2e2e5f5f0d
RANDOM_HEADER	bogusmon	374	61	8075	20
RANDOM_RESULT	bogusmon	0	7993	1	8014	82	677275655f5f5f5f5f5f5f5f5f5f5f5f5f5f5f0d
RANDOM_RESULT	bogusmon	1	0	1	8014	103	6a756d626f20736872696d705f5f5f5f5f5f5f0d
RANDOM_RESULT	bogusmon	2	21	1	8014	124	6769616e74207069676d795f5f5f5f5f5f5f5f0d
RANDOM_RESULT	bogusmon	3	42	1	8014	145	676e755f5f5f5f5f5f5f5f5f5f5f5f5f5f5f5f0d
RANDOM_RESULT	bogusmon	4	63	1	8014	166	6b696c6c65722070656e6775696e5f5f5f5f5f0d
RANDOM_RESULT	bogusmon	5	84	1	8014	187	6769616e7420636f636b726f6163685f5f5f5f0d
RANDOM_RESULT	bogusmon	6	105	1	8014	208	6769616e7420736c75675f5f5f5f5f5f5f5f5f0d
RANDOM_RESULT	bogusmon	7	126	1	8014	229	6d6167676f745f5f5f5f5f5f5f5f5f5f5f5f5f0d
RANDOM_RESULT	bogusmon	8	147	1	8014	250	707465726f64616374796c5f5f5f5f5f5f5f5f0d
RANDOM_RESULT	bogusmon	9	168	1	8014	271	747972616e6e6f736175727573207265785f5f0d
RANDOM_RESULT	bogusmon	10	189	1	8014	292	626173696c69736b5f5f5f5f5f5f5f5f5f5f5f0d
RANDOM_RESULT	bogusmon	11	210	1	8014	313	6265686f6c6465725f5f5f5f5f5f5f5f5f5f5f0d
RANDOM_RESULT	bogusmon	12	231	1	8014	334	6e696768746d6172655f5f5f5f5f5f5f5f5f5f0d
RANDOM_RESULT	bogusmon	13	252	1	8014	355	656672656574695f5f5f5f5f5f5f5f5f5f5f5f0d
RANDOM_RESULT	bogusmon	14	273	1	8014	376	6d617269645f5f5f5f5f5f5f5f5f5f5f5f5f5f0d
RANDOM_RESULT	bogusmon	15	294	1	8014	397	726f7420677275625f5f5f5f5f5f5f5f5f5f5f0d
RANDOM_RESULT	bogusmon	16	315	1	8014	418	626f6f6b776f726d5f5f5f5f5f5f5f5f5f5f5f0d
RANDOM_RESULT	bogusmon	17	336	1	8014	439	6d6173746572206c696368656e5f5f5f5f5f5f0d
RANDOM_RESULT	bogusmon	18	357	1	8014	460	736861646f775f5f5f5f5f5f5f5f5f5f5f5f5f0d
RANDOM_RESULT	bogusmon	19	378	1	8014	481	686f6c6f6772616d5f5f5f5f5f5f5f5f5f5f5f0d
RANDOM_RESULT	bogusmon	20	399	1	8014	502	6a65737465725f5f5f5f5f5f5f5f5f5f5f5f5f0d
RANDOM_RESULT	bogusmon	21	420	1	8014	523	6174746f726e65795f5f5f5f5f5f5f5f5f5f5f0d
RANDOM_RESULT	bogusmon	22	441	1	8014	544	736c65617a6f69645f5f5f5f5f5f5f5f5f5f5f0d
RANDOM_RESULT	bogusmon	23	462	1	8014	565	6b696c6c657220746f6d61746f5f5f5f5f5f5f0d
RANDOM_RESULT	bogusmon	24	483	1	8014	586	616d617a6f6e5f5f5f5f5f5f5f5f5f5f5f5f5f0d
RANDOM_RESULT	bogusmon	25	504	1	8014	607	726f626f745f5f5f5f5f5f5f5f5f5f5f5f5f5f0d
RANDOM_RESULT	bogusmon	26	525	1	8014	628	626174746c656d6563685f5f5f5f5f5f5f5f5f0d
RANDOM_RESULT	bogusmon	27	546	1	8014	649	7268696e6f76697275735f5f5f5f5f5f5f5f5f0d
RANDOM_RESULT	bogusmon	28	567	1	8014	670	68617270795f5f5f5f5f5f5f5f5f5f5f5f5f5f0d
RANDOM_RESULT	bogusmon	29	588	1	8014	691	6c696f6e2d646f675f5f5f5f5f5f5f5f5f5f5f0d
RANDOM_RESULT	bogusmon	30	609	1	8014	712	7261742d616e745f5f5f5f5f5f5f5f5f5f5f5f0d
RANDOM_RESULT	bogusmon	31	630	1	8014	733	59324b206275675f5f5f5f5f5f5f5f5f5f5f5f0d
RANDOM_RESULT	bogusmon	32	651	1	8014	754	616e677279206d617269616368695f5f5f5f5f0d
RANDOM_RESULT	bogusmon	33	672	1	8014	775	617263682d706564616e745f5f5f5f5f5f5f5f0d
RANDOM_RESULT	bogusmon	34	693	1	8014	798	626c756562697264206f662068617070696e6573730d
RANDOM_RESULT	bogusmon	35	714	10	8014	819	63617264626f61726420676f6c656d5f5f5f5f0d
RANDOM_RESULT	bogusmon	36	737	1	8014	840	64756374207461706520676f6c656d5f5f5f5f0d
RANDOM_RESULT	bogusmon	37	758	1	8014	868	646961676f6e616c6c79206d6f76696e672067726964206275670d
RANDOM_RESULT	bogusmon	38	779	10	8014	889	6576696c206f7665726c6f72645f5f5f5f5f5f0d
RANDOM_RESULT	bogusmon	39	807	1	8014	910	6e65777367726f75702074726f6c6c5f5f5f5f0d
RANDOM_RESULT	bogusmon	40	828	1	8014	937	6e696e6a6120706972617465207a6f6d62696520726f626f740d
RANDOM_RESULT	bogusmon	41	849	10	8014	958	6f63746172696e6520647261676f6e5f5f5f5f0d
RANDOM_RESULT	bogusmon	42	876	1	8014	979	706c61696420756e69636f726e5f5f5f5f5f5f0d
RANDOM_RESULT	bogusmon	43	897	1	8014	1000	676f6e7a6f206a6f75726e616c6973745f5f5f0d
RANDOM_RESULT	bogusmon	44	918	1	8014	1021	6c6167206d6f6e737465725f5f5f5f5f5f5f5f0d
RANDOM_RESULT	bogusmon	45	939	1	8014	1042	6c6f616e20736861726b5f5f5f5f5f5f5f5f5f0d
RANDOM_RESULT	bogusmon	46	960	1	8014	1065	706f7373657373656420776166666c652069726f6e0d
RANDOM_RESULT	bogusmon	47	981	10	8014	1086	706f756c74727967656973745f5f5f5f5f5f5f0d
RANDOM_RESULT	bogusmon	48	1004	1	8014	1110	7374756666656420726163636f6f6e207075707065740d
RANDOM_RESULT	bogusmon	49	1025	10	8014	1131	76696b696e675f5f5f5f5f5f5f5f5f5f5f5f5f0d
RANDOM_RESULT	bogusmon	50	1049	1	8014	1152	77656520677265656e20626c6f626269655f5f0d
RANDOM_RESULT	bogusmon	51	1070	1	8014	1173	77657265706c6174797075735f5f5f5f5f5f5f0d
RANDOM_RESULT	bogusmon	52	1091	1	8014	1194	686167206f6620626f6c64696e675f5f5f5f5f0d
RANDOM_RESULT	bogusmon	53	1112	1	8014	1215	626c616e636d616e67655f5f5f5f5f5f5f5f5f0d
RANDOM_RESULT	bogusmon	54	1133	1	8014	1236	726167696e67206e6572645f5f5f5f5f5f5f5f0d
RANDOM_RESULT	bogusmon	55	1154	1	8014	1257	7370656c6c696e67206265655f5f5f5f5f5f5f0d
RANDOM_RESULT	bogusmon	56	1175	1	8014	1278	6c616e64206f63746f7075735f5f5f5f5f5f5f0d
RANDOM_RESULT	bogusmon	57	1196	1	8014	1299	66726f67207072696e63655f5f5f5f5f5f5f5f0d
RANDOM_RESULT	bogusmon	58	1217	1	8014	1320	706967617375735f5f5f5f5f5f5f5f5f5f5f5f0d
RANDOM_RESULT	bogusmon	59	1238	1	8014	1341	5f53656d69676f72676f6e5f5f5f5f5f5f5f5f0d
RANDOM_RESULT	bogusmon	60	1259	1	8014	1362	636f6e76656e74696f6e6565725f5f5f5f5f5f0d
RANDOM_RESULT	bogusmon	61	1280	1	8014	1383	6c61726765206d6963726f6261745f5f5f5f5f0d
RANDOM_RESULT	bogusmon	62	1301	1	8014	1404	736d616c6c206d6567616261745f5f5f5f5f5f0d
RANDOM_RESULT	bogusmon	63	1322	1	8014	1425	7562657268756c6b5f5f5f5f5f5f5f5f5f5f5f0d
RANDOM_RESULT	bogusmon	64	1343	1	8014	1446	746f6675726b65795f5f5f5f5f5f5f5f5f5f5f0d
RANDOM_RESULT	bogusmon	65	1364	1	8014	1467	2b4475646c65795f5f5f5f5f5f5f5f5f5f5f5f0d
RANDOM_RESULT	bogusmon	66	1385	1	8014	1488	736872696e6b696e672076696f6c65745f5f5f0d
RANDOM_RESULT	bogusmon	67	1406	1	8014	1509	7368616c6c6f77206f6e655f5f5f5f5f5f5f5f0d
RANDOM_RESULT	bogusmon	68	1427	1	8014	1530	73706865726963616c20636f775f5f5f5f5f5f0d
RANDOM_RESULT	bogusmon	69	1448	1	8014	1551	656c65637472696320676972616666655f5f5f0d
RANDOM_RESULT	bogusmon	70	1469	1	8014	1572	737465616d20647261676f6e5f5f5f5f5f5f5f0d
RANDOM_RESULT	bogusmon	71	1490	1	8014	1593	6f6d6e696275735f5f5f5f5f5f5f5f5f5f5f5f0d
RANDOM_RESULT	bogusmon	72	1511	1	8014	1614	736c696e6b795f5f5f5f5f5f5f5f5f5f5f5f5f0d
RANDOM_RESULT	bogusmon	73	1532	1	8014	1635	6d61786f746175725f5f5f5f5f5f5f5f5f5f5f0d
RANDOM_RESULT	bogusmon	74	1553	1	8014	1656	6d696c6c69746175725f5f5f5f5f5f5f5f5f5f0d
RANDOM_RESULT	bogusmon	75	1574	1	8014	1677	6f637461686564726f6e5f5f5f5f5f5f5f5f5f0d
RANDOM_RESULT	bogusmon	76	1595	1	8014	1698	64756e67656f6e20636f72655f5f5f5f5f5f5f0d
RANDOM_RESULT	bogusmon	77	1616	1	8014	1719	7175616c655f5f5f5f5f5f5f5f5f5f5f5f5f5f0d
RANDOM_RESULT	bogusmon	78	1637	1	8014	1740	686f6c6c6f7761795f5f5f5f5f5f5f5f5f5f5f0d
RANDOM_RESULT	bogusmon	79	1658	1	8014	1761	63686961736d75735f5f5f5f5f5f5f5f5f5f5f0d
RANDOM_RESULT	bogusmon	80	1679	1	8014	1782	6769616e74207465747261706f645f5f5f5f5f0d
RANDOM_RESULT	bogusmon	81	1700	1	8014	1803	766f7573736f69725f5f5f5f5f5f5f5f5f5f5f0d
RANDOM_RESULT	bogusmon	82	1721	1	8014	1824	6261726b696e67207370696465725f5f5f5f5f0d
RANDOM_RESULT	bogusmon	83	1742	1	8014	1845	66726f6720636c6f75645f5f5f5f5f5f5f5f5f0d
RANDOM_RESULT	bogusmon	84	1763	1	8014	1866	746f6f746873617965725f5f5f5f5f5f5f5f5f0d
RANDOM_RESULT	bogusmon	85	1784	1	8014	1887	7468697264206579655f5f5f5f5f5f5f5f5f5f0d
RANDOM_RESULT	bogusmon	86	1805	1	8014	1908	6f776c7075675f5f5f5f5f5f5f5f5f5f5f5f5f0d
RANDOM_RESULT	bogusmon	87	1826	1	8014	1929	707567617375735f5f5f5f5f5f5f5f5f5f5f5f0d
RANDOM_RESULT	bogusmon	88	1847	1	8014	1950	61636f726e5f5f5f5f5f5f5f5f5f5f5f5f5f5f0d
RANDOM_RESULT	bogusmon	89	1868	1	8014	1971	72656420646f745f5f5f5f5f5f5f5f5f5f5f5f0d
RANDOM_RESULT	bogusmon	90	1889	1	8014	1992	726f626f7420636869636b656e5f5f5f5f5f5f0d
RANDOM_RESULT	bogusmon	91	1910	1	8014	2013	646f6f7a65725f5f5f5f5f5f5f5f5f5f5f5f5f0d
RANDOM_RESULT	bogusmon	92	1931	1	8014	2034	706f69736f6e206361636b6c65725f5f5f5f5f0d
RANDOM_RESULT	bogusmon	93	1952	1	8014	2055	6c687572676f79665f5f5f5f5f5f5f5f5f5f5f0d
RANDOM_RESULT	bogusmon	94	1973	1	8014	2076	7068656c646461677269665f5f5f5f5f5f5f5f0d
RANDOM_RESULT	bogusmon	95	1994	1	8014	2097	74696b7461616c696b5f5f5f5f5f5f5f5f5f5f0d
RANDOM_RESULT	bogusmon	96	2015	1	8014	2118	776572656d6f757374616368655f5f5f5f5f5f0d
RANDOM_RESULT	bogusmon	97	2036	1	8014	2139	7261706965722074617069725f5f5f5f5f5f5f0d
RANDOM_RESULT	bogusmon	98	2057	1	8014	2160	63686f706c65745f5f5f5f5f5f5f5f5f5f5f5f0d
RANDOM_RESULT	bogusmon	99	2078	1	8014	2181	706f6d6d656c6275675f5f5f5f5f5f5f5f5f5f0d
RANDOM_RESULT	bogusmon	100	2099	1	8014	2202	7175657374207370726f75745f5f5f5f5f5f5f0d
RANDOM_RESULT	bogusmon	101	2120	1	8014	2223	677275655f5f5f5f5f5f5f5f5f5f5f5f5f5f5f0d
RANDOM_RESULT	bogusmon	102	2141	1	8014	2247	4368726973746d61732d74726565206d6f6e737465720d
RANDOM_RESULT	bogusmon	103	2162	10	8014	2268	6c75636b207375636b65725f5f5f5f5f5f5f5f0d
RANDOM_RESULT	bogusmon	104	2186	1	8014	2289	7061736b616c645f5f5f5f5f5f5f5f5f5f5f5f0d
RANDOM_RESULT	bogusmon	105	2207	1	8014	2310	62726f676d6f69645f5f5f5f5f5f5f5f5f5f5f0d
RANDOM_RESULT	bogusmon	106	2228	1	8014	2331	646f726e62656173745f5f5f5f5f5f5f5f5f5f0d
RANDOM_RESULT	bogusmon	107	2249	1	8014	2358	416e6369656e74204d756c74692d4875656420447261676f6e0d
RANDOM_RESULT	bogusmon	108	2270	10	8014	2379	2b4576696c20496767795f5f5f5f5f5f5f5f5f0d
RANDOM_RESULT	bogusmon	109	2297	1	8014	2400	726174746c65736e616b655f5f5f5f5f5f5f5f0d
RANDOM_RESULT	bogusmon	110	2318	1	8014	2421	696365206d6f6e737465725f5f5f5f5f5f5f5f0d
RANDOM_RESULT	bogusmon	111	2339	1	8014	2442	7068616e746f6d5f5f5f5f5f5f5f5f5f5f5f5f0d
RANDOM_RESULT	bogusmon	112	2360	1	8014	2463	7175616767615f5f5f5f5f5f5f5f5f5f5f5f5f0d
RANDOM_RESULT	bogusmon	113	2381	1	8014	2484	61717561746f725f5f5f5f5f5f5f5f5f5f5f5f0d
RANDOM_RESULT	bogusmon	114	2402	1	8014	2505	6772696666696e5f5f5f5f5f5f5f5f5f5f5f5f0d
RANDOM_RESULT	bogusmon	115	2423	1	8014	2526	656d755f5f5f5f5f5f5f5f5f5f5f5f5f5f5f5f0d
RANDOM_RESULT	bogusmon	116	2444	1	8014	2547	6b65737472656c5f5f5f5f5f5f5f5f5f5f5f5f0d
RANDOM_RESULT	bogusmon	117	2465	1	8014	2568	7865726f635f5f5f5f5f5f5f5f5f5f5f5f5f5f0d
RANDOM_RESULT	bogusmon	118	2486	1	8014	2589	76656e757320666c79747261705f5f5f5f5f5f0d
RANDOM_RESULT	bogusmon	119	2507	1	8014	2610	6372656570696e6720636f696e735f5f5f5f5f0d
RANDOM_RESULT	bogusmon	120	2528	1	8014	2631	68796472615f5f5f5f5f5f5f5f5f5f5f5f5f5f0d
RANDOM_RESULT	bogusmon	121	2549	1	8014	2652	736972656e5f5f5f5f5f5f5f5f5f5f5f5f5f5f0d
RANDOM_RESULT	bogusmon	122	2570	1	8014	2673	6b696c6c65722062756e6e795f5f5f5f5f5f5f0d
RANDOM_RESULT	bogusmon	123	2591	1	8014	2697	726f64656e74206f6620756e757375616c2073697a650d
RANDOM_RESULT	bogusmon	124	2612	10	8014	2718	776572652d7261626269745f5f5f5f5f5f5f5f0d
RANDOM_RESULT	bogusmon	125	2636	1	8014	2739	2b536d6f6b657920426561725f5f5f5f5f5f5f0d
RANDOM_RESULT	bogusmon	126	2657	1	8014	2760	4c7567676167655f5f5f5f5f5f5f5f5f5f5f5f0d
RANDOM_RESULT	bogusmon	127	2678	1	8014	2781	76616d70697269632077617465726d656c6f6e0d
RANDOM_RESULT	bogusmon	128	2699	1	8014	2802	456e745f5f5f5f5f5f5f5f5f5f5f5f5f5f5f5f0d
RANDOM_RESULT	bogusmon	129	2720	1	8014	2823	74616e676c6520747265655f5f5f5f5f5f5f5f0d
RANDOM_RESULT	bogusmon	130	2741	1	8014	2844	6e69636b656c706564655f5f5f5f5f5f5f5f5f0d
RANDOM_RESULT	bogusmon	131	2762	1	8014	2865	776967676c655f5f5f5f5f5f5f5f5f5f5f5f5f0d
RANDOM_RESULT	bogusmon	132	2783	1	8014	2886	7768697465207261626269745f5f5f5f5f5f5f0d
RANDOM_RESULT	bogusmon	133	2804	1	8014	2907	736e61726b5f5f5f5f5f5f5f5f5f5f5f5f5f5f0d
RANDOM_RESULT	bogusmon	134	2825	1	8014	2928	707573686d692d70756c6c79755f5f5f5f5f5f0d
RANDOM_RESULT	bogusmon	135	2846	1	8014	2949	736d7572665f5f5f5f5f5f5f5f5f5f5f5f5f5f0d
RANDOM_RESULT	bogusmon	136	2867	1	8014	2970	74726962626c655f5f5f5f5f5f5f5f5f5f5f5f0d
RANDOM_RESULT	bogusmon	137	2888	1	8014	2991	4b6c696e676f6e5f5f5f5f5f5f5f5f5f5f5f5f0d
RANDOM_RESULT	bogusmon	138	2909	1	8014	3012	426f72675f5f5f5f5f5f5f5f5f5f5f5f5f5f5f0d
RANDOM_RESULT	bogusmon	139	2930	1	8014	3033	45776f6b5f5f5f5f5f5f5f5f5f5f5f5f5f5f5f0d
RANDOM_RESULT	bogusmon	140	2951	1	8014	3054	546f746f726f5f5f5f5f5f5f5f5f5f5f5f5f5f0d
RANDOM_RESULT	bogusmon	141	2972	1	8014	3075	6f686d755f5f5f5f5f5f5f5f5f5f5f5f5f5f5f0d
RANDOM_RESULT	bogusmon	142	2993	1	8014	3096	796f756d615f5f5f5f5f5f5f5f5f5f5f5f5f5f0d
RANDOM_RESULT	bogusmon	143	3014	1	8014	3117	6e79616173755f5f5f5f5f5f5f5f5f5f5f5f5f0d
RANDOM_RESULT	bogusmon	144	3035	1	8014	3138	2d476f647a696c6c615f5f5f5f5f5f5f5f5f5f0d
RANDOM_RESULT	bogusmon	145	3056	1	8014	3159	2b4b696e67204b6f6e675f5f5f5f5f5f5f5f5f0d
RANDOM_RESULT	bogusmon	146	3077	1	8014	3180	65617274687175616b652062656173745f5f5f0d
RANDOM_RESULT	bogusmon	147	3098	1	8014	3201	496e7669645f5f5f5f5f5f5f5f5f5f5f5f5f5f0d
RANDOM_RESULT	bogusmon	148	3119	1	8014	3222	5465726d696e61746f725f5f5f5f5f5f5f5f5f0d
RANDOM_RESULT	bogusmon	149	3140	1	8014	3243	626f6f6d65725f5f5f5f5f5f5f5f5f5f5f5f5f0d
RANDOM_RESULT	bogusmon	150	3161	1	8014	3264	44616c656b5f5f5f5f5f5f5f5f5f5f5f5f5f5f0d
RANDOM_RESULT	bogusmon	151	3182	1	8014	3289	6d6963726f73636f70696320737061636520666c6565740d
RANDOM_RESULT	bogusmon	152	3203	10	8014	3325	526176656e6f757320427567626c6174746572204265617374206f6620547261616c0d
RANDOM_RESULT	bogusmon	153	3228	10	8014	3348	6c656174686572792d77696e67656420617669616e0d
RANDOM_RESULT	bogusmon	154	3264	10	8014	3377	7465656e616765206d7574616e74206e696e6a6120747572746c650d
RANDOM_RESULT	bogusmon	155	3287	10	8014	3398	73616d75726169207261626269745f5f5f5f5f0d
RANDOM_RESULT	bogusmon	156	3316	1	8014	3419	616172647661726b5f5f5f5f5f5f5f5f5f5f5f0d
RANDOM_RESULT	bogusmon	157	3337	1	8014	3440	3d4175647265792049495f5f5f5f5f5f5f5f5f0d
RANDOM_RESULT	bogusmon	158	3358	1	8014	3461	776974636820646f63746f725f5f5f5f5f5f5f0d
RANDOM_RESULT	bogusmon	159	3379	1	8014	3509	6f6e652d65796564206f6e652d686f726e656420666c79696e6720707572706c652070656f706c652065617465720d
RANDOM_RESULT	bogusmon	160	3400	10	8014	3531	2b4261726e6579207468652064696e6f736175720d
RANDOM_RESULT	bogusmon	161	3448	10	8014	3552	2b4d6f72676f74685f5f5f5f5f5f5f5f5f5f5f0d
RANDOM_RESULT	bogusmon	162	3470	1	8014	3573	566f726c6f6e5f5f5f5f5f5f5f5f5f5f5f5f5f0d
RANDOM_RESULT	bogusmon	163	3491	1	8014	3594	7175657374696e672062656173745f5f5f5f5f0d
RANDOM_RESULT	bogusmon	164	3512	1	8014	3615	5072656461746f725f5f5f5f5f5f5f5f5f5f5f0d
RANDOM_RESULT	bogusmon	165	3533	1	8014	3636	64656d656e746f725f5f5f5f5f5f5f5f5f5f5f0d
RANDOM_RESULT	bogusmon	166	3554	1	8014	3657	6d6f746865722d696e2d6c61775f5f5f5f5f5f0d
RANDOM_RESULT	bogusmon	167	3575	1	8014	3678	70726179696e67206d616e7469735f5f5f5f5f0d
RANDOM_RESULT	bogusmon	168	3596	1	8014	3699	62656c756761207768616c655f5f5f5f5f5f5f0d
RANDOM_RESULT	bogusmon	169	3617	1	8014	3720	636869636b656e5f5f5f5f5f5f5f5f5f5f5f5f0d
RANDOM_RESULT	bogusmon	170	3638	1	8014	3741	636f656c6163616e74685f5f5f5f5f5f5f5f5f0d
RANDOM_RESULT	bogusmon	171	3659	1	8014	3762	737461722d6e6f736564206d6f6c655f5f5f5f0d
RANDOM_RESULT	bogusmon	172	3680	1	8014	3783	6c756e67666973685f5f5f5f5f5f5f5f5f5f5f0d
RANDOM_RESULT	bogusmon	173	3701	1	8014	3804	736c6f77206c6f7269735f5f5f5f5f5f5f5f5f0d
RANDOM_RESULT	bogusmon	174	3722	1	8014	3825	73656120637563756d6265725f5f5f5f5f5f5f0d
RANDOM_RESULT	bogusmon	175	3743	1	8014	3846	74617065776f726d5f5f5f5f5f5f5f5f5f5f5f0d
RANDOM_RESULT	bogusmon	176	3764	1	8014	3867	6c696765725f5f5f5f5f5f5f5f5f5f5f5f5f5f0d
RANDOM_RESULT	bogusmon	177	3785	1	8014	3888	76656c6f6369726170746f725f5f5f5f5f5f5f0d
RANDOM_RESULT	bogusmon	178	3806	1	8014	3909	636f7270756c656e7420706f72706f6973655f0d
RANDOM_RESULT	bogusmon	179	3827	1	8014	3930	71756f6b6b615f5f5f5f5f5f5f5f5f5f5f5f5f0d
RANDOM_RESULT	bogusmon	180	3848	1	8014	3951	706f746f6f5f5f5f5f5f5f5f5f5f5f5f5f5f5f0d
RANDOM_RESULT	bogusmon	181	3869	1	8014	3972	6c656d6d696e675f5f5f5f5f5f5f5f5f5f5f5f0d
RANDOM_RESULT	bogusmon	182	3890	1	8014	3993	64686f6c655f5f5f5f5f5f5f5f5f5f5f5f5f5f0d
RANDOM_RESULT	bogusmon	183	3911	1	8014	4014	776f6c70657274696e6765725f5f5f5f5f5f5f0d
RANDOM_RESULT	bogusmon	184	3932	1	8014	4035	656c776564726974736368655f5f5f5f5f5f5f0d
RANDOM_RESULT	bogusmon	185	3953	1	8014	4056	736b76616465725f5f5f5f5f5f5f5f5f5f5f5f0d
RANDOM_RESULT	bogusmon	186	3974	1	8014	4077	2b4e65737369655f5f5f5f5f5f5f5f5f5f5f5f0d
RANDOM_RESULT	bogusmon	187	3995	1	8014	4098	7461747a656c7775726d5f5f5f5f5f5f5f5f5f0d
RANDOM_RESULT	bogusmon	188	4016	1	8014	4119	646168755f5f5f5f5f5f5f5f5f5f5f5f5f5f5f0d
RANDOM_RESULT	bogusmon	189	4037	1	8014	4140	64726f70626561725f5f5f5f5f5f5f5f5f5f5f0d
RANDOM_RESULT	bogusmon	190	4058	1	8014	4161	77696c64206861676769735f5f5f5f5f5f5f5f0d
RANDOM_RESULT	bogusmon	191	4079	1	8014	4182	6a61636b616c6f70655f5f5f5f5f5f5f5f5f5f0d
RANDOM_RESULT	bogusmon	192	4100	1	8014	4203	666c79696e67206d6f6e6b65795f5f5f5f5f5f0d
RANDOM_RESULT	bogusmon	193	4121	1	8014	4224	666c79696e67207069675f5f5f5f5f5f5f5f5f0d
RANDOM_RESULT	bogusmon	194	4142	1	8014	4245	686970706f63616d7075735f5f5f5f5f5f5f5f0d
RANDOM_RESULT	bogusmon	195	4163	1	8014	4266	686970706f67726966665f5f5f5f5f5f5f5f5f0d
RANDOM_RESULT	bogusmon	196	4184	1	8014	4287	6b656c7069655f5f5f5f5f5f5f5f5f5f5f5f5f0d
RANDOM_RESULT	bogusmon	197	4205	1	8014	4308	6361746f626c657061735f5f5f5f5f5f5f5f5f0d
RANDOM_RESULT	bogusmon	198	4226	1	8014	4329	70686f656e69785f5f5f5f5f5f5f5f5f5f5f5f0d
RANDOM_RESULT	bogusmon	199	4247	1	8014	4350	616d706869736261656e615f5f5f5f5f5f5f5f0d
RANDOM_RESULT	bogusmon	200	4268	1	8014	4371	626f756e63696e67206579655f5f5f5f5f5f5f0d
RANDOM_RESULT	bogusmon	201	4289	1	8014	4392	666c6f6174696e67206e6f73655f5f5f5f5f5f0d
RANDOM_RESULT	bogusmon	202	4310	1	8014	4413	77616e646572696e67206579655f5f5f5f5f5f0d
RANDOM_RESULT	bogusmon	203	4331	1	8014	4434	627566666572206f766572666c6f775f5f5f5f0d
RANDOM_RESULT	bogusmon	204	4352	1	8014	4455	64616e676c696e6720706f696e7465725f5f5f0d
RANDOM_RESULT	bogusmon	205	4373	1	8014	4476	77616c6b696e67206469736b2064726976655f0d
RANDOM_RESULT	bogusmon	206	4394	1	8014	4497	666c6f6174696e6720706f696e745f5f5f5f5f0d
RANDOM_RESULT	bogusmon	207	4415	1	8014	4518	726567657820656e67696e655f5f5f5f5f5f5f0d
RANDOM_RESULT	bogusmon	208	4436	1	8014	4539	6e657473706c69745f5f5f5f5f5f5f5f5f5f5f0d
RANDOM_RESULT	bogusmon	209	4457	1	8014	4560	77696b695f5f5f5f5f5f5f5f5f5f5f5f5f5f5f0d
RANDOM_RESULT	bogusmon	210	4478	1	8014	4581	706565725f5f5f5f5f5f5f5f5f5f5f5f5f5f5f0d
RANDOM_RESULT	bogusmon	211	4499	1	8014	4602	434f424f4c5f5f5f5f5f5f5f5f5f5f5f5f5f5f0d
RANDOM_RESULT	bogusmon	212	4520	1	8014	4623	7769726520736861726b5f5f5f5f5f5f5f5f5f0d
RANDOM_RESULT	bogusmon	213	4541	1	8014	4644	7374726179207461625f5f5f5f5f5f5f5f5f5f0d
RANDOM_RESULT	bogusmon	214	4562	1	8014	4665	626f68726275675f5f5f5f5f5f5f5f5f5f5f5f0d
RANDOM_RESULT	bogusmon	215	4583	1	8014	4686	6d616e64656c6275675f5f5f5f5f5f5f5f5f5f0d
RANDOM_RESULT	bogusmon	216	4604	1	8014	4707	736368726f6564696e6275675f5f5f5f5f5f5f0d
RANDOM_RESULT	bogusmon	217	4625	1	8014	4728	68656973656e6275675f5f5f5f5f5f5f5f5f5f0d
RANDOM_RESULT	bogusmon	218	4646	1	8014	4749	6361636f64656d6f6e5f5f5f5f5f5f5f5f5f5f0d
RANDOM_RESULT	bogusmon	219	4667	1	8014	4770	73637261675f5f5f5f5f5f5f5f5f5f5f5f5f5f0d
RANDOM_RESULT	bogusmon	220	4688	1	8014	4791	2b43726f7720542e20526f626f745f5f5f5f5f0d
RANDOM_RESULT	bogusmon	221	4709	1	8014	4812	6368657373207061776e5f5f5f5f5f5f5f5f5f0d
RANDOM_RESULT	bogusmon	222	4730	1	8014	4833	63686f636f6c6174652070756464696e675f5f0d
RANDOM_RESULT	bogusmon	223	4751	1	8014	4854	6f6f626c65636b735f5f5f5f5f5f5f5f5f5f5f0d
RANDOM_RESULT	bogusmon	224	4772	1	8014	4875	7465727261636f7474612077617272696f725f0d
RANDOM_RESULT	bogusmon	225	4793	1	8014	4896	6865617273655f5f5f5f5f5f5f5f5f5f5f5f5f0d
RANDOM_RESULT	bogusmon	226	4814	1	8014	4917	726f6f6d62615f5f5f5f5f5f5f5f5f5f5f5f5f0d
RANDOM_RESULT	bogusmon	227	4835	1	8014	4938	6d696e69617475726520626c696d705f5f5f5f0d
RANDOM_RESULT	bogusmon	228	4856	1	8014	4959	6475737420737065636b5f5f5f5f5f5f5f5f5f0d
RANDOM_RESULT	bogusmon	229	4877	1	8014	4980	67617a65626f5f5f5f5f5f5f5f5f5f5f5f5f5f0d
RANDOM_RESULT	bogusmon	230	4898	1	8014	5001	6772617920676f6f5f5f5f5f5f5f5f5f5f5f5f0d
RANDOM_RESULT	bogusmon	231	4919	1	8014	5022	6d61676e65746963206d6f6e6f706f6c655f5f0d
RANDOM_RESULT	bogusmon	232	4940	1	8014	5062	66697273742063617465676f72792070657270657475616c206d6f74696f6e206465766963650d
RANDOM_RESULT	bogusmon	233	4961	10	8014	5083	6269672064756d62206f626a6563745f5f5f5f0d
RANDOM_RESULT	bogusmon	234	5001	1	8014	5104	2b4c6f726420427269746973685f5f5f5f5f5f0d
RANDOM_RESULT	bogusmon	235	5022	1	8014	5125	7061727469636c65206d616e5f5f5f5f5f5f5f0d
RANDOM_RESULT	bogusmon	236	5043	1	8014	5151	6b697474656e2070726f7370656374696e6720726f626f740d
RANDOM_RESULT	bogusmon	237	5064	10	8014	5172	6775696c6c656d65745f5f5f5f5f5f5f5f5f5f0d
RANDOM_RESULT	bogusmon	238	5090	1	8014	5193	736f6c696475735f5f5f5f5f5f5f5f5f5f5f5f0d
RANDOM_RESULT	bogusmon	239	5111	1	8014	5214	6f62656c75735f5f5f5f5f5f5f5f5f5f5f5f5f0d
RANDOM_RESULT	bogusmon	240	5132	1	8014	5235	64696e676261745f5f5f5f5f5f5f5f5f5f5f5f0d
RANDOM_RESULT	bogusmon	241	5153	1	8014	5256	626f6c6420666163655f5f5f5f5f5f5f5f5f5f0d
RANDOM_RESULT	bogusmon	242	5174	1	8014	5277	626f757374726f706865646f6e5f5f5f5f5f5f0d
RANDOM_RESULT	bogusmon	243	5195	1	8014	5298	6c696761747572655f5f5f5f5f5f5f5f5f5f5f0d
RANDOM_RESULT	bogusmon	244	5216	1	8014	5319	72656275735f5f5f5f5f5f5f5f5f5f5f5f5f5f0d
RANDOM_RESULT	bogusmon	245	5237	1	8014	5340	64696e6b75735f5f5f5f5f5f5f5f5f5f5f5f5f0d
RANDOM_RESULT	bogusmon	246	5258	1	8014	5361	61706f7374726f70686520676f6c656d5f5f5f0d
RANDOM_RESULT	bogusmon	247	5279	1	8014	5383	766f6c757074756f757320616d70657273616e640d
RANDOM_RESULT	bogusmon	248	5300	10	8014	5406	2b426f622074686520616e67727920666c6f7765720d
RANDOM_RESULT	bogusmon	249	5322	10	8014	5427	2b5374726f6e67204261645f5f5f5f5f5f5f5f0d
RANDOM_RESULT	bogusmon	250	5345	1	8014	5448	2b4d61676963616c20547265766f725f5f5f5f0d
RANDOM_RESULT	bogusmon	251	5366	1	8014	5469	736d616b6b656e5f5f5f5f5f5f5f5f5f5f5f5f0d
RANDOM_RESULT	bogusmon	252	5387	1	8014	5490	6d696d6d6f74685f5f5f5f5f5f5f5f5f5f5f5f0d
RANDOM_RESULT	bogusmon	253	5408	1	8014	5520	6f6e652d77696e67656420646577696e67656420737461622d6261740d
RANDOM_RESULT	bogusmon	254	5429	10	8014	5544	496e76697369626c652050696e6b20556e69636f726e0d
RANDOM_RESULT	bogusmon	255	5459	10	8014	5570	466c79696e6720537061676865747469204d6f6e737465720d
RANDOM_RESULT	bogusmon	256	5483	10	8014	5591	74687265652d686561646564206d6f6e6b65790d
RANDOM_RESULT	bogusmon	257	5509	1	8014	5612	2b456c20506f6c6c6f20446961626c6f5f5f5f0d
RANDOM_RESULT	bogusmon	258	5530	1	8014	5633	6c6974746c6520677265656e206d616e5f5f5f0d
RANDOM_RESULT	bogusmon	259	5551	1	8014	5658	776569676874656420436f6d70616e696f6e20437562650d
RANDOM_RESULT	bogusmon	260	5572	10	8014	5679	6d616e626561727069675f5f5f5f5f5f5f5f5f0d
RANDOM_RESULT	bogusmon	261	5597	1	8014	5700	626f6e7361692d6b697474656e5f5f5f5f5f5f0d
RANDOM_RESULT	bogusmon	262	5618	1	8014	5721	7469652d7468756c755f5f5f5f5f5f5f5f5f5f0d
RANDOM_RESULT	bogusmon	263	5639	1	8014	5742	2b446f6d6f2d6b756e5f5f5f5f5f5f5f5f5f5f0d
RANDOM_RESULT	bogusmon	264	5660	1	8014	5764	6c6f6f6f6f6f6f6f6f6f6f6f6f6f6e67206361740d
RANDOM_RESULT	bogusmon	265	5681	10	8014	5785	6e79616e206361745f5f5f5f5f5f5f5f5f5f5f0d
RANDOM_RESULT	bogusmon	266	5703	1	8014	5806	6365696c696e67206361745f5f5f5f5f5f5f5f0d
RANDOM_RESULT	bogusmon	267	5724	1	8014	5827	626173656d656e74206361745f5f5f5f5f5f5f0d
RANDOM_RESULT	bogusmon	268	5745	1	8014	5848	6d6f6e6f7261696c206361745f5f5f5f5f5f5f0d
RANDOM_RESULT	bogusmon	269	5766	1	8014	5869	747269647564655f5f5f5f5f5f5f5f5f5f5f5f0d
RANDOM_RESULT	bogusmon	270	5787	1	8014	5890	6f7263757320636f736d696375735f5f5f5f5f0d
RANDOM_RESULT	bogusmon	271	5808	1	8014	5911	7965656b5f5f5f5f5f5f5f5f5f5f5f5f5f5f5f0d
RANDOM_RESULT	bogusmon	272	5829	1	8014	5932	7175796c7468756c675f5f5f5f5f5f5f5f5f5f0d
RANDOM_RESULT	bogusmon	273	5850	1	8014	5953	477265617465722048656c6c2042656173745f0d
RANDOM_RESULT	bogusmon	274	5871	1	8014	5974	2b56656e646f72206f662059697a6172645f5f0d
RANDOM_RESULT	bogusmon	275	5892	1	8014	5995	2b5369676d756e645f5f5f5f5f5f5f5f5f5f5f0d
RANDOM_RESULT	bogusmon	276	5913	1	8014	6016	6c65726e6165616e2068796472615f5f5f5f5f0d
RANDOM_RESULT	bogusmon	277	5934	1	8014	6037	2d496a79625f5f5f5f5f5f5f5f5f5f5f5f5f5f0d
RANDOM_RESULT	bogusmon	278	5955	1	8014	6058	3d476c6f6f727820566c6f715f5f5f5f5f5f5f0d
RANDOM_RESULT	bogusmon	279	5976	1	8014	6079	2b426c6f726b20746865206f72635f5f5f5f5f0d
RANDOM_RESULT	bogusmon	280	5997	1	8014	6103	756e69636f726e2070656761737573206b697474656e0d
RANDOM_RESULT	bogusmon	281	6018	10	8014	6124	656e6465726d616e5f5f5f5f5f5f5f5f5f5f5f0d
RANDOM_RESULT	bogusmon	282	6042	1	8014	6145	77696768742073757072656d61636973745f5f0d
RANDOM_RESULT	bogusmon	283	6063	1	8014	6166	7a6572676c696e675f5f5f5f5f5f5f5f5f5f5f0d
RANDOM_RESULT	bogusmon	284	6084	1	8014	6187	6578697374656e7469616c20616e6773745f5f0d
RANDOM_RESULT	bogusmon	285	6105	1	8014	6216	6669676d656e74206f6620796f757220696d6167696e6174696f6e0d
RANDOM_RESULT	bogusmon	286	6126	10	8014	6237	666c617368206f6620696e73696768745f5f5f0d
RANDOM_RESULT	bogusmon	287	6155	1	8014	6258	67686f74695f5f5f5f5f5f5f5f5f5f5f5f5f5f0d
RANDOM_RESULT	bogusmon	288	6176	1	8014	6279	7665726d6963696f7573206b6e69645f5f5f5f0d
RANDOM_RESULT	bogusmon	289	6197	1	8014	6300	6d6565706c655f5f5f5f5f5f5f5f5f5f5f5f5f0d
RANDOM_RESULT	bogusmon	290	6218	1	8014	6321	776f6d626c655f5f5f5f5f5f5f5f5f5f5f5f5f0d
RANDOM_RESULT	bogusmon	291	6239	1	8014	6342	66726167676c655f5f5f5f5f5f5f5f5f5f5f5f0d
RANDOM_RESULT	bogusmon	292	6260	1	8014	6363	737461696e6c65737320737465656c207261740d
RANDOM_RESULT	bogusmon	293	6281	1	8014	6393	616e7461676f6e697374696320756e64656361676f6e737472696e670d
RANDOM_RESULT	bogusmon	294	6302	10	8014	6414	6d6f636b20726f6c655f5f5f5f5f5f5f5f5f5f0d
RANDOM_RESULT	bogusmon	295	6332	1	8014	6435	636c6f776e5f5f5f5f5f5f5f5f5f5f5f5f5f5f0d
RANDOM_RESULT	bogusmon	296	6353	1	8014	6456	6d696d655f5f5f5f5f5f5f5f5f5f5f5f5f5f5f0d
RANDOM_RESULT	bogusmon	297	6374	1	8014	6477	706564646c65725f5f5f5f5f5f5f5f5f5f5f5f0d
RANDOM_RESULT	bogusmon	298	6395	1	8014	6498	686167676c65725f5f5f5f5f5f5f5f5f5f5f5f0d
RANDOM_RESULT	bogusmon	299	6416	1	8014	6519	676c6f6174696e67206579655f5f5f5f5f5f5f0d
RANDOM_RESULT	bogusmon	300	6437	1	8014	6540	666c75736820676f6c656d5f5f5f5f5f5f5f5f0d
RANDOM_RESULT	bogusmon	301	6458	1	8014	6561	6d6172747972206f72635f5f5f5f5f5f5f5f5f0d
RANDOM_RESULT	bogusmon	302	6479	1	8014	6582	6d6f72746172206f72635f5f5f5f5f5f5f5f5f0d
RANDOM_RESULT	bogusmon	303	6500	1	8014	6603	6163696420626c6f675f5f5f5f5f5f5f5f5f5f0d
RANDOM_RESULT	bogusmon	304	6521	1	8014	6624	616375746520626c6f625f5f5f5f5f5f5f5f5f0d
RANDOM_RESULT	bogusmon	305	6542	1	8014	6645	6172696120656c656d656e74616c5f5f5f5f5f0d
RANDOM_RESULT	bogusmon	306	6563	1	8014	6666	616c696173696e67207072696573745f5f5f5f0d
RANDOM_RESULT	bogusmon	307	6584	1	8014	6687	616c69676e65642070617261736974655f5f5f0d
RANDOM_RESULT	bogusmon	308	6605	1	8014	6708	616c69676e656420706172717565745f5f5f5f0d
RANDOM_RESULT	bogusmon	309	6626	1	8014	6729	616c69676e65642070726f63746f725f5f5f5f0d
RANDOM_RESULT	bogusmon	310	6647	1	8014	6750	626162792062616c6b7920647261676f6e5f5f0d
RANDOM_RESULT	bogusmon	311	6668	1	8014	6771	6261627920626c75657320647261676f6e5f5f0d
RANDOM_RESULT	bogusmon	312	6689	1	8014	6792	6261627920636172696361747572655f5f5f5f0d
RANDOM_RESULT	bogusmon	313	6710	1	8014	6813	626162792063726f636865745f5f5f5f5f5f5f0d
RANDOM_RESULT	bogusmon	314	6731	1	8014	6834	6261627920677261696e7920647261676f6e5f0d
RANDOM_RESULT	bogusmon	315	6752	1	8014	6855	6261627920626f6e6720776f726d5f5f5f5f5f0d
RANDOM_RESULT	bogusmon	316	6773	1	8014	6876	62616279206c6f6e6720776f72645f5f5f5f5f0d
RANDOM_RESULT	bogusmon	317	6794	1	8014	6897	626162792070617261626c6520776f726d5f5f0d
RANDOM_RESULT	bogusmon	318	6815	1	8014	6918	62617266656420646576696c5f5f5f5f5f5f5f0d
RANDOM_RESULT	bogusmon	319	6836	1	8014	6939	626565722077696768745f5f5f5f5f5f5f5f5f0d
RANDOM_RESULT	bogusmon	320	6857	1	8014	6960	626f6f722077696768745f5f5f5f5f5f5f5f5f0d
RANDOM_RESULT	bogusmon	321	6878	1	8014	6981	627261776e79206d6f6c645f5f5f5f5f5f5f5f0d
RANDOM_RESULT	bogusmon	322	6899	1	8014	7002	72617665207370696465725f5f5f5f5f5f5f5f0d
RANDOM_RESULT	bogusmon	323	6920	1	8014	7023	636c756520676f6c656d5f5f5f5f5f5f5f5f5f0d
RANDOM_RESULT	bogusmon	324	6941	1	8014	7044	6275737420766f727465785f5f5f5f5f5f5f5f0d
RANDOM_RESULT	bogusmon	325	6962	1	8014	7065	65727261746120656c656d656e74616c5f5f5f0d
RANDOM_RESULT	bogusmon	326	6983	1	8014	7086	656c61737469632065656c5f5f5f5f5f5f5f5f0d
RANDOM_RESULT	bogusmon	327	7004	1	8014	7109	656c656374726f63617264696f6772616d2065656c0d
RANDOM_RESULT	bogusmon	328	7025	10	8014	7130	66697220656c656d656e74616c5f5f5f5f5f5f0d
RANDOM_RESULT	bogusmon	329	7048	1	8014	7151	7469726520656c656d656e74616c5f5f5f5f5f0d
RANDOM_RESULT	bogusmon	330	7069	1	8014	7172	666c616d696e676f207370686572655f5f5f5f0d
RANDOM_RESULT	bogusmon	331	7090	1	8014	7193	66616c6c61637920676f6c656d5f5f5f5f5f5f0d
RANDOM_RESULT	bogusmon	332	7111	1	8014	7214	6672697a7a65642063656e746175725f5f5f5f0d
RANDOM_RESULT	bogusmon	333	7132	1	8014	7235	666f726573742063656e746572666f6c645f5f0d
RANDOM_RESULT	bogusmon	334	7153	1	8014	7256	6669657263656e657373207370686572655f5f0d
RANDOM_RESULT	bogusmon	335	7174	1	8014	7277	66726f73746564206769616e745f5f5f5f5f5f0d
RANDOM_RESULT	bogusmon	336	7195	1	8014	7298	67657269617472696320736e616b655f5f5f5f0d
RANDOM_RESULT	bogusmon	337	7216	1	8014	7319	676e617420616e745f5f5f5f5f5f5f5f5f5f5f0d
RANDOM_RESULT	bogusmon	338	7237	1	8014	7340	6769616e7420626174685f5f5f5f5f5f5f5f5f0d
RANDOM_RESULT	bogusmon	339	7258	1	8014	7361	6772616e7420626565746c655f5f5f5f5f5f5f0d
RANDOM_RESULT	bogusmon	340	7279	1	8014	7382	6772656174657220736e616b655f5f5f5f5f5f0d
RANDOM_RESULT	bogusmon	341	7300	1	8014	7403	6772696e64206275675f5f5f5f5f5f5f5f5f5f0d
RANDOM_RESULT	bogusmon	342	7321	1	8014	7424	6769616e74206d616e676f5f5f5f5f5f5f5f5f0d
RANDOM_RESULT	bogusmon	343	7342	1	8014	7445	676c6f73737920676f6c656d5f5f5f5f5f5f5f0d
RANDOM_RESULT	bogusmon	344	7363	1	8014	7466	676e6f6d65206c617572656174655f5f5f5f5f0d
RANDOM_RESULT	bogusmon	345	7384	1	8014	7487	676e6f6d652064756d6d795f5f5f5f5f5f5f5f0d
RANDOM_RESULT	bogusmon	346	7405	1	8014	7508	676f6f696572206f6f7a655f5f5f5f5f5f5f5f0d
RANDOM_RESULT	bogusmon	347	7426	1	8014	7529	677265656e20736c6964655f5f5f5f5f5f5f5f0d
RANDOM_RESULT	bogusmon	348	7447	1	8014	7550	677561726469616e206e6163686f5f5f5f5f5f0d
RANDOM_RESULT	bogusmon	349	7468	1	8014	7571	68656c6c20686f756e642070756e5f5f5f5f5f0d
RANDOM_RESULT	bogusmon	350	7489	1	8014	7592	68696768207075726973745f5f5f5f5f5f5f5f0d
RANDOM_RESULT	bogusmon	351	7510	1	8014	7613	686169726e657420646576696c5f5f5f5f5f5f0d
RANDOM_RESULT	bogusmon	352	7531	1	8014	7634	6963652074726f77656c5f5f5f5f5f5f5f5f5f0d
RANDOM_RESULT	bogusmon	353	7552	1	8014	7655	6b696c6c657220626565745f5f5f5f5f5f5f5f0d
RANDOM_RESULT	bogusmon	354	7573	1	8014	7676	6665617468657220676f6c656d5f5f5f5f5f5f0d
RANDOM_RESULT	bogusmon	355	7594	1	8014	7697	6c6f756e676520776f726d5f5f5f5f5f5f5f5f0d
RANDOM_RESULT	bogusmon	356	7615	1	8014	7718	6d6f756e7461696e206c796d70685f5f5f5f5f0d
RANDOM_RESULT	bogusmon	357	7636	1	8014	7739	706167657220676f6c656d5f5f5f5f5f5f5f5f0d
RANDOM_RESULT	bogusmon	358	7657	1	8014	7760	706965206669656e645f5f5f5f5f5f5f5f5f5f0d
RANDOM_RESULT	bogusmon	359	7678	1	8014	7781	70726f7068796c616374696320776f726d5f5f0d
RANDOM_RESULT	bogusmon	360	7699	1	8014	7802	736f636b206d6f6c655f5f5f5f5f5f5f5f5f5f0d
RANDOM_RESULT	bogusmon	361	7720	1	8014	7823	726f67756520706965726365725f5f5f5f5f5f0d
RANDOM_RESULT	bogusmon	362	7741	1	8014	7844	736565736177696e67207370686572655f5f5f0d
RANDOM_RESULT	bogusmon	363	7762	1	8014	7865	73696d696c65206d696d69635f5f5f5f5f5f5f0d
RANDOM_RESULT	bogusmon	364	7783	1	8014	7886	6d6f6c6469657220616e745f5f5f5f5f5f5f5f0d
RANDOM_RESULT	bogusmon	365	7804	1	8014	7907	737461696e20766f727465785f5f5f5f5f5f5f0d
RANDOM_RESULT	bogusmon	366	7825	1	8014	7928	73636f6e65206769616e745f5f5f5f5f5f5f5f0d
RANDOM_RESULT	bogusmon	367	7846	1	8014	7949	756d6272656c6c612068756c6b5f5f5f5f5f5f0d
RANDOM_RESULT	bogusmon	368	7867	1	8014	7970	76616d70697265206d6163655f5f5f5f5f5f5f0d
RANDOM_RESULT	bogusmon	369	7888	1	8014	7991	76657262616c206a6162626572776f636b5f5f0d
RANDOM_RESULT	bogusmon	370	7909	1	8014	8012	7761746572206c656d6f6e5f5f5f5f5f5f5f5f0d
RANDOM_RESULT	bogusmon	371	7930	1	8014	8033	7761746572206d656c6f6e5f5f5f5f5f5f5f5f0d
RANDOM_RESULT	bogusmon	372	7951	1	8014	8054	77696e676564206772697a7a6c795f5f5f5f5f0d
RANDOM_RESULT	bogusmon	373	7972	1	8014	8075	79656c6c6f772077696768745f5f5f5f5f5f5f0d
RANDOM_HEADER	engrave	46	61	2941	60
RANDOM_RESULT	engrave	0	2819	1	2880	122	4e6f206d617474657220776865726520796f7520676f2c20746865726520796f75206172652e5f5f5f5f5f5f5f5f5f5f5f5f5f5f5f5f5f5f5f5f5f0d
RANDOM_RESULT	engrave	1	0	1	2880	183	456c6265726574685f5f5f5f5f5f5f5f5f5f5f5f5f5f5f5f5f5f5f5f5f5f5f5f5f5f5f5f5f5f5f5f5f5f5f5f5f5f5f5f5f5f5f5f5f5f5f5f5f5f5f0d
RANDOM_RESULT	engrave	2	61	1	2880	244	566c61642077617320686572655f5f5f5f5f5f5f5f5f5f5f5f5f5f5f5f5f5f5f5f5f5f5f5f5f5f5f5f5f5f5f5f5f5f5f5f5f5f5f5f5f5f5f5f5f5f0d
RANDOM_RESULT	engrave	3	122	1	2880	305	616420616572617269756d5f5f5f5f5f5f5f5f5f5f5f5f5f5f5f5f5f5f5f5f5f5f5f5f5f5f5f5f5f5f5f5f5f5f5f5f5f5f5f5f5f5f5f5f5f5f5f5f0d
RANDOM_RESULT	engrave	4	183	1	2880	366	4f776c6272656174685f5f5f5f5f5f5f5f5f5f5f5f5f5f5f5f5f5f5f5f5f5f5f5f5f5f5f5f5f5f5f5f5f5f5f5f5f5f5f5f5f5f5f5f5f5f5f5f5f5f0d
RANDOM_RESULT	engrave	5	244	1	2880	427	47616c61647269656c5f5f5f5f5f5f5f5f5f5f5f5f5f5f5f5f5f5f5f5f5f5f5f5f5f5f5f5f5f5f5f5f5f5f5f5f5f5f5f5f5f5f5f5f5f5f5f5f5f5f0d
RANDOM_RESULT	engrave	6	305	1	2880	488	4b696c726f792077617320686572655f5f5f5f5f5f5f5f5f5f5f5f5f5f5f5f5f5f5f5f5f5f5f5f5f5f5f5f5f5f5f5f5f5f5f5f5f5f5f5f5f5f5f5f0d
RANDOM_RESULT	engrave	7	366	1	2880	549	46726f646f206c697665735f5f5f5f5f5f5f5f5f5f5f5f5f5f5f5f5f5f5f5f5f5f5f5f5f5f5f5f5f5f5f5f5f5f5f5f5f5f5f5f5f5f5f5f5f5f5f5f0d
RANDOM_RESULT	engrave	8	427	1	2880	610	412e532e202d3e5f5f5f5f5f5f5f5f5f5f5f5f5f5f5f5f5f5f5f5f5f5f5f5f5f5f5f5f5f5f5f5f5f5f5f5f5f5f5f5f5f5f5f5f5f5f5f5f5f5f5f5f0d
RANDOM_RESULT	engrave	9	488	1	2880	671	3c2d20412e532e5f5f5f5f5f5f5f5f5f5f5f5f5f5f5f5f5f5f5f5f5f5f5f5f5f5f5f5f5f5f5f5f5f5f5f5f5f5f5f5f5f5f5f5f5f5f5f5f5f5f5f5f0d
RANDOM_RESULT	engrave	10	549	1	2880	732	596f7520776f6e277420676574206974207570207468652073746570735f5f5f5f5f5f5f5f5f5f5f5f5f5f5f5f5f5f5f5f5f5f5f5f5f5f5f5f5f5f0d
RANDOM_RESULT	engrave	11	610	1	2880	793	4c61736369617465206f676e692073706572616e7a61206f20766f6920636827656e74726174652e5f5f5f5f5f5f5f5f5f5f5f5f5f5f5f5f5f5f5f0d
RANDOM_RESULT	engrave	12	671	1	2880	854	57656c6c20436f6d655f5f5f5f5f5f5f5f5f5f5f5f5f5f5f5f5f5f5f5f5f5f5f5f5f5f5f5f5f5f5f5f5f5f5f5f5f5f5f5f5f5f5f5f5f5f5f5f5f5f0d
RANDOM_RESULT	engrave	13	732	1	2880	915	57652061706f6c6f67697a6520666f722074686520696e636f6e76656e69656e63652e5f5f5f5f5f5f5f5f5f5f5f5f5f5f5f5f5f5f5f5f5f5f5f5f0d
RANDOM_RESULT	engrave	14	793	1	2880	976	53656520796f75206e657874205765646e65736461795f5f5f5f5f5f5f5f5f5f5f5f5f5f5f5f5f5f5f5f5f5f5f5f5f5f5f5f5f5f5f5f5f5f5f5f5f0d
RANDOM_RESULT	engrave	15	854	1	2880	1037	6e6f7461727920736f6a616b5f5f5f5f5f5f5f5f5f5f5f5f5f5f5f5f5f5f5f5f5f5f5f5f5f5f5f5f5f5f5f5f5f5f5f5f5f5f5f5f5f5f5f5f5f5f5f0d
RANDOM_RESULT	engrave	16	915	1	2880	1098	466f72206120676f6f642074696d652063616c6c20383f372d353330395f5f5f5f5f5f5f5f5f5f5f5f5f5f5f5f5f5f5f5f5f5f5f5f5f5f5f5f5f5f0d
RANDOM_RESULT	engrave	17	976	1	2880	1159	506c6561736520646f6e277420666565642074686520616e696d616c732e5f5f5f5f5f5f5f5f5f5f5f5f5f5f5f5f5f5f5f5f5f5f5f5f5f5f5f5f5f0d
RANDOM_RESULT	engrave	18	1037	1	2880	1220	4d6164616d2c20696e204564656e2c2049276d204164616d2e5f5f5f5f5f5f5f5f5f5f5f5f5f5f5f5f5f5f5f5f5f5f5f5f5f5f5f5f5f5f5f5f5f5f0d
RANDOM_RESULT	engrave	19	1098	1	2880	1281	54776f207468756d6273207570215f5f5f5f5f5f5f5f5f5f5f5f5f5f5f5f5f5f5f5f5f5f5f5f5f5f5f5f5f5f5f5f5f5f5f5f5f5f5f5f5f5f5f5f5f0d
RANDOM_RESULT	engrave	20	1159	1	2880	1342	48656c6c6f2c20576f726c64215f5f5f5f5f5f5f5f5f5f5f5f5f5f5f5f5f5f5f5f5f5f5f5f5f5f5f5f5f5f5f5f5f5f5f5f5f5f5f5f5f5f5f5f5f5f0d
RANDOM_RESULT	engrave	21	1220	1	2880	1403	4173206966215f5f5f5f5f5f5f5f5f5f5f5f5f5f5f5f5f5f5f5f5f5f5f5f5f5f5f5f5f5f5f5f5f5f5f5f5f5f5f5f5f5f5f5f5f5f5f5f5f5f5f5f5f0d
RANDOM_RESULT	engrave	22	1281	1	2880	1464	42414420574f4c465f5f5f5f5f5f5f5f5f5f5f5f5f5f5f5f5f5f5f5f5f5f5f5f5f5f5f5f5f5f5f5f5f5f5f5f5f5f5f5f5f5f5f5f5f5f5f5f5f5f5f0d
RANDOM_RESULT	engrave	23	1342	1	2880	1525	41726f6f6f21202057657265776f6c766573206f662059656e646f72215f5f5f5f5f5f5f5f5f5f5f5f5f5f5f5f5f5f5f5f5f5f5f5f5f5f5f5f5f5f0d
RANDOM_RESULT	engrave	24	1403	1	2880	1586	44696720666f7220566963746f727920686572655f5f5f5f5f5f5f5f5f5f5f5f5f5f5f5f5f5f5f5f5f5f5f5f5f5f5f5f5f5f5f5f5f5f5f5f5f5f5f0d
RANDOM_RESULT	engrave	25	1464	1	2880	1647	4761697573204a756c697573205072696d6967656e6975732077617320686572652e20205768792061726520796f75206c6174653f5f5f5f5f5f5f0d
RANDOM_RESULT	engrave	26	1525	1	2880	1708	446f6e277420676f2074686973207761795f5f5f5f5f5f5f5f5f5f5f5f5f5f5f5f5f5f5f5f5f5f5f5f5f5f5f5f5f5f5f5f5f5f5f5f5f5f5f5f5f5f0d
RANDOM_RESULT	engrave	27	1586	1	2880	1769	476f206c656674202d2d2d3e5f5f5f5f5f5f5f5f5f5f5f5f5f5f5f5f5f5f5f5f5f5f5f5f5f5f5f5f5f5f5f5f5f5f5f5f5f5f5f5f5f5f5f5f5f5f5f0d
RANDOM_RESULT	engrave	28	1647	1	2880	1830	3c2d2d2d20476f2072696768745f5f5f5f5f5f5f5f5f5f5f5f5f5f5f5f5f5f5f5f5f5f5f5f5f5f5f5f5f5f5f5f5f5f5f5f5f5f5f5f5f5f5f5f5f5f0d
RANDOM_RESULT	engrave	29	1708	1	2880	1891	58206d61726b73207468652073706f745f5f5f5f5f5f5f5f5f5f5f5f5f5f5f5f5f5f5f5f5f5f5f5f5f5f5f5f5f5f5f5f5f5f5f5f5f5f5f5f5f5f5f0d
RANDOM_RESULT	engrave	30	1769	1	2880	1952	58203c2d2d2d20596f752061726520686572652e5f5f5f5f5f5f5f5f5f5f5f5f5f5f5f5f5f5f5f5f5f5f5f5f5f5f5f5f5f5f5f5f5f5f5f5f5f5f5f0d
RANDOM_RESULT	engrave	31	1830	1	2880	2013	4865726520626520647261676f6e735f5f5f5f5f5f5f5f5f5f5f5f5f5f5f5f5f5f5f5f5f5f5f5f5f5f5f5f5f5f5f5f5f5f5f5f5f5f5f5f5f5f5f5f0d
RANDOM_RESULT	engrave	32	1891	1	2880	2074	53617665206e6f772c20616e6420646f20796f757220686f6d65776f726b215f5f5f5f5f5f5f5f5f5f5f5f5f5f5f5f5f5f5f5f5f5f5f5f5f5f5f5f0d
RANDOM_RESULT	engrave	33	1952	1	2880	2135	546865726520776173206120686f6c6520686572652e20204974277320676f6e65206e6f772e5f5f5f5f5f5f5f5f5f5f5f5f5f5f5f5f5f5f5f5f5f0d
RANDOM_RESULT	engrave	34	2013	1	2880	2196	54686520566962726174696e67205371756172655f5f5f5f5f5f5f5f5f5f5f5f5f5f5f5f5f5f5f5f5f5f5f5f5f5f5f5f5f5f5f5f5f5f5f5f5f5f5f0d
RANDOM_RESULT	engrave	35	2074	1	2880	2257	54686973206973206120706974215f5f5f5f5f5f5f5f5f5f5f5f5f5f5f5f5f5f5f5f5f5f5f5f5f5f5f5f5f5f5f5f5f5f5f5f5f5f5f5f5f5f5f5f5f0d
RANDOM_RESULT	engrave	36	2135	1	2880	2318	54686973206973206e6f74207468652064756e67656f6e20796f7520617265206c6f6f6b696e6720666f722e5f5f5f5f5f5f5f5f5f5f5f5f5f5f5f0d
RANDOM_RESULT	engrave	37	2196	1	2880	2385	5761746368206f75742c2074686572652773206120676e6f6d65207769746820612077616e64206f6620646561746820626568696e64207468617420646f6f72210d
RANDOM_RESULT	engrave	38	2257	10	2880	2446	54686973207371756172652064656c696265726174656c79206c65667420626c616e6b2e5f5f5f5f5f5f5f5f5f5f5f5f5f5f5f5f5f5f5f5f5f5f5f0d
RANDOM_RESULT	engrave	39	2324	1	2880	2507	486165726d756e642048617264617865206361727665642074686573652072756e65735f5f5f5f5f5f5f5f5f5f5f5f5f5f5f5f5f5f5f5f5f5f5f5f0d
RANDOM_RESULT	engrave	40	2385	1	2880	2582	4e6565642061206c696768743f2020436f6d6520766973697420746865204d696e65746f776e206272616e6368206f6620497a6368616b2773204c69676874696e672053746f7265210d
RANDOM_RESULT	engrave	41	2446	10	2880	2643	536e616b6573206f6e207468652041737472616c20506c616e65202d20536f6f6e20696e20612064756e67656f6e206e65617220796f755f5f5f5f0d
RANDOM_RESULT	engrave	42	2521	1	2880	2742	596f752061726520746865206f6e65206d696c6c696f6e74682076697369746f7220746f207468697320706c616365212020506c65617365207761697420323030207475726e7320666f7220796f75722077616e64206f662077697368696e672e0d
RANDOM_RESULT	engrave	43	2582	10	2880	2803	5761726e696e672c204578706c6f64696e672072756e6573215f5f5f5f5f5f5f5f5f5f5f5f5f5f5f5f5f5f5f5f5f5f5f5f5f5f5f5f5f5f5f5f5f5f0d
RANDOM_RESULT	engrave	44	2681	1	2880	2880	496620796f752063616e207265616420746865736520776f726473207468656e20796f7520617265206e6f74206f6e6c792061206e657264206275742070726f6261626c7920646561642e0d
RANDOM_RESULT	engrave	45	2742	10	2880	2941	5468652063616b652069732061206c69655f5f5f5f5f5f5f5f5f5f5f5f5f5f5f5f5f5f5f5f5f5f5f5f5f5f5f5f5f5f5f5f5f5f5f5f5f5f5f5f5f5f0d
RANDOM_HEADER	epitaph	395	61	24531	60
RANDOM_RESULT	epitaph	0	24409	1	24470	122	4e6f206d617474657220776865726520492077656e742c2068657265204920616d2e5f5f5f5f5f5f5f5f5f5f5f5f5f5f5f5f5f5f5f5f5f5f5f5f5f0d
RANDOM_RESULT	epitaph	1	0	1	24470	183	5265737420696e2070656163655f5f5f5f5f5f5f5f5f5f5f5f5f5f5f5f5f5f5f5f5f5f5f5f5f5f5f5f5f5f5f5f5f5f5f5f5f5f5f5f5f5f5f5f5f5f0d
RANDOM_RESULT	epitaph	2	61	1	24470	244	522e492e502e5f5f5f5f5f5f5f5f5f5f5f5f5f5f5f5f5f5f5f5f5f5f5f5f5f5f5f5f5f5f5f5f5f5f5f5f5f5f5f5f5f5f5f5f5f5f5f5f5f5f5f5f5f0d
RANDOM_RESULT	epitaph	3	122	1	24470	305	5265737420496e205069656365735f5f5f5f5f5f5f5f5f5f5f5f5f5f5f5f5f5f5f5f5f5f5f5f5f5f5f5f5f5f5f5f5f5f5f5f5f5f5f5f5f5f5f5f5f0d
RANDOM_RESULT	epitaph	4	183	1	24470	366	4e6f7465202d2d20746865726520617265204e4f2076616c7561626c65206974656d7320696e20746869732067726176655f5f5f5f5f5f5f5f5f5f0d
RANDOM_RESULT	epitaph	5	244	1	24470	427	313939342d313939352e20546865204c6f6e676573742d4c69766564204861636b657220457665725f5f5f5f5f5f5f5f5f5f5f5f5f5f5f5f5f5f5f0d
RANDOM_RESULT	epitaph	6	305	1	24470	488	546865204772617665206f662074686520556e6b6e6f776e204861636b65725f5f5f5f5f5f5f5f5f5f5f5f5f5f5f5f5f5f5f5f5f5f5f5f5f5f5f5f0d
RANDOM_RESULT	epitaph	7	366	1	24470	549	576520776572656e277420737572652077686f2074686973207761732c20627574207765206275726965642068696d206865726520616e797761790d
RANDOM_RESULT	epitaph	8	427	1	24470	610	537061726b79202d2d206865207761732061207665727920676f6f6420646f675f5f5f5f5f5f5f5f5f5f5f5f5f5f5f5f5f5f5f5f5f5f5f5f5f5f5f0d
RANDOM_RESULT	epitaph	9	488	1	24470	671	426577617265206f6620456c656374726963205468697264205261696c5f5f5f5f5f5f5f5f5f5f5f5f5f5f5f5f5f5f5f5f5f5f5f5f5f5f5f5f5f5f0d
RANDOM_RESULT	epitaph	10	549	1	24470	732	4d61646520696e2054616977616e5f5f5f5f5f5f5f5f5f5f5f5f5f5f5f5f5f5f5f5f5f5f5f5f5f5f5f5f5f5f5f5f5f5f5f5f5f5f5f5f5f5f5f5f5f0d
RANDOM_RESULT	epitaph	11	610	1	24470	793	4f6720667269656e642e204f6720676f6f6420647564652e204f6720646965642e204f67206e6f7720666f6f642e5f5f5f5f5f5f5f5f5f5f5f5f5f0d
RANDOM_RESULT	epitaph	12	671	1	24470	854	426565746c656a7569636520426565746c656a7569636520426565746c656a756963655f5f5f5f5f5f5f5f5f5f5f5f5f5f5f5f5f5f5f5f5f5f5f5f0d
RANDOM_RESULT	epitaph	13	732	1	24470	915	4c6f6f6b206f75742062656c6f77215f5f5f5f5f5f5f5f5f5f5f5f5f5f5f5f5f5f5f5f5f5f5f5f5f5f5f5f5f5f5f5f5f5f5f5f5f5f5f5f5f5f5f5f0d
RANDOM_RESULT	epitaph	14	793	1	24470	984	506c6561736520646f6e277420646967206d652075702e202049276d20706572666563746c7920686170707920646f776e20686572652e202d2d205265736964656e740d
RANDOM_RESULT	epitaph	15	854	10	24470	1082	506f73746d616e2c20706c65617365206e6f746520666f7277617264696e6720616464726573733a20476568656e6e6f6d2c2041736d6f64657573277320466f7274726573732c206669667468206c656d757265206f6e20746865206c6566740d
RANDOM_RESULT	epitaph	16	923	10	24470	1185	4d617279206861642061206c6974746c65206c616d622f49747320666c656563652077617320776869746520617320736e6f772f5768656e204d6172792077617320696e2074726f75626c652f546865206c616d622077617320666972737420746f20676f0d
RANDOM_RESULT	epitaph	17	1021	10	24470	1246	4265206361726566756c2c206f72207468697320636f756c642068617070656e20746f20796f75215f5f5f5f5f5f5f5f5f5f5f5f5f5f5f5f5f5f5f0d
RANDOM_RESULT	epitaph	18	1124	1	24470	1309	536f6f6e20796f75276c6c206a6f696e20746869732066656c6c6f7720696e2068656c6c21202d2d207468652057697a617264206f662059656e646f720d
RANDOM_RESULT	epitaph	19	1185	10	24470	1370	43617574696f6e21205468697320677261766520636f6e7461696e7320746f7869632077617374655f5f5f5f5f5f5f5f5f5f5f5f5f5f5f5f5f5f5f0d
RANDOM_RESULT	epitaph	20	1248	1	24470	1431	53756d2071756f6420657269735f5f5f5f5f5f5f5f5f5f5f5f5f5f5f5f5f5f5f5f5f5f5f5f5f5f5f5f5f5f5f5f5f5f5f5f5f5f5f5f5f5f5f5f5f5f0d
RANDOM_RESULT	epitaph	21	1309	1	24470	1492	48657265206c69657320616e20417468656973742c20616c6c206472657373656420757020616e64206e6f20706c61636520746f20676f5f5f5f5f0d
RANDOM_RESULT	epitaph	22	1370	1	24470	1553	48657265206c69657320457a656b69656c2c20616765203130322e202054686520676f6f642064696520796f756e672e5f5f5f5f5f5f5f5f5f5f5f0d
RANDOM_RESULT	epitaph	23	1431	1	24470	1622	48657265206c696573206d7920776966653a2048657265206c657420686572206c696521204e6f77207368652773206174207265737420616e6420736f20616d20492e0d
RANDOM_RESULT	epitaph	24	1492	10	24470	1683	48657265206c696573204a6f686e6e792059656173742e2020506172646f6e206d6520666f72206e6f7420726973696e672e5f5f5f5f5f5f5f5f5f0d
RANDOM_RESULT	epitaph	25	1561	1	24470	1744	486520616c77617973206c696564207768696c65206f6e2074686520656172746820616e64206e6f772068652773206c79696e6720696e2069745f0d
RANDOM_RESULT	epitaph	26	1622	1	24470	1805	49206d61646520616e20617368206f66206d7973656c665f5f5f5f5f5f5f5f5f5f5f5f5f5f5f5f5f5f5f5f5f5f5f5f5f5f5f5f5f5f5f5f5f5f5f5f0d
RANDOM_RESULT	epitaph	27	1683	1	24470	1866	536f6f6e20726970652e2020536f6f6e20726f7474656e2e2020536f6f6e20676f6e652e2020427574206e6f7420666f72676f7474656e2e5f5f5f0d
RANDOM_RESULT	epitaph	28	1744	1	24470	1947	48657265206c6965732074686520626f6479206f66204a6f6e617468616e20426c616b652e202053746570706564206f6e207468652067617320696e7374656164206f6620746865206272616b652e0d
RANDOM_RESULT	epitaph	29	1805	10	24470	2008	476f2061776179215f5f5f5f5f5f5f5f5f5f5f5f5f5f5f5f5f5f5f5f5f5f5f5f5f5f5f5f5f5f5f5f5f5f5f5f5f5f5f5f5f5f5f5f5f5f5f5f5f5f5f0d
RANDOM_RESULT	epitaph	30	1886	1	24470	2083	416c617320666169722044656174682c202774776173206d697373656420696e206c696665202d20736f6d6520706561636520616e642071756965742066726f6d206d7920776966650d
RANDOM_RESULT	epitaph	31	1947	10	24470	2144	4170706c6175642c206d7920667269656e64732c2074686520636f6d6564792069732066696e69736865642e5f5f5f5f5f5f5f5f5f5f5f5f5f5f5f0d
RANDOM_RESULT	epitaph	32	2022	1	24470	2205	4174206c6173742e2e2e2061206e696365206c6f6e6720736c6565702e5f5f5f5f5f5f5f5f5f5f5f5f5f5f5f5f5f5f5f5f5f5f5f5f5f5f5f5f5f5f0d
RANDOM_RESULT	epitaph	33	2083	1	24470	2266	417564692050617274656d20416c746572616d5f5f5f5f5f5f5f5f5f5f5f5f5f5f5f5f5f5f5f5f5f5f5f5f5f5f5f5f5f5f5f5f5f5f5f5f5f5f5f5f0d
RANDOM_RESULT	epitaph	34	2144	1	24470	2327	426173696c2c2061737361756c7465642062792062656172735f5f5f5f5f5f5f5f5f5f5f5f5f5f5f5f5f5f5f5f5f5f5f5f5f5f5f5f5f5f5f5f5f5f0d
RANDOM_RESULT	epitaph	35	2205	1	24470	2388	4275726e696e617465645f5f5f5f5f5f5f5f5f5f5f5f5f5f5f5f5f5f5f5f5f5f5f5f5f5f5f5f5f5f5f5f5f5f5f5f5f5f5f5f5f5f5f5f5f5f5f5f5f0d
RANDOM_RESULT	epitaph	36	2266	1	24470	2449	436f6e667573696f6e2077696c6c206265206d7920657069746170685f5f5f5f5f5f5f5f5f5f5f5f5f5f5f5f5f5f5f5f5f5f5f5f5f5f5f5f5f5f5f0d
RANDOM_RESULT	epitaph	37	2327	1	24470	2510	446f206e6f74206f70656e20756e74696c204368726973746d61735f5f5f5f5f5f5f5f5f5f5f5f5f5f5f5f5f5f5f5f5f5f5f5f5f5f5f5f5f5f5f5f0d
RANDOM_RESULT	epitaph	38	2388	1	24470	2571	446f6e277420626520646166742c207468657920636f756c646e27742068697420616e20656c657068616e74206174207468697320646973742d5f0d
RANDOM_RESULT	epitaph	39	2449	1	24470	2632	446f6e277420666f7267657420746f2073746f7020616e6420736d656c6c2074686520726f7365735f5f5f5f5f5f5f5f5f5f5f5f5f5f5f5f5f5f5f0d
RANDOM_RESULT	epitaph	40	2510	1	24470	2693	446f6e2774206c657420746869732068617070656e20746f20796f75215f5f5f5f5f5f5f5f5f5f5f5f5f5f5f5f5f5f5f5f5f5f5f5f5f5f5f5f5f5f0d
RANDOM_RESULT	epitaph	41	2571	1	24470	2754	44756c6365206574206465636f72756d206573742070726f20706174726961206d6f72695f5f5f5f5f5f5f5f5f5f5f5f5f5f5f5f5f5f5f5f5f5f5f0d
RANDOM_RESULT	epitaph	42	2632	1	24470	2815	457420696e20417263616469612065676f5f5f5f5f5f5f5f5f5f5f5f5f5f5f5f5f5f5f5f5f5f5f5f5f5f5f5f5f5f5f5f5f5f5f5f5f5f5f5f5f5f5f0d
RANDOM_RESULT	epitaph	43	2693	1	24470	2911	466174747920616e6420736b696e6e792077656e7420746f206265642e2020466174747920726f6c6c6564206f76657220616e6420736b696e6e792077617320646561642e2020536b696e6e7920536d69746820313938332d323030302e0d
RANDOM_RESULT	epitaph	44	2754	10	24470	2972	46696e616c6c79204920616d206265636f6d696e67207374757069646572206e6f206d6f72655f5f5f5f5f5f5f5f5f5f5f5f5f5f5f5f5f5f5f5f5f0d
RANDOM_RESULT	epitaph	45	2850	1	24470	3033	466f6c6c6f77206d6520746f2068656c6c5f5f5f5f5f5f5f5f5f5f5f5f5f5f5f5f5f5f5f5f5f5f5f5f5f5f5f5f5f5f5f5f5f5f5f5f5f5f5f5f5f5f0d
RANDOM_RESULT	epitaph	46	2911	1	24470	3094	2e2e2e666f722066616d6f7573206d656e2068617665207468652077686f6c65206561727468206173207468656972206d656d6f7269616c5f5f5f0d
RANDOM_RESULT	epitaph	47	2972	1	24470	3155	47616d65206f7665722c206d616e2e202047616d65206f7665722e5f5f5f5f5f5f5f5f5f5f5f5f5f5f5f5f5f5f5f5f5f5f5f5f5f5f5f5f5f5f5f5f0d
RANDOM_RESULT	epitaph	48	3033	1	24470	3223	476f206177617921202049276d20747279696e6720746f2074616b652061206e617020696e2068657265212020426c6f6f647920616476656e7475726572732e2e2e0d
RANDOM_RESULT	epitaph	49	3094	10	24470	3284	476f6e652066697368696e275f5f5f5f5f5f5f5f5f5f5f5f5f5f5f5f5f5f5f5f5f5f5f5f5f5f5f5f5f5f5f5f5f5f5f5f5f5f5f5f5f5f5f5f5f5f5f0d
RANDOM_RESULT	epitaph	50	3162	1	24470	3356	476f6f64206e696768742c207377656574207072696e63653a20416e6420666c6967687473206f6620616e67656c732073696e67207468656520746f207468792072657374210d
RANDOM_RESULT	epitaph	51	3223	10	24470	3417	476f205465616d20416e74215f5f5f5f5f5f5f5f5f5f5f5f5f5f5f5f5f5f5f5f5f5f5f5f5f5f5f5f5f5f5f5f5f5f5f5f5f5f5f5f5f5f5f5f5f5f5f0d
RANDOM_RESULT	epitaph	52	3295	1	24470	3478	4865206661726d6564206869732077617920686572655f5f5f5f5f5f5f5f5f5f5f5f5f5f5f5f5f5f5f5f5f5f5f5f5f5f5f5f5f5f5f5f5f5f5f5f5f0d
RANDOM_RESULT	epitaph	53	3356	1	24470	3539	48657265206c69657320612070726f6772616d6d65722e20204b696c6c6564206279206120666174616c206572726f722e5f5f5f5f5f5f5f5f5f5f0d
RANDOM_RESULT	epitaph	54	3417	1	24470	3600	48657265206c69657320426f62202d206465636964656420746f2074727920616e206163696420626c6f625f5f5f5f5f5f5f5f5f5f5f5f5f5f5f5f0d
RANDOM_RESULT	epitaph	55	3478	1	24470	3661	48657265206c696573204475646c65792c206b696c6c656420627920616e6f7468657220252623402326206e6577742e5f5f5f5f5f5f5f5f5f5f5f0d
RANDOM_RESULT	epitaph	56	3539	1	24470	3722	48657265206c6965732047726567672c2063686f6b6564206f6e20616e206567675f5f5f5f5f5f5f5f5f5f5f5f5f5f5f5f5f5f5f5f5f5f5f5f5f5f0d
RANDOM_RESULT	epitaph	57	3600	1	24470	3783	48657265206c696573204c6965732e20204974277320547275652e5f5f5f5f5f5f5f5f5f5f5f5f5f5f5f5f5f5f5f5f5f5f5f5f5f5f5f5f5f5f5f5f0d
RANDOM_RESULT	epitaph	58	3661	1	24470	3844	48657265206c69657320546865204c6164792773206d6169642c2064696564206f66206120566f7270616c20426c6164655f5f5f5f5f5f5f5f5f5f0d
RANDOM_RESULT	epitaph	59	3722	1	24470	3942	48657265206c69657320746865206c65667420666f6f74206f66204a61636b2c206b696c6c65642062792061206c616e64206d696e652e20204c6574207573206b6e6f7720696620796f752066696e6420616e79206d6f7265206f662068696d0d
RANDOM_RESULT	epitaph	60	3783	10	24470	4003	48652077616974656420746f6f206c6f6e675f5f5f5f5f5f5f5f5f5f5f5f5f5f5f5f5f5f5f5f5f5f5f5f5f5f5f5f5f5f5f5f5f5f5f5f5f5f5f5f5f0d
RANDOM_RESULT	epitaph	61	3881	1	24470	4064	49276420726174686572206265207361696c696e675f5f5f5f5f5f5f5f5f5f5f5f5f5f5f5f5f5f5f5f5f5f5f5f5f5f5f5f5f5f5f5f5f5f5f5f5f5f0d
RANDOM_RESULT	epitaph	62	3942	1	24470	4136	49662061206d616e277320646565647320646f206e6f74206f75746c6976652068696d2c206f6620776861742076616c75652069732061206d61726b20696e2073746f6e653f0d
RANDOM_RESULT	epitaph	63	4003	10	24470	4197	49276d20676f6e6e61206d616b65206974215f5f5f5f5f5f5f5f5f5f5f5f5f5f5f5f5f5f5f5f5f5f5f5f5f5f5f5f5f5f5f5f5f5f5f5f5f5f5f5f5f0d
RANDOM_RESULT	epitaph	64	4075	1	24470	4258	4920746f6f6b20626f74682070696c6c73215f5f5f5f5f5f5f5f5f5f5f5f5f5f5f5f5f5f5f5f5f5f5f5f5f5f5f5f5f5f5f5f5f5f5f5f5f5f5f5f5f0d
RANDOM_RESULT	epitaph	65	4136	1	24470	4319	492077696c6c2073757276697665215f5f5f5f5f5f5f5f5f5f5f5f5f5f5f5f5f5f5f5f5f5f5f5f5f5f5f5f5f5f5f5f5f5f5f5f5f5f5f5f5f5f5f5f0d
RANDOM_RESULT	epitaph	66	4197	1	24470	4380	4b696c6c6564206279206120626c61636b20647261676f6e202d2d205468697320677261766520697320656d7074795f5f5f5f5f5f5f5f5f5f5f5f0d
RANDOM_RESULT	epitaph	67	4258	1	24470	4441	4c6574206d65206f7574206f662068657265215f5f5f5f5f5f5f5f5f5f5f5f5f5f5f5f5f5f5f5f5f5f5f5f5f5f5f5f5f5f5f5f5f5f5f5f5f5f5f5f0d
RANDOM_RESULT	epitaph	68	4319	1	24470	4502	4c6f6f6b696e2720676f6f642c204d65647573612e5f5f5f5f5f5f5f5f5f5f5f5f5f5f5f5f5f5f5f5f5f5f5f5f5f5f5f5f5f5f5f5f5f5f5f5f5f5f0d
RANDOM_RESULT	epitaph	69	4380	1	24470	4599	4d72732e20536d6974682c2063686f6b6564206f6e20616e206170706c652e2020536865206c65667420626568696e64206772696576696e672068757362616e642c2064617567687465722c20616e64206772616e6464617567687465722e0d
RANDOM_RESULT	epitaph	70	4441	10	24470	4660	4e6f626f64792062656c696576656420686572207768656e2073686520736169642068657220666565742077657265206b696c6c696e67206865720d
RANDOM_RESULT	epitaph	71	4538	1	24470	4721	4e6f2120204920646f6e27742077616e7420746f20736565206d792064616d6e20636f6e64756374215f5f5f5f5f5f5f5f5f5f5f5f5f5f5f5f5f5f0d
RANDOM_RESULT	epitaph	72	4599	1	24470	4782	4f6e6520636f727073652c2073616e7320686561645f5f5f5f5f5f5f5f5f5f5f5f5f5f5f5f5f5f5f5f5f5f5f5f5f5f5f5f5f5f5f5f5f5f5f5f5f5f0d
RANDOM_RESULT	epitaph	73	4660	1	24470	4843	4f6e207468652077686f6c652c204927642072617468657220626520696e204d696e65746f776e5f5f5f5f5f5f5f5f5f5f5f5f5f5f5f5f5f5f5f5f0d
RANDOM_RESULT	epitaph	74	4721	1	24470	4904	4f6e207661636174696f6e5f5f5f5f5f5f5f5f5f5f5f5f5f5f5f5f5f5f5f5f5f5f5f5f5f5f5f5f5f5f5f5f5f5f5f5f5f5f5f5f5f5f5f5f5f5f5f5f0d
RANDOM_RESULT	epitaph	75	4782	1	24470	4965	4f6f70732e5f5f5f5f5f5f5f5f5f5f5f5f5f5f5f5f5f5f5f5f5f5f5f5f5f5f5f5f5f5f5f5f5f5f5f5f5f5f5f5f5f5f5f5f5f5f5f5f5f5f5f5f5f5f0d
RANDOM_RESULT	epitaph	76	4843	1	24470	5026	4f757420746f204c756e63685f5f5f5f5f5f5f5f5f5f5f5f5f5f5f5f5f5f5f5f5f5f5f5f5f5f5f5f5f5f5f5f5f5f5f5f5f5f5f5f5f5f5f5f5f5f5f0d
RANDOM_RESULT	epitaph	77	4904	1	24470	5087	534f4c445f5f5f5f5f5f5f5f5f5f5f5f5f5f5f5f5f5f5f5f5f5f5f5f5f5f5f5f5f5f5f5f5f5f5f5f5f5f5f5f5f5f5f5f5f5f5f5f5f5f5f5f5f5f5f0d
RANDOM_RESULT	epitaph	78	4965	1	24470	5148	536f6d656f6e65207365742075732075702074686520626f6d62215f5f5f5f5f5f5f5f5f5f5f5f5f5f5f5f5f5f5f5f5f5f5f5f5f5f5f5f5f5f5f5f0d
RANDOM_RESULT	epitaph	79	5026	1	24470	5209	54616b65206d792073747566662c204920646f6e2774206e65656420697420616e796d6f72655f5f5f5f5f5f5f5f5f5f5f5f5f5f5f5f5f5f5f5f5f0d
RANDOM_RESULT	epitaph	80	5087	1	24470	5270	54616b696e6720612079656172206465616420666f722074617820726561736f6e735f5f5f5f5f5f5f5f5f5f5f5f5f5f5f5f5f5f5f5f5f5f5f5f5f0d
RANDOM_RESULT	epitaph	81	5148	1	24470	5331	546865207265706f727473206f66206d792064656d6973652061726520636f6d706c6574656c792061636375726174655f5f5f5f5f5f5f5f5f5f5f0d
RANDOM_RESULT	epitaph	82	5209	1	24470	5392	285468697320737061636520666f722073616c65295f5f5f5f5f5f5f5f5f5f5f5f5f5f5f5f5f5f5f5f5f5f5f5f5f5f5f5f5f5f5f5f5f5f5f5f5f5f0d
RANDOM_RESULT	epitaph	83	5270	1	24470	5466	54686973207761732061637475616c6c79206a7573742061207069742c206275742073696e636520746865726520776173206120636f727073652c2077652066696c6c65642069740d
RANDOM_RESULT	epitaph	84	5331	10	24470	5527	546869732077617920746f207468652063727970745f5f5f5f5f5f5f5f5f5f5f5f5f5f5f5f5f5f5f5f5f5f5f5f5f5f5f5f5f5f5f5f5f5f5f5f5f5f0d
RANDOM_RESULT	epitaph	85	5405	1	24470	5588	54752071756f7175652c2042727574653f5f5f5f5f5f5f5f5f5f5f5f5f5f5f5f5f5f5f5f5f5f5f5f5f5f5f5f5f5f5f5f5f5f5f5f5f5f5f5f5f5f5f0d
RANDOM_RESULT	epitaph	86	5466	1	24470	5649	564143414e43595f5f5f5f5f5f5f5f5f5f5f5f5f5f5f5f5f5f5f5f5f5f5f5f5f5f5f5f5f5f5f5f5f5f5f5f5f5f5f5f5f5f5f5f5f5f5f5f5f5f5f5f0d
RANDOM_RESULT	epitaph	87	5527	1	24470	5710	57656c636f6d65215f5f5f5f5f5f5f5f5f5f5f5f5f5f5f5f5f5f5f5f5f5f5f5f5f5f5f5f5f5f5f5f5f5f5f5f5f5f5f5f5f5f5f5f5f5f5f5f5f5f5f0d
RANDOM_RESULT	epitaph	88	5588	1	24470	5771	5769736820796f7520776572652068657265215f5f5f5f5f5f5f5f5f5f5f5f5f5f5f5f5f5f5f5f5f5f5f5f5f5f5f5f5f5f5f5f5f5f5f5f5f5f5f5f0d
RANDOM_RESULT	epitaph	89	5649	1	24470	5832	5965612c20697420676f74206d6520746f6f5f5f5f5f5f5f5f5f5f5f5f5f5f5f5f5f5f5f5f5f5f5f5f5f5f5f5f5f5f5f5f5f5f5f5f5f5f5f5f5f5f0d
RANDOM_RESULT	epitaph	90	5710	1	24470	5893	596f752073686f756c642073656520746865206f74686572206775795f5f5f5f5f5f5f5f5f5f5f5f5f5f5f5f5f5f5f5f5f5f5f5f5f5f5f5f5f5f5f0d
RANDOM_RESULT	epitaph	91	5771	1	24470	5954	2e2e2e616e642074686579206d616465206d6520656e6772617665206d79206f776e206865616473746f6e6520746f6f215f5f5f5f5f5f5f5f5f5f0d
RANDOM_RESULT	epitaph	92	5832	1	24470	6018	2e2e2e6275742074686520626c6f6f64206861732073746f707065642070756d70696e6720616e64204920616d206c65667420746f2064656361792e2e2e0d
RANDOM_RESULT	epitaph	93	5893	10	24470	6079	3c4578706c65746976652044656c657465643e5f5f5f5f5f5f5f5f5f5f5f5f5f5f5f5f5f5f5f5f5f5f5f5f5f5f5f5f5f5f5f5f5f5f5f5f5f5f5f5f0d
RANDOM_RESULT	epitaph	94	5957	1	24470	6140	41206d61736f6368697374206973206e65766572207361746973666965642e5f5f5f5f5f5f5f5f5f5f5f5f5f5f5f5f5f5f5f5f5f5f5f5f5f5f5f5f0d
RANDOM_RESULT	epitaph	95	6018	1	24470	6201	4163682c202774776173206120776565206d6f6e7374657220696e20746865206c6f63685f5f5f5f5f5f5f5f5f5f5f5f5f5f5f5f5f5f5f5f5f5f5f0d
RANDOM_RESULT	epitaph	96	6079	1	24470	6262	41646170742e2020456e6a6f792e2020537572766976652e5f5f5f5f5f5f5f5f5f5f5f5f5f5f5f5f5f5f5f5f5f5f5f5f5f5f5f5f5f5f5f5f5f5f5f0d
RANDOM_RESULT	epitaph	97	6140	1	24470	6323	416476656e747572652c206861682120204578636974656d656e742c20686168215f5f5f5f5f5f5f5f5f5f5f5f5f5f5f5f5f5f5f5f5f5f5f5f5f5f0d
RANDOM_RESULT	epitaph	98	6201	1	24470	6384	416674657220616c6c2c20776861742061726520667269656e647320666f722e2e2e5f5f5f5f5f5f5f5f5f5f5f5f5f5f5f5f5f5f5f5f5f5f5f5f5f0d
RANDOM_RESULT	epitaph	99	6262	1	24470	6445	416674657220746869732c206e6f7468696e672077696c6c2073686f636b206d655f5f5f5f5f5f5f5f5f5f5f5f5f5f5f5f5f5f5f5f5f5f5f5f5f5f0d
RANDOM_RESULT	epitaph	100	6323	1	24470	6506	416674657220746872656520646179732c206669736820616e6420677565737473207374696e6b5f5f5f5f5f5f5f5f5f5f5f5f5f5f5f5f5f5f5f5f0d
RANDOM_RESULT	epitaph	101	6384	1	24470	6567	41676520616e64207472656163686572792077696c6c20616c77617973206f766572636f6d6520796f75746820616e6420736b696c6c5f5f5f5f5f0d
RANDOM_RESULT	epitaph	102	6445	1	24470	6628	416765696e67206973206e6f7420736f206261642e2020546865207265616c206b696c6c6572206973207768656e20796f752073746f702e5f5f5f0d
RANDOM_RESULT	epitaph	103	6506	1	24470	6689	41696e277420492061207374696e6b65723f5f5f5f5f5f5f5f5f5f5f5f5f5f5f5f5f5f5f5f5f5f5f5f5f5f5f5f5f5f5f5f5f5f5f5f5f5f5f5f5f5f0d
RANDOM_RESULT	epitaph	104	6567	1	24470	6750	416c6765726e6f6e5f5f5f5f5f5f5f5f5f5f5f5f5f5f5f5f5f5f5f5f5f5f5f5f5f5f5f5f5f5f5f5f5f5f5f5f5f5f5f5f5f5f5f5f5f5f5f5f5f5f5f0d
RANDOM_RESULT	epitaph	105	6628	1	24470	6811	416c6c20656c7365206661696c65642e2e2e5f5f5f5f5f5f5f5f5f5f5f5f5f5f5f5f5f5f5f5f5f5f5f5f5f5f5f5f5f5f5f5f5f5f5f5f5f5f5f5f5f0d
RANDOM_RESULT	epitaph	106	6689	1	24470	6872	416c6c206861696c20524e475f5f5f5f5f5f5f5f5f5f5f5f5f5f5f5f5f5f5f5f5f5f5f5f5f5f5f5f5f5f5f5f5f5f5f5f5f5f5f5f5f5f5f5f5f5f5f0d
RANDOM_RESULT	epitaph	107	6750	1	24470	6933	416c6c2072696768742c207765276c6c2063616c6c20697420612064726177215f5f5f5f5f5f5f5f5f5f5f5f5f5f5f5f5f5f5f5f5f5f5f5f5f5f5f0d
RANDOM_RESULT	epitaph	108	6811	1	24470	6994	416c6c27732077656c6c207468617420656e64732077656c6c5f5f5f5f5f5f5f5f5f5f5f5f5f5f5f5f5f5f5f5f5f5f5f5f5f5f5f5f5f5f5f5f5f5f0d
RANDOM_RESULT	epitaph	109	6872	1	24470	7055	416c6f6e65206174206c617374215f5f5f5f5f5f5f5f5f5f5f5f5f5f5f5f5f5f5f5f5f5f5f5f5f5f5f5f5f5f5f5f5f5f5f5f5f5f5f5f5f5f5f5f5f0d
RANDOM_RESULT	epitaph	110	6933	1	24470	7116	416c776179732061747461636b206120666c6f6174696e67206579652066726f6d20626568696e64215f5f5f5f5f5f5f5f5f5f5f5f5f5f5f5f5f5f0d
RANDOM_RESULT	epitaph	111	6994	1	24470	7177	416d204920686176696e672066756e207965743f5f5f5f5f5f5f5f5f5f5f5f5f5f5f5f5f5f5f5f5f5f5f5f5f5f5f5f5f5f5f5f5f5f5f5f5f5f5f5f0d
RANDOM_RESULT	epitaph	112	7055	1	24470	7238	416e6420492063616e207374696c6c20637261776c2c2049276d206e6f74206465616420796574215f5f5f5f5f5f5f5f5f5f5f5f5f5f5f5f5f5f5f0d
RANDOM_RESULT	epitaph	113	7116	1	24470	7299	416e6420616c6c20492077616e7465642077617320612066726565206c756e63685f5f5f5f5f5f5f5f5f5f5f5f5f5f5f5f5f5f5f5f5f5f5f5f5f5f0d
RANDOM_RESULT	epitaph	114	7177	1	24470	7360	416e6420616c6c206f6620746865207369676e732077657265207269676874207468657265206f6e20796f757220666163655f5f5f5f5f5f5f5f5f0d
RANDOM_RESULT	epitaph	115	7238	1	24470	7421	416e6420646f6e27742067697665206d65207468617420696e6e6f63656e74206c6f6f6b20656974686572215f5f5f5f5f5f5f5f5f5f5f5f5f5f5f0d
RANDOM_RESULT	epitaph	116	7299	1	24470	7482	416e642065766572796f6e6520646965642e2020426f6f20686f6f20686f6f2e5f5f5f5f5f5f5f5f5f5f5f5f5f5f5f5f5f5f5f5f5f5f5f5f5f5f5f0d
RANDOM_RESULT	epitaph	117	7360	1	24470	7543	416e642068657265204920676f20616761696e2e2e2e5f5f5f5f5f5f5f5f5f5f5f5f5f5f5f5f5f5f5f5f5f5f5f5f5f5f5f5f5f5f5f5f5f5f5f5f5f0d
RANDOM_RESULT	epitaph	118	7421	1	24470	7604	416e64206e6f626f647920636172657320756e74696c20736f6d65626f64792066616d6f757320646965732e2e2e5f5f5f5f5f5f5f5f5f5f5f5f5f0d
RANDOM_RESULT	epitaph	119	7482	1	24470	7665	416e6420736f20697420656e64733f5f5f5f5f5f5f5f5f5f5f5f5f5f5f5f5f5f5f5f5f5f5f5f5f5f5f5f5f5f5f5f5f5f5f5f5f5f5f5f5f5f5f5f5f0d
RANDOM_RESULT	epitaph	120	7543	1	24470	7726	416e6420736f2e2e2e20697420626567696e732e5f5f5f5f5f5f5f5f5f5f5f5f5f5f5f5f5f5f5f5f5f5f5f5f5f5f5f5f5f5f5f5f5f5f5f5f5f5f5f0d
RANDOM_RESULT	epitaph	121	7604	1	24470	7787	416e6420736f6d6574696d6573207468652062656172206561747320796f752e5f5f5f5f5f5f5f5f5f5f5f5f5f5f5f5f5f5f5f5f5f5f5f5f5f5f5f0d
RANDOM_RESULT	epitaph	122	7665	1	24470	7848	416e64207468656e202765206e61696c6564206d65202765616420746f2074686520666c6f6f72215f5f5f5f5f5f5f5f5f5f5f5f5f5f5f5f5f5f5f0d
RANDOM_RESULT	epitaph	123	7726	1	24470	7909	416e642074686579207361696420697420636f756c646e277420626520646f6e65215f5f5f5f5f5f5f5f5f5f5f5f5f5f5f5f5f5f5f5f5f5f5f5f5f0d
RANDOM_RESULT	epitaph	124	7787	1	24470	7970	416e64207768617420646f2049206c6f6f6b206c696b653f2020546865206c6976696e673f5f5f5f5f5f5f5f5f5f5f5f5f5f5f5f5f5f5f5f5f5f5f0d
RANDOM_RESULT	epitaph	125	7848	1	24470	8031	416e64207965732c2069742077617320414c4c20686973206661756c74215f5f5f5f5f5f5f5f5f5f5f5f5f5f5f5f5f5f5f5f5f5f5f5f5f5f5f5f5f0d
RANDOM_RESULT	epitaph	126	7909	1	24470	8092	416e6420796f752073616964206974207761732070726574747920686572652e2e2e5f5f5f5f5f5f5f5f5f5f5f5f5f5f5f5f5f5f5f5f5f5f5f5f5f0d
RANDOM_RESULT	epitaph	127	7970	1	24470	8153	416e6f74686572206c6f737420736f756c5f5f5f5f5f5f5f5f5f5f5f5f5f5f5f5f5f5f5f5f5f5f5f5f5f5f5f5f5f5f5f5f5f5f5f5f5f5f5f5f5f5f0d
RANDOM_RESULT	epitaph	128	8031	1	24470	8214	416e79206461792061626f76652067726f756e64206973206120676f6f6420646179215f5f5f5f5f5f5f5f5f5f5f5f5f5f5f5f5f5f5f5f5f5f5f5f0d
RANDOM_RESULT	epitaph	129	8092	1	24470	8275	416e79206d6f7265206f66207468697320616e642049276c6c20646965206f662061207374726f6b65206265666f72652049276d2033302e5f5f5f0d
RANDOM_RESULT	epitaph	130	8153	1	24470	8336	416e79626f6479207365656e206d7920686561643f5f5f5f5f5f5f5f5f5f5f5f5f5f5f5f5f5f5f5f5f5f5f5f5f5f5f5f5f5f5f5f5f5f5f5f5f5f5f0d
RANDOM_RESULT	epitaph	131	8214	1	24470	8397	416e796f6e6520666f722064656174686d617463683f5f5f5f5f5f5f5f5f5f5f5f5f5f5f5f5f5f5f5f5f5f5f5f5f5f5f5f5f5f5f5f5f5f5f5f5f5f0d
RANDOM_RESULT	epitaph	132	8275	1	24470	8458	416e797468696e6720666f722061206368616e67652e5f5f5f5f5f5f5f5f5f5f5f5f5f5f5f5f5f5f5f5f5f5f5f5f5f5f5f5f5f5f5f5f5f5f5f5f5f0d
RANDOM_RESULT	epitaph	133	8336	1	24470	8519	416e797468696e672074686174206b696c6c7320796f75206d616b657320796f75202e2e2e2077656c6c2c20646561645f5f5f5f5f5f5f5f5f5f5f0d
RANDOM_RESULT	epitaph	134	8397	1	24470	8580	416e797468696e6720776f72746820646f696e6720697320776f727468206f766572646f696e672e5f5f5f5f5f5f5f5f5f5f5f5f5f5f5f5f5f5f5f0d
RANDOM_RESULT	epitaph	135	8458	1	24470	8641	41726520756e69636f726e7320737570706f7365646c7920706561636566756c20696620796f7527726520612076697267696e3f2020486168215f0d
RANDOM_RESULT	epitaph	136	8519	1	24470	8702	41726520776520616c6c206265696e6720646973696e74656772617465642c206f72206973206974206a757374206d653f5f5f5f5f5f5f5f5f5f5f0d
RANDOM_RESULT	epitaph	137	8580	1	24470	8763	4174206c656173742049276d20676f6f6420617420736f6d657468696e675f5f5f5f5f5f5f5f5f5f5f5f5f5f5f5f5f5f5f5f5f5f5f5f5f5f5f5f5f0d
RANDOM_RESULT	epitaph	138	8641	1	24470	8824	417474656d7074656420737569636964655f5f5f5f5f5f5f5f5f5f5f5f5f5f5f5f5f5f5f5f5f5f5f5f5f5f5f5f5f5f5f5f5f5f5f5f5f5f5f5f5f5f0d
RANDOM_RESULT	epitaph	139	8702	1	24470	8885	417572692073616372612066616d65735f5f5f5f5f5f5f5f5f5f5f5f5f5f5f5f5f5f5f5f5f5f5f5f5f5f5f5f5f5f5f5f5f5f5f5f5f5f5f5f5f5f5f0d
RANDOM_RESULT	epitaph	140	8763	1	24470	8946	417572696275732074656e656f206c7570756d5f5f5f5f5f5f5f5f5f5f5f5f5f5f5f5f5f5f5f5f5f5f5f5f5f5f5f5f5f5f5f5f5f5f5f5f5f5f5f5f0d
RANDOM_RESULT	epitaph	141	8824	1	24470	9007	42652070726570617265645f5f5f5f5f5f5f5f5f5f5f5f5f5f5f5f5f5f5f5f5f5f5f5f5f5f5f5f5f5f5f5f5f5f5f5f5f5f5f5f5f5f5f5f5f5f5f5f0d
RANDOM_RESULT	epitaph	142	8885	1	24470	9068	4265617574792073757276697665735f5f5f5f5f5f5f5f5f5f5f5f5f5f5f5f5f5f5f5f5f5f5f5f5f5f5f5f5f5f5f5f5f5f5f5f5f5f5f5f5f5f5f5f0d
RANDOM_RESULT	epitaph	143	8946	1	24470	9129	4265656e20486572652e20204e6f7720476f6e652e2020486164206120476f6f642054696d652e5f5f5f5f5f5f5f5f5f5f5f5f5f5f5f5f5f5f5f5f0d
RANDOM_RESULT	epitaph	144	9007	1	24470	9190	4265656e207468726f7567682048656c6c2c2065683f2020576861742064696420796f75206272696e67206d653f5f5f5f5f5f5f5f5f5f5f5f5f5f0d
RANDOM_RESULT	epitaph	145	9068	1	24470	9251	42656720796f757220706172646f6e2c206469646e2774207265636f676e697a6520796f752c2049277665206368616e6765642061206c6f742e5f0d
RANDOM_RESULT	epitaph	146	9129	1	24470	9312	4265696e672064656164206275696c6473206368617261637465725f5f5f5f5f5f5f5f5f5f5f5f5f5f5f5f5f5f5f5f5f5f5f5f5f5f5f5f5f5f5f5f0d
RANDOM_RESULT	epitaph	147	9190	1	24470	9373	42656c6f7665642064617567687465722c20612074726561737572652c2062757269656420686572652e5f5f5f5f5f5f5f5f5f5f5f5f5f5f5f5f5f0d
RANDOM_RESULT	epitaph	148	9251	1	24470	9434	4265737420667269656e647320636f6d6520616e6420676f2e2e2e2e20204d696e65206a757374206469652e5f5f5f5f5f5f5f5f5f5f5f5f5f5f5f0d
RANDOM_RESULT	epitaph	149	9312	1	24470	9495	4265747465722062652064656164207468616e20612066617420736c6176655f5f5f5f5f5f5f5f5f5f5f5f5f5f5f5f5f5f5f5f5f5f5f5f5f5f5f5f0d
RANDOM_RESULT	epitaph	150	9373	1	24470	9556	426574746572206c75636b206e6578742074696d655f5f5f5f5f5f5f5f5f5f5f5f5f5f5f5f5f5f5f5f5f5f5f5f5f5f5f5f5f5f5f5f5f5f5f5f5f5f0d
RANDOM_RESULT	epitaph	151	9434	1	24470	9617	426577617265206f6620446973636f726469616e732062656172696e6720616e73776572735f5f5f5f5f5f5f5f5f5f5f5f5f5f5f5f5f5f5f5f5f5f0d
RANDOM_RESULT	epitaph	152	9495	1	24470	9678	42657761726520746865202e2e2e5f5f5f5f5f5f5f5f5f5f5f5f5f5f5f5f5f5f5f5f5f5f5f5f5f5f5f5f5f5f5f5f5f5f5f5f5f5f5f5f5f5f5f5f5f0d
RANDOM_RESULT	epitaph	153	9556	1	24470	9739	426c6f6f64792048656c6c2e2e2e5f5f5f5f5f5f5f5f5f5f5f5f5f5f5f5f5f5f5f5f5f5f5f5f5f5f5f5f5f5f5f5f5f5f5f5f5f5f5f5f5f5f5f5f5f0d
RANDOM_RESULT	epitaph	154	9617	1	24470	9800	426c6f6f64792062617262617269616e73215f5f5f5f5f5f5f5f5f5f5f5f5f5f5f5f5f5f5f5f5f5f5f5f5f5f5f5f5f5f5f5f5f5f5f5f5f5f5f5f5f0d
RANDOM_RESULT	epitaph	155	9678	1	24470	9862	426c6f776e20757077617264206f7574206f662073696768743a20486520736f7567687420746865206c65616b2062792063616e646c656c696768740d
RANDOM_RESULT	epitaph	156	9739	10	24470	9923	427261696e732e2e2e20427261696e732e2e2e2046726573682068756d616e20627261696e732e2e2e5f5f5f5f5f5f5f5f5f5f5f5f5f5f5f5f5f5f0d
RANDOM_RESULT	epitaph	157	9801	1	24470	9984	42757269656420746865206361742e2020546f6f6b20616e20686f75722e202044616d6e207468696e67206b657074206669676874696e672e5f5f0d
RANDOM_RESULT	epitaph	158	9862	1	24470	10045	42757420492064697361726d6564207468652074726170215f5f5f5f5f5f5f5f5f5f5f5f5f5f5f5f5f5f5f5f5f5f5f5f5f5f5f5f5f5f5f5f5f5f5f0d
RANDOM_RESULT	epitaph	159	9923	1	24470	10106	434f4e4e4543542031393634202d204e4f204341525249455220313939345f5f5f5f5f5f5f5f5f5f5f5f5f5f5f5f5f5f5f5f5f5f5f5f5f5f5f5f5f0d
RANDOM_RESULT	epitaph	160	9984	1	24470	10167	43616c6c206d6520696620796f75206e656564206d792070686f6e65206e756d626572215f5f5f5f5f5f5f5f5f5f5f5f5f5f5f5f5f5f5f5f5f5f5f0d
RANDOM_RESULT	epitaph	161	10045	1	24470	10228	43616e20594f5520666c793f5f5f5f5f5f5f5f5f5f5f5f5f5f5f5f5f5f5f5f5f5f5f5f5f5f5f5f5f5f5f5f5f5f5f5f5f5f5f5f5f5f5f5f5f5f5f5f0d
RANDOM_RESULT	epitaph	162	10106	1	24470	10289	43616e20796f752062656c696576652074686174207468696e67206973205354494c4c206d6f76696e673f5f5f5f5f5f5f5f5f5f5f5f5f5f5f5f5f0d
RANDOM_RESULT	epitaph	163	10167	1	24470	10350	43616e20796f7520636f6d65207570207769746820736f6d652062657474657220656e64696e6720666f7220746869733f5f5f5f5f5f5f5f5f5f5f0d
RANDOM_RESULT	epitaph	164	10228	1	24470	10411	43616e20796f75206665656c20616e797468696e67207768656e204920646f20746869733f5f5f5f5f5f5f5f5f5f5f5f5f5f5f5f5f5f5f5f5f5f5f0d
RANDOM_RESULT	epitaph	165	10289	1	24470	10474	43616e20796f752067697665206d65206d6f75746820746f206d6f7574682c20796f75206a75737420746f6f6b206d792062726561746820617761792e0d
RANDOM_RESULT	epitaph	166	10350	10	24470	10535	43616e27742049206a75737420686176652061204c4954544c4520706572696c3f5f5f5f5f5f5f5f5f5f5f5f5f5f5f5f5f5f5f5f5f5f5f5f5f5f5f0d
RANDOM_RESULT	epitaph	167	10413	1	24470	10596	43616e2774206561742c2063616e277420736c6565702c2068616420746f2062757279207468652068757362616e6420686572652e5f5f5f5f5f5f0d
RANDOM_RESULT	epitaph	168	10474	1	24470	10657	43616e277420796f7520686974206d653f215f5f5f5f5f5f5f5f5f5f5f5f5f5f5f5f5f5f5f5f5f5f5f5f5f5f5f5f5f5f5f5f5f5f5f5f5f5f5f5f5f0d
RANDOM_RESULT	epitaph	169	10535	1	24470	10718	4368616f732c2070616e696320616e64206469736f726465722e20204d7920776f726b206865726520697320646f6e652e5f5f5f5f5f5f5f5f5f5f0d
RANDOM_RESULT	epitaph	170	10596	1	24470	10779	436865636b20656e636c6f7365642e5f5f5f5f5f5f5f5f5f5f5f5f5f5f5f5f5f5f5f5f5f5f5f5f5f5f5f5f5f5f5f5f5f5f5f5f5f5f5f5f5f5f5f5f0d
RANDOM_RESULT	epitaph	171	10657	1	24470	10840	436865636b2074686973206f757421202049742773206d7920627261696e215f5f5f5f5f5f5f5f5f5f5f5f5f5f5f5f5f5f5f5f5f5f5f5f5f5f5f5f0d
RANDOM_RESULT	epitaph	172	10718	1	24470	10901	43686976616c7279206973206f6e6c7920726561736f6e61626c7920646561645f5f5f5f5f5f5f5f5f5f5f5f5f5f5f5f5f5f5f5f5f5f5f5f5f5f5f0d
RANDOM_RESULT	epitaph	173	10779	1	24470	10962	436f6666696e20666f722073616c652e20204c69666574696d652067756172616e7465652e5f5f5f5f5f5f5f5f5f5f5f5f5f5f5f5f5f5f5f5f5f5f0d
RANDOM_RESULT	epitaph	174	10840	1	24470	11023	436f6d65204d6f6e6461792c2049276c6c20626520616c6c2072696768742e5f5f5f5f5f5f5f5f5f5f5f5f5f5f5f5f5f5f5f5f5f5f5f5f5f5f5f5f0d
RANDOM_RESULT	epitaph	175	10901	1	24470	11084	436f6d6520616e6420736565207468652076696f6c656e636520696e686572656e7420696e207468652073797374656d5f5f5f5f5f5f5f5f5f5f5f0d
RANDOM_RESULT	epitaph	176	10962	1	24470	11145	436f6d65206261636b206865726521202049276c6c206269746520796f757220626c6f6f6479206b6e656573206f6666215f5f5f5f5f5f5f5f5f5f0d
RANDOM_RESULT	epitaph	177	11023	1	24470	11206	436f6d6d6f646f726520427573696e657373204d616368696e65732c20496e632e20204469656420666f72206f75722073696e732e5f5f5f5f5f5f0d
RANDOM_RESULT	epitaph	178	11084	1	24470	11267	436f6d706c61696e20746f206f6e652077686f2063616e2068656c7020796f755f5f5f5f5f5f5f5f5f5f5f5f5f5f5f5f5f5f5f5f5f5f5f5f5f5f5f0d
RANDOM_RESULT	epitaph	179	11145	1	24470	11328	436f6e66657373206d792073696e7320746f20676f643f20205768696368206f6e653f5f5f5f5f5f5f5f5f5f5f5f5f5f5f5f5f5f5f5f5f5f5f5f5f0d
RANDOM_RESULT	epitaph	180	11206	1	24470	11389	436f6e667573696f6e2077696c6c206265206d7920657069746170685f5f5f5f5f5f5f5f5f5f5f5f5f5f5f5f5f5f5f5f5f5f5f5f5f5f5f5f5f5f5f0d
RANDOM_RESULT	epitaph	181	11267	1	24470	11450	436f6f746965733f202041696e2774206e6f20636f6f74696573206f6e206d65215f5f5f5f5f5f5f5f5f5f5f5f5f5f5f5f5f5f5f5f5f5f5f5f5f5f0d
RANDOM_RESULT	epitaph	182	11328	1	24470	11511	436f756c6420736f6d65626f6479206765742074686973206e6f6f7365206f6666206d653f5f5f5f5f5f5f5f5f5f5f5f5f5f5f5f5f5f5f5f5f5f5f0d
RANDOM_RESULT	epitaph	183	11389	1	24470	11572	436f756c6420796f7520636865636b20616761696e3f20204d79206e616d65204d5553542062652074686572652e5f5f5f5f5f5f5f5f5f5f5f5f5f0d
RANDOM_RESULT	epitaph	184	11450	1	24470	11633	436f756c6420796f7520706c656173652074616b65206120627265617468206d696e743f5f5f5f5f5f5f5f5f5f5f5f5f5f5f5f5f5f5f5f5f5f5f5f0d
RANDOM_RESULT	epitaph	185	11511	1	24470	11694	436f756c646e27742049206265207365646174656420666f7220746869733f5f5f5f5f5f5f5f5f5f5f5f5f5f5f5f5f5f5f5f5f5f5f5f5f5f5f5f5f0d
RANDOM_RESULT	epitaph	186	11572	1	24470	11755	436f7572616765206973206c6f6f6b696e6720617420796f7572207365746261636b73207769746820736572656e6974795f5f5f5f5f5f5f5f5f5f0d
RANDOM_RESULT	epitaph	187	11633	1	24470	11816	436f766572206d652c2049276d20676f696e6720696e215f5f5f5f5f5f5f5f5f5f5f5f5f5f5f5f5f5f5f5f5f5f5f5f5f5f5f5f5f5f5f5f5f5f5f5f0d
RANDOM_RESULT	epitaph	188	11694	1	24470	11877	437261736820636f7572736520696e20627261696e20737572676572795f5f5f5f5f5f5f5f5f5f5f5f5f5f5f5f5f5f5f5f5f5f5f5f5f5f5f5f5f5f0d
RANDOM_RESULT	epitaph	189	11755	1	24470	11938	43726f7373206d792066696e6765727320666f72206d652e5f5f5f5f5f5f5f5f5f5f5f5f5f5f5f5f5f5f5f5f5f5f5f5f5f5f5f5f5f5f5f5f5f5f5f0d
RANDOM_RESULT	epitaph	190	11816	1	24470	11999	437572736520676f6420616e64206469655f5f5f5f5f5f5f5f5f5f5f5f5f5f5f5f5f5f5f5f5f5f5f5f5f5f5f5f5f5f5f5f5f5f5f5f5f5f5f5f5f5f0d
RANDOM_RESULT	epitaph	191	11877	1	24470	12060	43757420746f206669745f5f5f5f5f5f5f5f5f5f5f5f5f5f5f5f5f5f5f5f5f5f5f5f5f5f5f5f5f5f5f5f5f5f5f5f5f5f5f5f5f5f5f5f5f5f5f5f5f0d
RANDOM_RESULT	epitaph	192	11938	1	24470	12121	4465274174685f5f5f5f5f5f5f5f5f5f5f5f5f5f5f5f5f5f5f5f5f5f5f5f5f5f5f5f5f5f5f5f5f5f5f5f5f5f5f5f5f5f5f5f5f5f5f5f5f5f5f5f5f0d
RANDOM_RESULT	epitaph	193	11999	1	24470	12186	4465616420416761696e3f2020506172646f6e206d6520666f72206e6f742067657474696e67206974207269676874207468652066697273742074696d65210d
RANDOM_RESULT	epitaph	194	12060	10	24470	12247	4465616420616e64206c6f76696e67206576657279206d6f6d656e74215f5f5f5f5f5f5f5f5f5f5f5f5f5f5f5f5f5f5f5f5f5f5f5f5f5f5f5f5f5f0d
RANDOM_RESULT	epitaph	195	12125	1	24470	12320	446561722077696665206f66206d696e652e202044696564206f6620612062726f6b656e2068656172742c206166746572204920746f6f6b206974206f7574206f66206865722e0d
RANDOM_RESULT	epitaph	196	12186	10	24470	12381	446f6e2774207472656164206f6e206d65215f5f5f5f5f5f5f5f5f5f5f5f5f5f5f5f5f5f5f5f5f5f5f5f5f5f5f5f5f5f5f5f5f5f5f5f5f5f5f5f5f0d
RANDOM_RESULT	epitaph	197	12259	1	24470	12442	447261676f6e3f205768617420647261676f6e3f5f5f5f5f5f5f5f5f5f5f5f5f5f5f5f5f5f5f5f5f5f5f5f5f5f5f5f5f5f5f5f5f5f5f5f5f5f5f5f0d
RANDOM_RESULT	epitaph	198	12320	1	24470	12503	447261776e20616e64207175617274657265645f5f5f5f5f5f5f5f5f5f5f5f5f5f5f5f5f5f5f5f5f5f5f5f5f5f5f5f5f5f5f5f5f5f5f5f5f5f5f5f0d
RANDOM_RESULT	epitaph	199	12381	1	24470	12564	4569746865722049276d2064656164206f72206d79207761746368206861732073746f707065642e5f5f5f5f5f5f5f5f5f5f5f5f5f5f5f5f5f5f5f0d
RANDOM_RESULT	epitaph	200	12442	1	24470	12625	456c697a61202d2d205761732049207265616c6c7920616c6976652c206f72206469642049206a757374207468696e6b2049207761733f5f5f5f5f0d
RANDOM_RESULT	epitaph	201	12503	1	24470	12686	456c7669735f5f5f5f5f5f5f5f5f5f5f5f5f5f5f5f5f5f5f5f5f5f5f5f5f5f5f5f5f5f5f5f5f5f5f5f5f5f5f5f5f5f5f5f5f5f5f5f5f5f5f5f5f5f0d
RANDOM_RESULT	epitaph	202	12564	1	24470	12747	456e746572206e6f7420696e746f207468652070617468206f6620746865207769636b65645f5f5f5f5f5f5f5f5f5f5f5f5f5f5f5f5f5f5f5f5f5f0d
RANDOM_RESULT	epitaph	203	12625	1	24470	12808	457269733f20204920646f6e2774206e65656420457269735f5f5f5f5f5f5f5f5f5f5f5f5f5f5f5f5f5f5f5f5f5f5f5f5f5f5f5f5f5f5f5f5f5f5f0d
RANDOM_RESULT	epitaph	204	12686	1	24470	12869	457465726e616c2044616d6e6174696f6e2c20436f6d6520616e6420737461792061206c6f6e67207768696c65215f5f5f5f5f5f5f5f5f5f5f5f5f0d
RANDOM_RESULT	epitaph	205	12747	1	24470	12930	4576656e205468652044656164207061792074617865732028616e642074686579206172656e277420477261746566756c292e5f5f5f5f5f5f5f5f0d
RANDOM_RESULT	epitaph	206	12808	1	24470	12991	4576656e206120746f6d622073746f6e652077696c6c2073617920676f6f64207468696e6773207768656e20796f7527726520646f776e215f5f5f0d
RANDOM_RESULT	epitaph	207	12869	1	24470	13052	45766572206e6f746963652074686174206c697665206973206576696c206261636b77617264733f5f5f5f5f5f5f5f5f5f5f5f5f5f5f5f5f5f5f5f0d
RANDOM_RESULT	epitaph	208	12930	1	24470	13113	457665727920646179206973207374617274696e6720746f206c6f6f6b206c696b65204d6f6e6461795f5f5f5f5f5f5f5f5f5f5f5f5f5f5f5f5f5f0d
RANDOM_RESULT	epitaph	209	12991	1	24470	13174	4576657279206461792c20696e206576657279207761792c204920616d2067657474696e672062657474657220616e64206265747465722e5f5f5f0d
RANDOM_RESULT	epitaph	210	13052	1	24470	13235	457665727920737572766976616c206b69742073686f756c6420696e636c75646520612073656e7365206f662068756d6f725f5f5f5f5f5f5f5f5f0d
RANDOM_RESULT	epitaph	211	13113	1	24470	13296	4576696c204920646964206477656c6c3b20206c657764206469642049206c6976655f5f5f5f5f5f5f5f5f5f5f5f5f5f5f5f5f5f5f5f5f5f5f5f5f0d
RANDOM_RESULT	epitaph	212	13174	1	24470	13357	457820706f737420667563746f5f5f5f5f5f5f5f5f5f5f5f5f5f5f5f5f5f5f5f5f5f5f5f5f5f5f5f5f5f5f5f5f5f5f5f5f5f5f5f5f5f5f5f5f5f5f0d
RANDOM_RESULT	epitaph	213	13235	1	24470	13418	457863656c6c656e742064617920746f2068617665206120726f7474656e206461792e5f5f5f5f5f5f5f5f5f5f5f5f5f5f5f5f5f5f5f5f5f5f5f5f0d
RANDOM_RESULT	epitaph	214	13296	1	24470	13479	457863757365206d6520666f72206e6f74207374616e64696e672075702e5f5f5f5f5f5f5f5f5f5f5f5f5f5f5f5f5f5f5f5f5f5f5f5f5f5f5f5f5f0d
RANDOM_RESULT	epitaph	215	13357	1	24470	13540	457870657269656e63652069736e27742065766572797468696e672e202046697273742c20796f7527766520676f7420746f20737572766976652e0d
RANDOM_RESULT	epitaph	216	13418	1	24470	13601	4669727374207368616c742074686f752070756c6c206f75742074686520486f6c792050696e5f5f5f5f5f5f5f5f5f5f5f5f5f5f5f5f5f5f5f5f5f0d
RANDOM_RESULT	epitaph	217	13479	1	24470	13662	466f722061204272656174682c20492054617272792e2e2e5f5f5f5f5f5f5f5f5f5f5f5f5f5f5f5f5f5f5f5f5f5f5f5f5f5f5f5f5f5f5f5f5f5f5f0d
RANDOM_RESULT	epitaph	218	13540	1	24470	13723	466f722072656372656174696f6e616c20757365206f6e6c792e5f5f5f5f5f5f5f5f5f5f5f5f5f5f5f5f5f5f5f5f5f5f5f5f5f5f5f5f5f5f5f5f5f0d
RANDOM_RESULT	epitaph	219	13601	1	24470	13784	466f722073616c653a204f6e6520736f756c2c20736c696768746c7920757365642e202041736b696e6720666f722033207769736865732e5f5f5f0d
RANDOM_RESULT	epitaph	220	13662	1	24470	13845	466f7220736f6d65206d6f6d656e747320696e206c6966652c20746865726520617265206e6f20776f7264732e5f5f5f5f5f5f5f5f5f5f5f5f5f5f0d
RANDOM_RESULT	epitaph	221	13723	1	24470	13906	466f72676574204469736e657920576f726c642c2049276d20676f696e6720746f2048656c6c215f5f5f5f5f5f5f5f5f5f5f5f5f5f5f5f5f5f5f5f0d
RANDOM_RESULT	epitaph	222	13784	1	24470	13967	466f726765742061626f75742074686520646f672c20426577617265206f66206d7920776966652e5f5f5f5f5f5f5f5f5f5f5f5f5f5f5f5f5f5f5f0d
RANDOM_RESULT	epitaph	223	13845	1	24470	14028	46756e6572616c202d205265616c2066756e2e5f5f5f5f5f5f5f5f5f5f5f5f5f5f5f5f5f5f5f5f5f5f5f5f5f5f5f5f5f5f5f5f5f5f5f5f5f5f5f5f0d
RANDOM_RESULT	epitaph	224	13906	1	24470	14089	476177642c20697427732064657072657373696e6720696e20686572652c2069736e27742069743f5f5f5f5f5f5f5f5f5f5f5f5f5f5f5f5f5f5f5f0d
RANDOM_RESULT	epitaph	225	13967	1	24470	14150	47656e75696e65204578706c6f64696e6720477261766573746f6e652e202028632941636d6520477261766573746f6e657320496e632e5f5f5f5f0d
RANDOM_RESULT	epitaph	226	14028	1	24470	14211	476574206261636b206865726521202049276d206e6f742066696e6973686564207965742e2e2e5f5f5f5f5f5f5f5f5f5f5f5f5f5f5f5f5f5f5f5f0d
RANDOM_RESULT	epitaph	227	14089	1	24470	14272	476f2061686561642c2049206461726520796f7520746f215f5f5f5f5f5f5f5f5f5f5f5f5f5f5f5f5f5f5f5f5f5f5f5f5f5f5f5f5f5f5f5f5f5f5f0d
RANDOM_RESULT	epitaph	228	14150	1	24470	14333	476f2061686561642c20697427732065697468657220796f75206f722068696d2e5f5f5f5f5f5f5f5f5f5f5f5f5f5f5f5f5f5f5f5f5f5f5f5f5f5f0d
RANDOM_RESULT	epitaph	229	14211	1	24470	14394	476f6c64696c6f636b73202d2d2054686973206361736b6574206973206a7573742072696768745f5f5f5f5f5f5f5f5f5f5f5f5f5f5f5f5f5f5f5f0d
RANDOM_RESULT	epitaph	230	14272	1	24470	14455	476f6e6520427574204e6f7420466f72676f7474656e5f5f5f5f5f5f5f5f5f5f5f5f5f5f5f5f5f5f5f5f5f5f5f5f5f5f5f5f5f5f5f5f5f5f5f5f5f0d
RANDOM_RESULT	epitaph	231	14333	1	24470	14516	476f6e6520556e64657267726f756e6420466f7220476f6f645f5f5f5f5f5f5f5f5f5f5f5f5f5f5f5f5f5f5f5f5f5f5f5f5f5f5f5f5f5f5f5f5f5f0d
RANDOM_RESULT	epitaph	232	14394	1	24470	14577	476f6e652061776179206f77696e27206d6f7265207468616e20686520636f756c64207061792e5f5f5f5f5f5f5f5f5f5f5f5f5f5f5f5f5f5f5f5f0d
RANDOM_RESULT	epitaph	233	14455	1	24470	14638	476f6e652c20627574206e6f7420666f72676976656e5f5f5f5f5f5f5f5f5f5f5f5f5f5f5f5f5f5f5f5f5f5f5f5f5f5f5f5f5f5f5f5f5f5f5f5f5f0d
RANDOM_RESULT	epitaph	234	14516	1	24470	14699	476f742061206c6966652e20204469646e2774206b6e6f77207768617420746f20646f20776974682069742e5f5f5f5f5f5f5f5f5f5f5f5f5f5f5f0d
RANDOM_RESULT	epitaph	235	14577	1	24470	14760	47726176653f2020427574204920776173206372656d61746564215f5f5f5f5f5f5f5f5f5f5f5f5f5f5f5f5f5f5f5f5f5f5f5f5f5f5f5f5f5f5f5f0d
RANDOM_RESULT	epitaph	236	14638	1	24470	14821	4772656574696e67732066726f6d2048656c6c202d205769736820796f75207765726520686572652e5f5f5f5f5f5f5f5f5f5f5f5f5f5f5f5f5f5f0d
RANDOM_RESULT	epitaph	237	14699	1	24470	14882	48454c50212049742773206461726b20696e20686572652e2e2e2e20204f682c206d7920657965732061726520636c6f736564202d20736f7272790d
RANDOM_RESULT	epitaph	238	14760	1	24470	14943	4861212049204e455645522070617920696e636f6d6520746178215f5f5f5f5f5f5f5f5f5f5f5f5f5f5f5f5f5f5f5f5f5f5f5f5f5f5f5f5f5f5f5f0d
RANDOM_RESULT	epitaph	239	14821	1	24470	15004	4861766520796f7520636f6d6520746f2072616973652074686520646561643f5f5f5f5f5f5f5f5f5f5f5f5f5f5f5f5f5f5f5f5f5f5f5f5f5f5f5f0d
RANDOM_RESULT	epitaph	240	14882	1	24470	15065	486176696e67206120676f6f642074696d652063616e20626520646561646c792e5f5f5f5f5f5f5f5f5f5f5f5f5f5f5f5f5f5f5f5f5f5f5f5f5f5f0d
RANDOM_RESULT	epitaph	241	14943	1	24470	15126	486176696e6720612067726561742074696d652e2020576865726520616d20492065786163746c793f3f5f5f5f5f5f5f5f5f5f5f5f5f5f5f5f5f5f0d
RANDOM_RESULT	epitaph	242	15004	1	24470	15187	48652064696564206f662074686520666c75782e5f5f5f5f5f5f5f5f5f5f5f5f5f5f5f5f5f5f5f5f5f5f5f5f5f5f5f5f5f5f5f5f5f5f5f5f5f5f5f0d
RANDOM_RESULT	epitaph	243	15065	1	24470	15248	4865206469656420746f6461792e2e2e2e20204d6179207765207265737420696e207065616365215f5f5f5f5f5f5f5f5f5f5f5f5f5f5f5f5f5f5f0d
RANDOM_RESULT	epitaph	244	15126	1	24470	15309	486520676f7420746865207570736964652c204920676f742074686520646f776e736964652e5f5f5f5f5f5f5f5f5f5f5f5f5f5f5f5f5f5f5f5f5f0d
RANDOM_RESULT	epitaph	245	15187	1	24470	15370	4865206c6f7374206869732066616365207768656e206865207761732062656865616465642e5f5f5f5f5f5f5f5f5f5f5f5f5f5f5f5f5f5f5f5f5f0d
RANDOM_RESULT	epitaph	246	15248	1	24470	15431	4865206d6973736564206d652066697273742e5f5f5f5f5f5f5f5f5f5f5f5f5f5f5f5f5f5f5f5f5f5f5f5f5f5f5f5f5f5f5f5f5f5f5f5f5f5f5f5f0d
RANDOM_RESULT	epitaph	247	15309	1	24470	15492	48652773206e6f7420646561642c206865206a75737420736d656c6c732074686174207761792e5f5f5f5f5f5f5f5f5f5f5f5f5f5f5f5f5f5f5f5f0d
RANDOM_RESULT	epitaph	248	15370	1	24470	15553	48656c702120492776652066616c6c656e20616e6420492063616e277420676574207570215f5f5f5f5f5f5f5f5f5f5f5f5f5f5f5f5f5f5f5f5f5f0d
RANDOM_RESULT	epitaph	249	15431	1	24470	15614	48656c702c20492063616e27742077616b65207570215f5f5f5f5f5f5f5f5f5f5f5f5f5f5f5f5f5f5f5f5f5f5f5f5f5f5f5f5f5f5f5f5f5f5f5f5f0d
RANDOM_RESULT	epitaph	250	15492	1	24470	15675	48657265206c6965732050696e6f636368696f5f5f5f5f5f5f5f5f5f5f5f5f5f5f5f5f5f5f5f5f5f5f5f5f5f5f5f5f5f5f5f5f5f5f5f5f5f5f5f5f0d
RANDOM_RESULT	epitaph	251	15553	1	24470	15740	48657265206c6965732074686520626f6479206f66204a6f686e20526f756e642e20204c6f73742061742073656120616e64206e6576657220666f756e642e0d
RANDOM_RESULT	epitaph	252	15614	10	24470	15801	4865726520746865726520626520647261676f6e735f5f5f5f5f5f5f5f5f5f5f5f5f5f5f5f5f5f5f5f5f5f5f5f5f5f5f5f5f5f5f5f5f5f5f5f5f5f0d
RANDOM_RESULT	epitaph	253	15679	1	24470	15862	4865792c2049206469646e27742077726974652074686973207374756666215f5f5f5f5f5f5f5f5f5f5f5f5f5f5f5f5f5f5f5f5f5f5f5f5f5f5f5f0d
RANDOM_RESULT	epitaph	254	15740	1	24470	15923	486f646965206d6968692c206372617320746962695f5f5f5f5f5f5f5f5f5f5f5f5f5f5f5f5f5f5f5f5f5f5f5f5f5f5f5f5f5f5f5f5f5f5f5f5f5f0d
RANDOM_RESULT	epitaph	255	15801	1	24470	15984	486f6c64206d792063616c6c735f5f5f5f5f5f5f5f5f5f5f5f5f5f5f5f5f5f5f5f5f5f5f5f5f5f5f5f5f5f5f5f5f5f5f5f5f5f5f5f5f5f5f5f5f5f0d
RANDOM_RESULT	epitaph	256	15862	1	24470	16045	486f6d652053776565742048656c6c5f5f5f5f5f5f5f5f5f5f5f5f5f5f5f5f5f5f5f5f5f5f5f5f5f5f5f5f5f5f5f5f5f5f5f5f5f5f5f5f5f5f5f5f0d
RANDOM_RESULT	epitaph	257	15923	1	24470	16106	48756d7074792044756d7074792c206120426164204567672e202048652077617320707573686564206f6666207468652077616c6c2e5f5f5f5f5f0d
RANDOM_RESULT	epitaph	258	15984	1	24470	16167	49204b4e4557207468697320776f756c642068617070656e2069662049206c69766564206c6f6e6720656e6f7567682e5f5f5f5f5f5f5f5f5f5f5f0d
RANDOM_RESULT	epitaph	259	16045	1	24470	16228	4920544f4c4420796f75204920776173207369636b215f5f5f5f5f5f5f5f5f5f5f5f5f5f5f5f5f5f5f5f5f5f5f5f5f5f5f5f5f5f5f5f5f5f5f5f5f0d
RANDOM_RESULT	epitaph	260	16106	1	24470	16289	492061696e27742062726f6b6520627574204920616d206261646c792062656e742e5f5f5f5f5f5f5f5f5f5f5f5f5f5f5f5f5f5f5f5f5f5f5f5f5f0d
RANDOM_RESULT	epitaph	261	16167	1	24470	16350	492061696e2774206f6c642e202049276d206368726f6e6f6c6f676963616c6c7920616476616e74616765642e5f5f5f5f5f5f5f5f5f5f5f5f5f5f0d
RANDOM_RESULT	epitaph	262	16228	1	24470	16411	4920616d204e4f5420612076616d706972652e202049206a757374206c696b6520746f20626974652e2e6e6962626c652c207265616c6c79215f5f0d
RANDOM_RESULT	epitaph	263	16289	1	24470	16472	4920616d20686572652e20205769736820796f7520776572652066696e652e5f5f5f5f5f5f5f5f5f5f5f5f5f5f5f5f5f5f5f5f5f5f5f5f5f5f5f5f0d
RANDOM_RESULT	epitaph	264	16350	1	24470	16533	4920616d206e6f742064656164207965742c2062757420776174636820666f722066757274686572207265706f7274732e5f5f5f5f5f5f5f5f5f5f0d
RANDOM_RESULT	epitaph	265	16411	1	24470	16594	492062656c69657665207468656d20626f6e657320617265206d652e5f5f5f5f5f5f5f5f5f5f5f5f5f5f5f5f5f5f5f5f5f5f5f5f5f5f5f5f5f5f5f0d
RANDOM_RESULT	epitaph	266	16472	1	24470	16655	492062726f6b652068697320627261696e2e5f5f5f5f5f5f5f5f5f5f5f5f5f5f5f5f5f5f5f5f5f5f5f5f5f5f5f5f5f5f5f5f5f5f5f5f5f5f5f5f5f0d
RANDOM_RESULT	epitaph	267	16533	1	24470	16716	492063616e206665656c2069742e20204d79206d696e642e20204974277320676f696e672e2020492063616e206665656c2069742e5f5f5f5f5f5f0d
RANDOM_RESULT	epitaph	268	16594	1	24470	16777	492063616e277420676f20746f2048656c6c2e202054686579277265206166726169642049276d20676f6e6e612074616b65206f766572215f5f5f0d
RANDOM_RESULT	epitaph	269	16655	1	24470	16838	492063616e277420676f20746f2068656c6c2c207468657920646f6e27742077616e74206d652e5f5f5f5f5f5f5f5f5f5f5f5f5f5f5f5f5f5f5f5f0d
RANDOM_RESULT	epitaph	270	16716	1	24470	16899	49206469646e27742062656c6965766520696e207265696e6361726e6174696f6e20746865206c6173742074696d652c206569746865722e5f5f5f0d
RANDOM_RESULT	epitaph	271	16777	1	24470	16960	49206469646e2774206d65616e206974207768656e20492073616964202742697465206d65275f5f5f5f5f5f5f5f5f5f5f5f5f5f5f5f5f5f5f5f5f0d
RANDOM_RESULT	epitaph	272	16838	1	24470	17021	492064696564206c61756768696e675f5f5f5f5f5f5f5f5f5f5f5f5f5f5f5f5f5f5f5f5f5f5f5f5f5f5f5f5f5f5f5f5f5f5f5f5f5f5f5f5f5f5f5f0d
RANDOM_RESULT	epitaph	273	16899	1	24470	17082	492064697362656c696576656420696e207265696e6361726e6174696f6e20696e206d79206c617374206c6966652c20746f6f2e5f5f5f5f5f5f5f0d
RANDOM_RESULT	epitaph	274	16960	1	24470	17143	49206861636b6564206d7973656c6620746f2064656174685f5f5f5f5f5f5f5f5f5f5f5f5f5f5f5f5f5f5f5f5f5f5f5f5f5f5f5f5f5f5f5f5f5f5f0d
RANDOM_RESULT	epitaph	275	17021	1	24470	17204	49206861766520616c6c207468652074696d6520696e2074686520776f726c645f5f5f5f5f5f5f5f5f5f5f5f5f5f5f5f5f5f5f5f5f5f5f5f5f5f5f0d
RANDOM_RESULT	epitaph	276	17082	1	24470	17265	4920686176652072656163686564204d696e65277320456e645f5f5f5f5f5f5f5f5f5f5f5f5f5f5f5f5f5f5f5f5f5f5f5f5f5f5f5f5f5f5f5f5f5f0d
RANDOM_RESULT	epitaph	277	17143	1	24470	17326	49206b6e6577204927642066696e6420612075736520666f72207468697320677261766573746f6e65215f5f5f5f5f5f5f5f5f5f5f5f5f5f5f5f5f0d
RANDOM_RESULT	epitaph	278	17204	1	24470	17387	49206b6e6f77206d79206d696e642e2020416e6420697427732061726f756e64206865726520736f6d65706c6163652e5f5f5f5f5f5f5f5f5f5f5f0d
RANDOM_RESULT	epitaph	279	17265	1	24470	17448	49206c69656421202049276c6c206e6576657220626520616c7269676874215f5f5f5f5f5f5f5f5f5f5f5f5f5f5f5f5f5f5f5f5f5f5f5f5f5f5f5f0d
RANDOM_RESULT	epitaph	280	17326	1	24470	17509	49206c696b652069742062657474657220696e20746865206461726b2e5f5f5f5f5f5f5f5f5f5f5f5f5f5f5f5f5f5f5f5f5f5f5f5f5f5f5f5f5f5f0d
RANDOM_RESULT	epitaph	281	17387	1	24470	17570	49206c696b6520746f2062652068657265207768656e20492063616e2e5f5f5f5f5f5f5f5f5f5f5f5f5f5f5f5f5f5f5f5f5f5f5f5f5f5f5f5f5f5f0d
RANDOM_RESULT	epitaph	282	17448	1	24470	17631	49206d617920726973652062757420492072656675736520746f207368696e652e5f5f5f5f5f5f5f5f5f5f5f5f5f5f5f5f5f5f5f5f5f5f5f5f5f5f0d
RANDOM_RESULT	epitaph	283	17509	1	24470	17692	49206e657665722067657420616e79206569746865722e5f5f5f5f5f5f5f5f5f5f5f5f5f5f5f5f5f5f5f5f5f5f5f5f5f5f5f5f5f5f5f5f5f5f5f5f0d
RANDOM_RESULT	epitaph	284	17570	1	24470	17753	492073616964206869742048494d207769746820746865206669726562616c6c2c206e6f74206d65215f5f5f5f5f5f5f5f5f5f5f5f5f5f5f5f5f5f0d
RANDOM_RESULT	epitaph	285	17631	1	24470	17814	4920746f6c6420796f75204920776f756c64206e657665722073617920676f6f646279652e5f5f5f5f5f5f5f5f5f5f5f5f5f5f5f5f5f5f5f5f5f5f0d
RANDOM_RESULT	epitaph	286	17692	1	24470	17875	49207573656420746f20626520616d7573696e672e20204e6f772049276d206a7573742064697367757374696e672e5f5f5f5f5f5f5f5f5f5f5f5f0d
RANDOM_RESULT	epitaph	287	17753	1	24470	17936	49207573656420757020616c6c206d79207369636b20646179732c20736f206e6f772049276d2063616c6c696e6720696e20646561642e5f5f5f5f0d
RANDOM_RESULT	epitaph	288	17814	1	24470	17997	4920776173206b696c6c6564206279203c696c6c656769626c652073637261776c3e5f5f5f5f5f5f5f5f5f5f5f5f5f5f5f5f5f5f5f5f5f5f5f5f5f0d
RANDOM_RESULT	epitaph	289	17875	1	24470	18058	492077617320736f6d65626f64792e202057686f2c206973206e6f20627573696e657373206f6620796f7572732e5f5f5f5f5f5f5f5f5f5f5f5f5f0d
RANDOM_RESULT	epitaph	290	17936	1	24470	18119	492077696c6c206e6f7420676f2071756965746c792e5f5f5f5f5f5f5f5f5f5f5f5f5f5f5f5f5f5f5f5f5f5f5f5f5f5f5f5f5f5f5f5f5f5f5f5f5f0d
RANDOM_RESULT	epitaph	291	17997	1	24470	18180	492764206769766520796f752061207069656365206f66206d79206d696e642e2e2e2062757420492063616e27742066696e642069742e5f5f5f5f0d
RANDOM_RESULT	epitaph	292	18058	1	24470	18241	4927642072617468657220626520627265617468696e675f5f5f5f5f5f5f5f5f5f5f5f5f5f5f5f5f5f5f5f5f5f5f5f5f5f5f5f5f5f5f5f5f5f5f5f0d
RANDOM_RESULT	epitaph	293	18119	1	24470	18302	49276c6c206265206261636b215f5f5f5f5f5f5f5f5f5f5f5f5f5f5f5f5f5f5f5f5f5f5f5f5f5f5f5f5f5f5f5f5f5f5f5f5f5f5f5f5f5f5f5f5f5f0d
RANDOM_RESULT	epitaph	294	18180	1	24470	18363	49276c6c206265206d656c6c6f77207768656e2049276d20646561642e2020466f72206e6f772c206c65742773205041525459215f5f5f5f5f5f5f0d
RANDOM_RESULT	epitaph	295	18241	1	24470	18424	49276d20646f696e672074686973206f6e6c7920666f722074617820707572706f7365732e5f5f5f5f5f5f5f5f5f5f5f5f5f5f5f5f5f5f5f5f5f5f0d
RANDOM_RESULT	epitaph	296	18302	1	24470	18485	49276d206e6f7420616672616964206f6620446561746821202057686174277320686520676f6e6e6120646f3f204b696c6c206d653f5f5f5f5f5f0d
RANDOM_RESULT	epitaph	297	18363	1	24470	18566	49276d206e6f742067657474696e6720656e6f756768206d6f6e65792c20736f2049276d206e6f7420676f696e6720746f20656e677261766520616e797468696e672075736566756c20686572652e0d
RANDOM_RESULT	epitaph	298	18424	10	24470	18627	49276d206e6f7420736179696e6720616e797468696e672e5f5f5f5f5f5f5f5f5f5f5f5f5f5f5f5f5f5f5f5f5f5f5f5f5f5f5f5f5f5f5f5f5f5f5f0d
RANDOM_RESULT	epitaph	299	18505	1	24470	18688	49276d2077656574682073747570656564202d2d2d3e5f5f5f5f5f5f5f5f5f5f5f5f5f5f5f5f5f5f5f5f5f5f5f5f5f5f5f5f5f5f5f5f5f5f5f5f5f0d
RANDOM_RESULT	epitaph	300	18566	1	24470	18749	496620796f752074686f7567687420796f75206861642070726f626c656d732e2e2e5f5f5f5f5f5f5f5f5f5f5f5f5f5f5f5f5f5f5f5f5f5f5f5f5f0d
RANDOM_RESULT	epitaph	301	18627	1	24470	18810	49676e6f72616e6365206b696c6c73206461696c792e5f5f5f5f5f5f5f5f5f5f5f5f5f5f5f5f5f5f5f5f5f5f5f5f5f5f5f5f5f5f5f5f5f5f5f5f5f0d
RANDOM_RESULT	epitaph	302	18688	1	24470	18871	49676e6f7265206d652e2e2e2049276d206a757374206865726520666f72206d79206c6f6f6b73215f5f5f5f5f5f5f5f5f5f5f5f5f5f5f5f5f5f5f0d
RANDOM_RESULT	epitaph	303	18749	1	24470	18932	496c656e6520546f6f666172202d2d2046656c6c206f6666206120636c6966665f5f5f5f5f5f5f5f5f5f5f5f5f5f5f5f5f5f5f5f5f5f5f5f5f5f5f0d
RANDOM_RESULT	epitaph	304	18810	1	24470	18993	4973207468617420616c6c3f5f5f5f5f5f5f5f5f5f5f5f5f5f5f5f5f5f5f5f5f5f5f5f5f5f5f5f5f5f5f5f5f5f5f5f5f5f5f5f5f5f5f5f5f5f5f5f0d
RANDOM_RESULT	epitaph	305	18871	1	24470	19054	4973207468657265206c696665206265666f72652044656174683f5f5f5f5f5f5f5f5f5f5f5f5f5f5f5f5f5f5f5f5f5f5f5f5f5f5f5f5f5f5f5f5f0d
RANDOM_RESULT	epitaph	306	18932	1	24470	19115	497320746869732061206a6f6b652c206f722061206772617665206d61747465723f5f5f5f5f5f5f5f5f5f5f5f5f5f5f5f5f5f5f5f5f5f5f5f5f5f0d
RANDOM_RESULT	epitaph	307	18993	1	24470	19176	49742068617070656e7320736f6d6574696d65732e202050656f706c65206a757374206578706c6f64652e5f5f5f5f5f5f5f5f5f5f5f5f5f5f5f5f0d
RANDOM_RESULT	epitaph	308	19054	1	24470	19240	4974206d7573742062652054687572736461792e202049206e6576657220636f756c6420676574207468652068616e67206f66205468757273646179732e0d
RANDOM_RESULT	epitaph	309	19115	10	24470	19301	4974207761736e2774206120666169722066696768745f5f5f5f5f5f5f5f5f5f5f5f5f5f5f5f5f5f5f5f5f5f5f5f5f5f5f5f5f5f5f5f5f5f5f5f5f0d
RANDOM_RESULT	epitaph	310	19179	1	24470	19362	4974207761736e277420736f20656173792e5f5f5f5f5f5f5f5f5f5f5f5f5f5f5f5f5f5f5f5f5f5f5f5f5f5f5f5f5f5f5f5f5f5f5f5f5f5f5f5f5f0d
RANDOM_RESULT	epitaph	311	19240	1	24470	19423	49742773204c6f6f742c2050696c6c61676520616e64205448454e204275726e2e2e2e5f5f5f5f5f5f5f5f5f5f5f5f5f5f5f5f5f5f5f5f5f5f5f5f0d
RANDOM_RESULT	epitaph	312	19301	1	24470	19484	4a75737420646f696e67206d79206a6f6220686572655f5f5f5f5f5f5f5f5f5f5f5f5f5f5f5f5f5f5f5f5f5f5f5f5f5f5f5f5f5f5f5f5f5f5f5f5f0d
RANDOM_RESULT	epitaph	313	19362	1	24470	19545	4b696c6c6564206279206469617272686561206f66206d6f75746820616e6420636f6e737469706174696f6e206f6620627261696e2e5f5f5f5f5f0d
RANDOM_RESULT	epitaph	314	19423	1	24470	19606	4c657420686572205249505f5f5f5f5f5f5f5f5f5f5f5f5f5f5f5f5f5f5f5f5f5f5f5f5f5f5f5f5f5f5f5f5f5f5f5f5f5f5f5f5f5f5f5f5f5f5f5f0d
RANDOM_RESULT	epitaph	315	19484	1	24470	19667	4c65742069742062653b204920616d20646561642e5f5f5f5f5f5f5f5f5f5f5f5f5f5f5f5f5f5f5f5f5f5f5f5f5f5f5f5f5f5f5f5f5f5f5f5f5f5f0d
RANDOM_RESULT	epitaph	316	19545	1	24470	19728	4c6574277320706c617920486964652074686520436f727073655f5f5f5f5f5f5f5f5f5f5f5f5f5f5f5f5f5f5f5f5f5f5f5f5f5f5f5f5f5f5f5f5f0d
RANDOM_RESULT	epitaph	317	19606	1	24470	19789	4c696665206973204e4f54206120647265616d5f5f5f5f5f5f5f5f5f5f5f5f5f5f5f5f5f5f5f5f5f5f5f5f5f5f5f5f5f5f5f5f5f5f5f5f5f5f5f5f0d
RANDOM_RESULT	epitaph	318	19667	1	24470	19850	4d6164676520496e6174696f6e202d2d204974207761736e277420616c6c20696e206d7920686561645f5f5f5f5f5f5f5f5f5f5f5f5f5f5f5f5f5f0d
RANDOM_RESULT	epitaph	319	19728	1	24470	19911	4d656574206d6520696e2048656176656e5f5f5f5f5f5f5f5f5f5f5f5f5f5f5f5f5f5f5f5f5f5f5f5f5f5f5f5f5f5f5f5f5f5f5f5f5f5f5f5f5f5f0d
RANDOM_RESULT	epitaph	320	19789	1	24470	19972	4d6f7665206f6e2c2074686572652773206e6f7468696e6720746f2073656520686572652e5f5f5f5f5f5f5f5f5f5f5f5f5f5f5f5f5f5f5f5f5f5f0d
RANDOM_RESULT	epitaph	321	19850	1	24470	20033	4d722e20466c696e7473746f6e65202d2d2059616262612d64616262612d646f6e655f5f5f5f5f5f5f5f5f5f5f5f5f5f5f5f5f5f5f5f5f5f5f5f5f0d
RANDOM_RESULT	epitaph	322	19911	1	24470	20094	4d79206865617274206973206e6f7420696e20746869735f5f5f5f5f5f5f5f5f5f5f5f5f5f5f5f5f5f5f5f5f5f5f5f5f5f5f5f5f5f5f5f5f5f5f5f0d
RANDOM_RESULT	epitaph	323	19972	1	24470	20155	4e6f206f6e65206576657220646965642066726f6d2069745f5f5f5f5f5f5f5f5f5f5f5f5f5f5f5f5f5f5f5f5f5f5f5f5f5f5f5f5f5f5f5f5f5f5f0d
RANDOM_RESULT	epitaph	324	20033	1	24470	20216	4e6f2c20796f752077616e7420726f6f6d203132412c206e65787420646f6f722e5f5f5f5f5f5f5f5f5f5f5f5f5f5f5f5f5f5f5f5f5f5f5f5f5f5f0d
RANDOM_RESULT	epitaph	325	20094	1	24470	20277	4e6f70652e20204e6f2074726170206f6e20746861742063686573742e2020492073776561722e5f5f5f5f5f5f5f5f5f5f5f5f5f5f5f5f5f5f5f5f0d
RANDOM_RESULT	epitaph	326	20155	1	24470	20338	4e6f7420616761696e215f5f5f5f5f5f5f5f5f5f5f5f5f5f5f5f5f5f5f5f5f5f5f5f5f5f5f5f5f5f5f5f5f5f5f5f5f5f5f5f5f5f5f5f5f5f5f5f5f0d
RANDOM_RESULT	epitaph	327	20216	1	24470	20399	4e6f7420657665727920736f696c2063616e206265617220616c6c207468696e67735f5f5f5f5f5f5f5f5f5f5f5f5f5f5f5f5f5f5f5f5f5f5f5f5f0d
RANDOM_RESULT	epitaph	328	20277	1	24470	20460	4e6f77204920686176652061206c6966655f5f5f5f5f5f5f5f5f5f5f5f5f5f5f5f5f5f5f5f5f5f5f5f5f5f5f5f5f5f5f5f5f5f5f5f5f5f5f5f5f5f0d
RANDOM_RESULT	epitaph	329	20338	1	24470	20521	4e6f772049206c6179207468656520646f776e20746f20736c6565702e2e2e2077616e6e61206a6f696e206d653f5f5f5f5f5f5f5f5f5f5f5f5f5f0d
RANDOM_RESULT	epitaph	330	20399	1	24470	20582	4f4b2c20686572652069732061207175657374696f6e3a2057686572652041524520796f75722074616e6c696e65733f5f5f5f5f5f5f5f5f5f5f5f0d
RANDOM_RESULT	epitaph	331	20460	1	24470	20643	4f626573612043616e74617669745f5f5f5f5f5f5f5f5f5f5f5f5f5f5f5f5f5f5f5f5f5f5f5f5f5f5f5f5f5f5f5f5f5f5f5f5f5f5f5f5f5f5f5f5f0d
RANDOM_RESULT	epitaph	332	20521	1	24470	20704	4f682120416e20756e74696d656c792064656174682e5f5f5f5f5f5f5f5f5f5f5f5f5f5f5f5f5f5f5f5f5f5f5f5f5f5f5f5f5f5f5f5f5f5f5f5f5f0d
RANDOM_RESULT	epitaph	333	20582	1	24470	20765	4f682c20627920746865207761792c20686f7720776173206d792066756e6572616c3f5f5f5f5f5f5f5f5f5f5f5f5f5f5f5f5f5f5f5f5f5f5f5f5f0d
RANDOM_RESULT	epitaph	334	20643	1	24470	20826	224f682c20686f6e65792e2e2e2049206d697373656420796f7521222073686520736169642c20616e6420666972656420616761696e2e5f5f5f5f0d
RANDOM_RESULT	epitaph	335	20704	1	24470	20887	4f6b2c20736f20746865206c6967687420646f657320676f206f66662e20204e6f77206c6574206d65206f7574206f6620686572652e5f5f5f5f5f0d
RANDOM_RESULT	epitaph	336	20765	1	24470	20948	4f6e652073746f6e6520627261696e5f5f5f5f5f5f5f5f5f5f5f5f5f5f5f5f5f5f5f5f5f5f5f5f5f5f5f5f5f5f5f5f5f5f5f5f5f5f5f5f5f5f5f5f0d
RANDOM_RESULT	epitaph	337	20826	1	24470	21009	4f6f682120536f6d65626f64792053544f50206d65215f5f5f5f5f5f5f5f5f5f5f5f5f5f5f5f5f5f5f5f5f5f5f5f5f5f5f5f5f5f5f5f5f5f5f5f5f0d
RANDOM_RESULT	epitaph	338	20887	1	24470	21070	4f6f7073215f5f5f5f5f5f5f5f5f5f5f5f5f5f5f5f5f5f5f5f5f5f5f5f5f5f5f5f5f5f5f5f5f5f5f5f5f5f5f5f5f5f5f5f5f5f5f5f5f5f5f5f5f5f0d
RANDOM_RESULT	epitaph	339	20948	1	24470	21131	4f757420666f7220746865206e696768742e20204c656176652061206d6573736167652e5f5f5f5f5f5f5f5f5f5f5f5f5f5f5f5f5f5f5f5f5f5f5f0d
RANDOM_RESULT	epitaph	340	21009	1	24470	21192	4f77212020446f207468617420616761696e215f5f5f5f5f5f5f5f5f5f5f5f5f5f5f5f5f5f5f5f5f5f5f5f5f5f5f5f5f5f5f5f5f5f5f5f5f5f5f5f0d
RANDOM_RESULT	epitaph	341	21070	1	24470	21253	506172646f6e206d7920647573742e5f5f5f5f5f5f5f5f5f5f5f5f5f5f5f5f5f5f5f5f5f5f5f5f5f5f5f5f5f5f5f5f5f5f5f5f5f5f5f5f5f5f5f5f0d
RANDOM_RESULT	epitaph	342	21131	1	24470	21314	50617274206f66206d65207374696c6c20776f726b732e5f5f5f5f5f5f5f5f5f5f5f5f5f5f5f5f5f5f5f5f5f5f5f5f5f5f5f5f5f5f5f5f5f5f5f5f0d
RANDOM_RESULT	epitaph	343	21192	1	24470	21375	506c656173652c206e6f7420696e2066726f6e74206f662074686f7365206f726373215f5f5f5f5f5f5f5f5f5f5f5f5f5f5f5f5f5f5f5f5f5f5f5f0d
RANDOM_RESULT	epitaph	344	21253	1	24470	21436	5072657061726520746f206d656574206d6520696e2048656176656e5f5f5f5f5f5f5f5f5f5f5f5f5f5f5f5f5f5f5f5f5f5f5f5f5f5f5f5f5f5f5f0d
RANDOM_RESULT	epitaph	345	21314	1	24470	21497	52324432202d2d20526573742c2054696e2050696563655f5f5f5f5f5f5f5f5f5f5f5f5f5f5f5f5f5f5f5f5f5f5f5f5f5f5f5f5f5f5f5f5f5f5f5f0d
RANDOM_RESULT	epitaph	346	21375	1	24470	21558	52656c61782e20204e6f7468696e6720657665722068617070656e73206f6e20746865206669727374206c6576656c2e5f5f5f5f5f5f5f5f5f5f5f0d
RANDOM_RESULT	epitaph	347	21436	1	24470	21619	526573206f6d6e6961206d65612063756c7061206573745f5f5f5f5f5f5f5f5f5f5f5f5f5f5f5f5f5f5f5f5f5f5f5f5f5f5f5f5f5f5f5f5f5f5f5f0d
RANDOM_RESULT	epitaph	348	21497	1	24470	21680	5265737420496e205069656365735f5f5f5f5f5f5f5f5f5f5f5f5f5f5f5f5f5f5f5f5f5f5f5f5f5f5f5f5f5f5f5f5f5f5f5f5f5f5f5f5f5f5f5f5f0d
RANDOM_RESULT	epitaph	349	21558	1	24470	21741	526573742c20726573742c20706572747572626564207370697269742e5f5f5f5f5f5f5f5f5f5f5f5f5f5f5f5f5f5f5f5f5f5f5f5f5f5f5f5f5f5f0d
RANDOM_RESULT	epitaph	350	21619	1	24470	21802	52697020546f726e5f5f5f5f5f5f5f5f5f5f5f5f5f5f5f5f5f5f5f5f5f5f5f5f5f5f5f5f5f5f5f5f5f5f5f5f5f5f5f5f5f5f5f5f5f5f5f5f5f5f5f0d
RANDOM_RESULT	epitaph	351	21680	1	24470	21870	53686520616c7761797320736169642068657220666565742077657265206b696c6c696e672068657220627574206e6f626f64792062656c6965766564206865722e0d
RANDOM_RESULT	epitaph	352	21741	10	24470	21931	5368652064696564206f66206120636865737420636f6c642e5f5f5f5f5f5f5f5f5f5f5f5f5f5f5f5f5f5f5f5f5f5f5f5f5f5f5f5f5f5f5f5f5f5f0d
RANDOM_RESULT	epitaph	353	21809	1	24470	21992	536f206c6574206974206265207772697474656e2c20736f206c657420697420626520646f6e65215f5f5f5f5f5f5f5f5f5f5f5f5f5f5f5f5f5f5f0d
RANDOM_RESULT	epitaph	354	21870	1	24470	22055	536f207468656e204920736179732c20486f7720646f2049206b6e6f7720796f7527726520746865207265616c20616e67656c206f662064656174683f0d
RANDOM_RESULT	epitaph	355	21931	10	24470	22116	536f6d652070617469656e747320696e73697374206f6e206479696e672e5f5f5f5f5f5f5f5f5f5f5f5f5f5f5f5f5f5f5f5f5f5f5f5f5f5f5f5f5f0d
RANDOM_RESULT	epitaph	356	21994	1	24470	22177	536f6d652070656f706c652068617665206974206465616420656173792c20646f6e277420746865793f5f5f5f5f5f5f5f5f5f5f5f5f5f5f5f5f5f0d
RANDOM_RESULT	epitaph	357	22055	1	24470	22238	536f6d65207468696e67732061726520626574746572206c656674206275726965642e5f5f5f5f5f5f5f5f5f5f5f5f5f5f5f5f5f5f5f5f5f5f5f5f0d
RANDOM_RESULT	epitaph	358	22116	1	24470	22299	537572652c207472757374206d652c2049276d2061206c61777965722e2e2e5f5f5f5f5f5f5f5f5f5f5f5f5f5f5f5f5f5f5f5f5f5f5f5f5f5f5f5f0d
RANDOM_RESULT	epitaph	359	22177	1	24470	22365	5468616e6b20476f64204920776f7265206d7920636f727365742c20626563617573652049207468696e6b206d7920736964657320686176652073706c69742e0d
RANDOM_RESULT	epitaph	360	22238	10	24470	22426	5468617420697320616c6c5f5f5f5f5f5f5f5f5f5f5f5f5f5f5f5f5f5f5f5f5f5f5f5f5f5f5f5f5f5f5f5f5f5f5f5f5f5f5f5f5f5f5f5f5f5f5f5f0d
RANDOM_RESULT	epitaph	361	22304	1	24470	22487	54686520476f647320444f206861766520612073656e7365206f662068756d6f723a2049276d206c6976696e672070726f6f66215f5f5f5f5f5f5f0d
RANDOM_RESULT	epitaph	362	22365	1	24470	22548	5468652066726f67277320646561642e20204865204b65726d697474656420737569636964652e5f5f5f5f5f5f5f5f5f5f5f5f5f5f5f5f5f5f5f5f0d
RANDOM_RESULT	epitaph	363	22426	1	24470	22609	546869732064756e67656f6e206973206120707573686f7665725f5f5f5f5f5f5f5f5f5f5f5f5f5f5f5f5f5f5f5f5f5f5f5f5f5f5f5f5f5f5f5f5f0d
RANDOM_RESULT	epitaph	364	22487	1	24470	22670	5468697320656c657661746f7220646f65736e277420676f20746f2048656176656e5f5f5f5f5f5f5f5f5f5f5f5f5f5f5f5f5f5f5f5f5f5f5f5f5f0d
RANDOM_RESULT	epitaph	365	22548	1	24470	22742	5468697320677261766573746f6e65206973207368617265776172652e2020546f2072656769737465722c20706c656173652073656e64206d65203130207a6f726b6d6964730d
RANDOM_RESULT	epitaph	366	22609	10	24470	22805	5468697320677261766573746f6e652070726f7669646564206279205468652059656e646f7269616e20477261766520536572766963657320496e632e0d
RANDOM_RESULT	epitaph	367	22681	10	24470	22866	54686973206973206e6f7420616e20696d706f7274616e742070617274206f66206d79206c6966652e5f5f5f5f5f5f5f5f5f5f5f5f5f5f5f5f5f5f0d
RANDOM_RESULT	epitaph	368	22744	1	24470	22927	54686973206f6e652773206f6e206d652e5f5f5f5f5f5f5f5f5f5f5f5f5f5f5f5f5f5f5f5f5f5f5f5f5f5f5f5f5f5f5f5f5f5f5f5f5f5f5f5f5f5f0d
RANDOM_RESULT	epitaph	369	22805	1	24470	22988	5468697320736964652075705f5f5f5f5f5f5f5f5f5f5f5f5f5f5f5f5f5f5f5f5f5f5f5f5f5f5f5f5f5f5f5f5f5f5f5f5f5f5f5f5f5f5f5f5f5f5f0d
RANDOM_RESULT	epitaph	370	22866	1	24470	23049	54696d2042757272202d2d20536d6173686564206279206120747265655f5f5f5f5f5f5f5f5f5f5f5f5f5f5f5f5f5f5f5f5f5f5f5f5f5f5f5f5f5f0d
RANDOM_RESULT	epitaph	371	22927	1	24470	23110	546f6e6520697420646f776e2061206269742c2049276d20747279696e6720746f2067657420736f6d65207265737420686572652e5f5f5f5f5f5f0d
RANDOM_RESULT	epitaph	372	22988	1	24470	23171	5669727475616c6c7920416c6976655f5f5f5f5f5f5f5f5f5f5f5f5f5f5f5f5f5f5f5f5f5f5f5f5f5f5f5f5f5f5f5f5f5f5f5f5f5f5f5f5f5f5f5f0d
RANDOM_RESULT	epitaph	373	23049	1	24470	23232	57652057696c6c204d65657420416761696e2e5f5f5f5f5f5f5f5f5f5f5f5f5f5f5f5f5f5f5f5f5f5f5f5f5f5f5f5f5f5f5f5f5f5f5f5f5f5f5f5f0d
RANDOM_RESULT	epitaph	374	23110	1	24470	23293	57656570206e6f742c20686520697320617420726573745f5f5f5f5f5f5f5f5f5f5f5f5f5f5f5f5f5f5f5f5f5f5f5f5f5f5f5f5f5f5f5f5f5f5f5f0d
RANDOM_RESULT	epitaph	375	23171	1	24470	23354	57656c636f6d6520746f2044616e746527732e202057686174206c6576656c20706c656173653f5f5f5f5f5f5f5f5f5f5f5f5f5f5f5f5f5f5f5f5f0d
RANDOM_RESULT	epitaph	376	23232	1	24470	23415	57656c6c2c206174206c656173742074686579206c697374656e656420746f206d79207365726d6f6e2e2e2e5f5f5f5f5f5f5f5f5f5f5f5f5f5f5f0d
RANDOM_RESULT	epitaph	377	23293	1	24470	23476	57656e7420746f20626520616e20616e67656c2e5f5f5f5f5f5f5f5f5f5f5f5f5f5f5f5f5f5f5f5f5f5f5f5f5f5f5f5f5f5f5f5f5f5f5f5f5f5f5f0d
RANDOM_RESULT	epitaph	378	23354	1	24470	23537	576861742061726520796f7520646f696e67206f7665722074686572653f5f5f5f5f5f5f5f5f5f5f5f5f5f5f5f5f5f5f5f5f5f5f5f5f5f5f5f5f5f0d
RANDOM_RESULT	epitaph	379	23415	1	24470	23598	576861742061726520796f7520736d696c696e672061743f5f5f5f5f5f5f5f5f5f5f5f5f5f5f5f5f5f5f5f5f5f5f5f5f5f5f5f5f5f5f5f5f5f5f5f0d
RANDOM_RESULT	epitaph	380	23476	1	24470	23659	576861742063616e20796f75207361792c204465617468277320676f742061707065616c2e2e2e215f5f5f5f5f5f5f5f5f5f5f5f5f5f5f5f5f5f5f0d
RANDOM_RESULT	epitaph	381	23537	1	24470	23720	57686174206865616c746820636172653f5f5f5f5f5f5f5f5f5f5f5f5f5f5f5f5f5f5f5f5f5f5f5f5f5f5f5f5f5f5f5f5f5f5f5f5f5f5f5f5f5f5f0d
RANDOM_RESULT	epitaph	382	23598	1	24470	23781	57686174207069743f5f5f5f5f5f5f5f5f5f5f5f5f5f5f5f5f5f5f5f5f5f5f5f5f5f5f5f5f5f5f5f5f5f5f5f5f5f5f5f5f5f5f5f5f5f5f5f5f5f5f0d
RANDOM_RESULT	epitaph	383	23659	1	24470	23842	5768656e2074686520676f64732077616e7420746f2070756e69736820796f752c207468657920616e7377657220796f757220707261796572732e0d
RANDOM_RESULT	epitaph	384	23720	1	24470	23920	5768657265206527657220796f75206265206c657420796f75722077696e6420676f20667265652e20204b656570696e6720697420696e2077617320746865206465617468206f66206d65210d
RANDOM_RESULT	epitaph	385	23781	10	24470	23981	57686572652773206d7920726566756e643f5f5f5f5f5f5f5f5f5f5f5f5f5f5f5f5f5f5f5f5f5f5f5f5f5f5f5f5f5f5f5f5f5f5f5f5f5f5f5f5f5f0d
RANDOM_RESULT	epitaph	386	23859	1	24470	24042	57696c6c206c657420796f75206b6e6f7720666f72207375726520696e206120646179206f722074776f2e2e2e5f5f5f5f5f5f5f5f5f5f5f5f5f5f0d
RANDOM_RESULT	epitaph	387	23920	1	24470	24103	57697a61726473206172652077696d70735f5f5f5f5f5f5f5f5f5f5f5f5f5f5f5f5f5f5f5f5f5f5f5f5f5f5f5f5f5f5f5f5f5f5f5f5f5f5f5f5f5f0d
RANDOM_RESULT	epitaph	388	23981	1	24470	24164	576f726d7320617420776f726b2c20646f206e6f742064697374757262215f5f5f5f5f5f5f5f5f5f5f5f5f5f5f5f5f5f5f5f5f5f5f5f5f5f5f5f5f0d
RANDOM_RESULT	epitaph	389	24042	1	24470	24226	576f756c6420796f75206d696e64206d6f76696e672061206269743f202049276d2073686f7274206f662062726561746820646f776e20686572652e0d
RANDOM_RESULT	epitaph	390	24103	10	24470	24287	576f756c6420796f752071756974206265696e67206576696c206f766572206d792073686f756c6465723f5f5f5f5f5f5f5f5f5f5f5f5f5f5f5f5f0d
RANDOM_RESULT	epitaph	391	24165	1	24470	24348	5961207265616c6c7920686164206d6520676f696e6720626162792c20627574206e6f772049276d20676f6e652e5f5f5f5f5f5f5f5f5f5f5f5f5f0d
RANDOM_RESULT	epitaph	392	24226	1	24470	24409	59657320446561722c206a757374206120666577206d6f7265206d696e757465732e2e2e5f5f5f5f5f5f5f5f5f5f5f5f5f5f5f5f5f5f5f5f5f5f5f0d
RANDOM_RESULT	epitaph	393	24287	1	24470	24470	596f752073616964206974207761736e277420706f69736f6e6f7573215f5f5f5f5f5f5f5f5f5f5f5f5f5f5f5f5f5f5f5f5f5f5f5f5f5f5f5f5f5f0d
RANDOM_RESULT	epitaph	394	24348	1	24470	24531	596f7520736574206d792068656172742061666c616d652e2020596f752067617665206d652068656172746275726e2e5f5f5f5f5f5f5f5f5f5f5f0d
COMPLETE
