MACROS	UNIX=1	WIN32=0	MSDOS=0	_WIN32=0	DLBLIB=1	CROSS_TO_WASM=1
DLB_ARCHIVE	nhdat
ORACLE_HEADER	21	6217
ORACLE_OFFSET	0	202
ORACLE_OFFSET	1	616
ORACLE_OFFSET	2	818
ORACLE_OFFSET	3	959
ORACLE_OFFSET	4	1274
ORACLE_OFFSET	5	1528
ORACLE_OFFSET	6	1711
ORACLE_OFFSET	7	1937
ORACLE_OFFSET	8	2141
ORACLE_OFFSET	9	2459
ORACLE_OFFSET	10	2664
ORACLE_OFFSET	11	2924
ORACLE_OFFSET	12	3196
ORACLE_OFFSET	13	3483
ORACLE_OFFSET	14	3740
ORACLE_OFFSET	15	3990
ORACLE_OFFSET	16	4214
ORACLE_OFFSET	17	4734
ORACLE_OFFSET	18	5151
ORACLE_OFFSET	19	5667
ORACLE_OFFSET	20	5898
ORACLE_OFFSET	21	6217
ORACLE_LINE	0	0	546865206d6573736167652072656164733a
ORACLE_LINE	0	1	
ORACLE_LINE	0	2	222e2e2e69742069732072617468657220646973636f6e63657274696e6720746f20626520636f6e66726f6e746564207769746820746865
ORACLE_LINE	0	3	666f6c6c6f77696e67207468656f72656d2066726f6d205b42616b65722c2047696c6c2c20616e6420536f6c6f7661792c20313937355d2e
ORACLE_LINE	0	4	
ORACLE_LINE	0	5	5468656f72656d20372e31382020546865726520657869737420726563757273697665206c616e677561676573204120616e64204220737563682074686174
ORACLE_LINE	0	6	2020283129202050284129203d3d204e502841292c20616e64
ORACLE_LINE	0	7	202028322920205028422920213d204e50284229
ORACLE_LINE	0	8	
ORACLE_LINE	0	9	546869732070726f766964657320696d70726573736976652065766964656e636520746861742074686520746563686e6971756573207468617420617265
ORACLE_LINE	0	10	63757272656e746c7920617661696c61626c652077696c6c206e6f74207375666669636520666f722070726f76696e672074686174205020213d204e50206f7220202020202020202020
ORACLE_LINE	0	11	746861742050203d3d204e502e2220205b476172657920616e64204a6f686e736f6e2c20702e203138352e5d
ORACLE_RESULT	0	12	0	0	0	21
ORACLE_LINE	1	0	546865206d6573736167652072656164733a
ORACLE_LINE	1	1	
ORACLE_LINE	1	2	4966207468792077616e6420686174682072756e206f7574206f6620636861726765732c2074686f75206d61797374207a617020697420616761696e20616e6420616761696e3b2074686f756768
ORACLE_LINE	1	3	6e61756768742077696c6c2068617070656e2061742066697273742c20766572696c792c207468792070657273697374656e6365207368616c6c2062652072657761726465642c206173
ORACLE_LINE	1	4	6f6e65206c61737420636861726765206d61792079657420626520777265737465642066726f6d20697421
ORACLE_RESULT	1	5	0	1	20	20
ORACLE_LINE	2	0	546865206d6573736167652072656164733a
ORACLE_LINE	2	1	
ORACLE_LINE	2	2	54686f756768207468652073686f706b65657065727320626520776172792c20746869657665732068617665206e657665727468656c6573732073746f6c656e206d756368206279207573696e67
ORACLE_LINE	2	3	74686569722064696767696e672077616e647320746f2068617374656e206578697473207468726f7567682074686520706176656d656e742e
ORACLE_RESULT	2	4	0	1	20	20
ORACLE_LINE	3	0	546865206d6573736167652072656164733a
ORACLE_LINE	3	1	
ORACLE_LINE	3	2	49662074686f752068617374206861642074726f75626c6520776974682072757374206f6e207468696e652061726d6f72206f7220776561706f6e732c2074686f752073686f756c647374
ORACLE_LINE	3	3	6b6e6f7720746861742074686f752063616e73742070726576656e7420746869732062792c207768696c6520696e206120636f6e66757365642073746174652c2072656164696e6720746865
ORACLE_LINE	3	4	6d61676963616c2070617263686d656e7473207768696368206e6f726d616c6c7920617265207573656420746f20636175736520746865697220656e6368616e746d656e742e
ORACLE_LINE	3	5	556e6775656e7473206f66206c75627269636174696f6e206d61792070726f766964652073696d696c61722070726f74656374696f6e2c20616c62656974206f662061
ORACLE_LINE	3	6	7472616e7369746f7279206e61747572652e
ORACLE_RESULT	3	7	0	1	20	20
ORACLE_LINE	4	0	546865206d6573736167652072656164733a
ORACLE_LINE	4	1	
ORACLE_LINE	4	2	4265686f6c642074686520636f636b6174726963652c2077686f73652064696d696e757469766520737461747572652062656c696573206974732068696464656e206d696768742e2020546865
ORACLE_LINE	4	3	636f636b6174726963652063616e207065747269667920616e79206f7264696e617279206265696e6720697420636f6e74616374732d2d736176652074686f73652077697365
ORACLE_LINE	4	4	616476656e7475726572732077686f2065617420612064656164206c697a617264206f7220626c6f62206f662061636964207768656e2074686579206665656c207468656d73656c766573
ORACLE_LINE	4	5	736c6f776c79207475726e696e6720746f2073746f6e652e
ORACLE_RESULT	4	6	0	1	20	20
ORACLE_LINE	5	0	546865206d6573736167652072656164733a
ORACLE_LINE	5	1	
ORACLE_LINE	5	2	5768696c6520736f6d65207761796661726572732072656c79206f6e207363726f756e67696e672066696e69736865642061726d6f757220696e207468652064756e67656f6e2c20746865
ORACLE_LINE	5	3	7265736f7572636566756c206b6e6f7720746865206d7973746963616c206d65616e73206279207768696368206d61696c206d61792062652066617368696f6e6564206f7574206f66
ORACLE_LINE	5	4	7363616c65732066726f6d206120647261676f6e277320686964652e
ORACLE_RESULT	5	5	0	1	20	20
ORACLE_LINE	6	0	546865206d6573736167652072656164733a
ORACLE_LINE	6	1	
ORACLE_LINE	6	2	497420697320637573746f6d6172696c79206b6e6f776e20616d6f6e672074726176656c65727320746861742065787472612d6865616c696e67206472617567687473206d617920636c656172
ORACLE_LINE	6	3	7468792073656e736573207768656e2074686f7520617274206164646c65642062792064656c75736f727920766973696f6e732e2020427574206e6576657220666f726765742c20746865
ORACLE_LINE	6	4	6c6f776c7920706f74696f6e207768696368206d616b6573206f6e65207369636b206d6179206265207573656420666f72207468652073616d6520707572706f73652e
ORACLE_RESULT	6	5	0	1	20	20
ORACLE_LINE	7	0	546865206d6573736167652072656164733a
ORACLE_LINE	7	1	
ORACLE_LINE	7	2	5768696c652074686520636f6e73756d7074696f6e206f66206c697a61726420666c657368206f722077617465722062656c6f766564206f662074686520676f6473206d617920636c656172
ORACLE_LINE	7	3	746865206d7564646c656420686561642c20746865206170706c69636174696f6e206f662074686520686f726e206f662061206372656174757265206f662075746d6f737420707572697479
ORACLE_LINE	7	4	63616e20616c6c657669617465206d616e79206f74686572206166666c696374696f6e732061732077656c6c2e
ORACLE_RESULT	7	5	0	1	20	20
ORACLE_LINE	8	0	546865206d6573736167652072656164733a
ORACLE_LINE	8	1	
ORACLE_LINE	8	2	49662074686f7520776f756c6473742074726176656c20717569636b6c79206265747765656e2064697374616e74206c6f636174696f6e732c2074686f75206d757374206265
ORACLE_LINE	8	3	61626c6520746f20636f6e74726f6c207468792074656c65706f7274732c20616e6420696e206120636f6e6675736564207374617465206d69737265616420746865207363726f6c6c
ORACLE_LINE	8	4	776869636820757375616c6c792074656c65706f7274732074687973656c66206c6f63616c6c792e2020446172696e6720616476656e747572657273206861766520616c736f
ORACLE_LINE	8	5	706572666f726d6564207468652073616d6520666561742073616e73206e65656420666f72207363726f6c6c73206f7220706f74696f6e73206279207374657070696e6720696e746f
ORACLE_LINE	8	6	6120706172746963756c617220616d627573636164652e
ORACLE_RESULT	8	7	0	1	20	20
ORACLE_LINE	9	0	546865206d6573736167652072656164733a
ORACLE_LINE	9	1	
ORACLE_LINE	9	2	416c6d6f737420616c6c20616476656e7475726572732077686f20636f6d6520746869732077617920686f706520746f207061737320746865206472656164204d65647573612e2020546f
ORACLE_LINE	9	3	646f20746869732c2074686520626573742061647669636520697320746f206b656570207468696e65206579657320626c696e64666f6c64656420616e6420746f20636175736520746865
ORACLE_LINE	9	4	637265617475726520746f206573707920697473206f776e207265666c656374696f6e20696e2061206d6972726f722e
ORACLE_RESULT	9	5	0	1	20	20
ORACLE_LINE	10	0	546865206d6573736167652072656164733a
ORACLE_LINE	10	1	
ORACLE_LINE	10	2	416e64207768657265206974206973207772697474656e2022616420616572617269756d222c2064696c6967656e7420736561726368696e672077696c6c206f6674656e2072657665616c
ORACLE_LINE	10	3	7468652077617920746f206120747261702077686963682073656e6473206f6e6520746f20746865204d61676963204d656d6f7279205661756c742c2077686572652074686520726963686573
ORACLE_LINE	10	4	6f662043726f65737573206172652073746f7265643b20686f77657665722c206573636170696e672066726f6d20746865207661756c7420776974682069747320676f6c64206973206d756368
ORACLE_LINE	10	5	686172646572207468616e2067657474696e6720696e2e
ORACLE_RESULT	10	6	0	1	20	20
ORACLE_LINE	11	0	546865206d6573736167652072656164733a
ORACLE_LINE	11	1	
ORACLE_LINE	11	2	49742069732077656c6c206b6e6f776e20746861742077696c792073686f706b65657065727320726169736520746865697220707269636573207768656e652765722074686579
ORACLE_LINE	11	3	657370792074686520676172697368206170706172656c206f662074686520617070726f616368696e6720746f7572697374206f722074686520636f756e74656e616e6365206f662061
ORACLE_LINE	11	4	6469736661766f72656420706174726f6e2e202054686579206661766f72207468652067656e746c65206f66206d616e6e657220616e64207468652066616972206f6620666163652e
ORACLE_LINE	11	5	54686520626f6f72206d61792065787065637420756e70726f66697461626c65207472616e73616374696f6e732e
ORACLE_RESULT	11	6	0	1	20	20
ORACLE_LINE	12	0	546865206d6573736167652072656164733a
ORACLE_LINE	12	1	
ORACLE_LINE	12	2	54686520636c69636865206f6620746865206b69746368656e2073696e6b207377616c6c6f77696e6720616e7920756e666f7274756e6174652072696e6773207468617420636f6e74616374
ORACLE_LINE	12	3	697473207065726e6963696f75732073757266616365207265666c6563746574682067726561746572207472757468207468616e206d616e7920686f6d696c6965732c20796574
ORACLE_LINE	12	4	6576656e20736f2c20666577206861766520646576656c6f7065642074686520736b696c6c20746f206964656e7469667920656e6368616e7465642072696e677320627920746865
ORACLE_LINE	12	5	7472616e7366696775726174696f6e732065666665637465642075706f6e2074686520766f726163696f7573206465766963652773206672616d652e
ORACLE_RESULT	12	6	0	1	20	20
ORACLE_LINE	13	0	546865206d6573736167652072656164733a
ORACLE_LINE	13	1	
ORACLE_LINE	13	2	546865206d656174206f6620656e6368616e74656420637265617475726573206f667474696d657320636f6e766579657468206d61676963616c2070726f70657274696573
ORACLE_LINE	13	3	756e746f2074686520636f6e73756d65722e20204120667265736820636f72707365206f6620666c6f6174696e672065796520646f746820666574636820612068696768
ORACLE_LINE	13	4	707269636520616d6f6e672077697a6172647320666f7220697473207574696c69747920696e20636f6e66657272696e672054656c6570617468792c206279207768696368
ORACLE_LINE	13	5	7468652073696768746c657373206d6179206c6f6361746520737572726f756e64696e67206d696e64732e
ORACLE_RESULT	13	6	0	1	20	20
ORACLE_LINE	14	0	546865206d6573736167652072656164733a
ORACLE_LINE	14	1	
ORACLE_LINE	14	2	54686520646574656374696f6e206f6620626c657373696e677320616e642063757273657320697320696e2074686520646f6d61696e206f662074686520676f64732e2020546865792077696c6c
ORACLE_LINE	14	3	6d616b65207468697320696e666f726d6174696f6e20617661696c61626c6520746f206d6f7274616c732077686f207265717565737420697420617420746865697220706c61636573206f66
ORACLE_LINE	14	4	776f72736869702c206f7220656c7365776865726520666f722074686f7365206d6f7274616c732077686f206465766f7465207468656d73656c76657320746f207468652073657276696365
ORACLE_LINE	14	5	6f662074686520676f64732e
ORACLE_RESULT	14	6	0	1	20	20
ORACLE_LINE	15	0	546865206d6573736167652072656164733a
ORACLE_LINE	15	1	
ORACLE_LINE	15	2	41742074696d65732c2074686520676f6473206d6179206661766f7220776f7274687920737570706c6963616e74732077697468206e616d656420626c616465732077686f7365
ORACLE_LINE	15	3	706f77657273206563686f207468726f7567686f7574206c6567656e642e20204c6561726e6564207761796661726572732063616e20726570726f6475636520626c61646573206f66
ORACLE_LINE	15	4	656c76656e206c696e656167652c206861746564206f6620746865206f7263732c20776974686f757420746865206e65656420666f72207375636820696e74657276656e74696f6e2e
ORACLE_RESULT	15	5	0	1	20	20
ORACLE_LINE	16	0	546865206d6573736167652072656164733a
ORACLE_LINE	16	1	
ORACLE_LINE	16	2	546865726520617265206d616e792073746f72696573206f662061206d696768747920616d756c65742c20746865206f726967696e73206f66207768696368206172652073616964
ORACLE_LINE	16	3	746f20626520616e6369656e742059656e646f722e20205468697320616d756c657420646f7468206861766520617765736f6d6520706f7765722c20616e642074686520676f6473
ORACLE_LINE	16	4	6465736972652069742067726561746c792e20204d6f7274616c73206d6179737420746170206f6e6c7920706f7274696f6e73206f6620697473207465727269626c65
ORACLE_LINE	16	5	6162696c69746965732e20205468652073746f726965732074656c6c206f66206d6f7274616c7320736565696e67207768617420746865697220657965732063616e6e6f74
ORACLE_LINE	16	6	73656520616e64207365656b696e6720706c61636573206f66206d61676963616c207472616e73706f72746174696f6e2c207768696c6520686176696e672074686973
ORACLE_LINE	16	7	616d756c657420696e20746865697220706f7373657373696f6e2e20204f7468657273207361792061206d6f7274616c206d75737420776561722074686520616d756c657420746f
ORACLE_LINE	16	8	6f627461696e20746865736520706f776572732e202042757420766572696c792c207375636820706f77657220636f6d657320617420677265617420636f73742c20746f
ORACLE_LINE	16	9	7072657365727665207468652062616c616e63652e
ORACLE_RESULT	16	10	0	1	20	20
ORACLE_LINE	17	0	546865206d6573736167652072656164733a
ORACLE_LINE	17	1	
ORACLE_LINE	17	2	4974206973207361696420746861742074686f75206d61797374206761696e20656e74727920746f204d6f6c6f636827732073616e6374756172792c2069662074686f75
ORACLE_LINE	17	3	6461726573742c2066726f6d206120706c616365207768657265207468652067726f756e642076696272617465746820696e20746865206465657065737420646570746873206f66
ORACLE_LINE	17	4	476568656e6e6f6d2e202054686f75206e65656473206d75737420686176652074686520616964206f66207468726565206d61676963616c206974656d732e2020546865
ORACLE_LINE	17	5	7075726520736f756e64206f6620612073696c7665722062656c6c207368616c6c20616e6e6f756e636520746865652e2020546865207465727269626c652072756e65732c
ORACLE_LINE	17	6	726561642066726f6d204d6f6c6f6368277320626f6f6b2c207368616c6c2063617573652074686520656172746820746f207472656d626c65206d69676874696c792e2020546865
ORACLE_LINE	17	7	6c69676874206f6620616e20656e6368616e7465642063616e64656c616272756d207368616c6c2073686f77207468656520746865207761792e
ORACLE_RESULT	17	8	0	1	20	20
ORACLE_LINE	18	0	546865206d6573736167652072656164733a
ORACLE_LINE	18	1	
ORACLE_LINE	18	2	496e207468652064656570657374207265636573736573206f66207468652044756e67656f6e73206f6620446f6f6d2c206775617264696e672061636365737320746f20746865
ORACLE_LINE	18	3	6e657468657220726567696f6e732c207468657265207374616e64657468206120636173746c652c207768657265696e206c6965746820612077616e64206f66207769736865732e
ORACLE_LINE	18	4	49662074686f7520776f756c647374206761696e20656e7472792c20626561722077697468207468656520616e20696e737472756d656e74206f66206d757369632c20666f7220746865
ORACLE_LINE	18	5	706f6e746c65766973206d617920626520636861726d656420646f776e2077697468207468652070726f706572206d656c6f64792e202057686174206e6f74657320636f6d7072697365
ORACLE_LINE	18	6	6974206f6e6c792074686520676f6473206b6e6f772c206275742061206d75736963616c206d61737465726d696e64206d61792079657420737563636565642062792077697466756c
ORACLE_LINE	18	7	696d70726f7669736174696f6e2e2020486f77657665722c20746865206c65737320706572737069636163696f757320617265206e6f7420776974686f7574207265636f757273652c
ORACLE_LINE	18	8	73686f756c64207468657920626520707265706172656420746f2063697263756d616d62756c6174652074686520636173746c6520746f2074686520706f737465726e2e
ORACLE_RESULT	18	9	0	1	20	20
ORACLE_LINE	19	0	546865206d6573736167652072656164733a
ORACLE_LINE	19	1	
ORACLE_LINE	19	2	54686520676f647320617265207361696420746f20626520706c6561736564207768656e206f66666572696e67732061726520676976656e20746f20746865
ORACLE_LINE	19	3	707269657374732077686f20617474656e642074686569722074656d706c65732c20616e642074686579206d6179206772616e7420766172696f7573206661766f727320746f
ORACLE_LINE	19	4	74686f73652077686f20646f20736f2e202042757420626577617265212020546f20626520796f756e6720616e642066727567616c20697320626574746572207468616e20746f
ORACLE_LINE	19	5	6265206f6c6420616e64206d697365726c792e
ORACLE_RESULT	19	6	0	1	20	20
ORACLE_LINE	20	0	546865206d6573736167652072656164733a
ORACLE_LINE	20	1	
ORACLE_LINE	20	2	546865206e616d65206f6620456c626572657468206d617920737472696b65206665617220696e746f2074686520686561727473206f66207468696e6520656e656d6965732c206966
ORACLE_LINE	20	3	74686f7520646f73742077726974652069742075706f6e207468652067726f756e642061742074687920666565742e202049662074686f75206d61696e7461696e65737420746865
ORACLE_LINE	20	4	75746d6f73742063616c6d2c20746879207361666574792077696c6c2062652061696465642067726561746c792c2062757420626577617265206c6573742074687920636c756d7379
ORACLE_LINE	20	5	666565742073637566662074686520696e736372697074696f6e2c2063616e63656c6c696e672069747320706f74656e63652c206f72207468792077617977617264
ORACLE_LINE	20	6	73776f72642d61726d20627265616b207468652074727563652e
ORACLE_RESULT	20	7	0	1	20	20
RUMOR_HEADER	109	25033	24924	25033	50795	25762	50795
RANDOM_HEADER	rumors.true	390	109	25033	60
RANDOM_RESULT	rumors.true	0	24856	10	24924	169	4120626c696e64666f6c642063616e20626520766572792075736566756c20696620796f752772652074656c657061746869632e
RANDOM_RESULT	rumors.true	1	0	1	24924	246	412063616e64656c616272756d2061666669786564207769746820736576656e2063616e646c65732073686f7773207468652077617920776974682061206d61676963616c206c696768742e
RANDOM_RESULT	rumors.true	2	60	10	24924	306	4120637265616d20706965206861732074776f20757365733a20666f6f642e2e2e20616e6420656e7465727461696e6d656e742e
RANDOM_RESULT	rumors.true	3	137	1	24924	366	41206372797374616c20706c617465206d61696c2077696c6c206e6f7420727573742e
RANDOM_RESULT	rumors.true	4	197	1	24924	445	41206465616420626f6479206d61792070726f7465637420796f7572206c69766520626f64792e2020427574206f6e6c7920616e206974656d2063616e2070726f7465637420616e206974656d2e
RANDOM_RESULT	rumors.true	5	257	10	24924	505	41206b6174616e61206d6967687420736c696365206120776f726d20696e2074776f2e
RANDOM_RESULT	rumors.true	6	336	1	24924	565	41206d6167696320766f6d69742070756d7020636f756c642062652075736566756c20666f7220676f75726d616e64732e
RANDOM_RESULT	rumors.true	7	396	1	24924	625	41206e796d7068206b6e6f777320686f7720746f20756e6c6f636b20636861696e732e
RANDOM_RESULT	rumors.true	8	456	1	24924	685	4120706f74696f6e206f6620626c696e646e657373206c65747320796f752073656520696e76697369626c65207468696e67732e
RANDOM_RESULT	rumors.true	9	516	1	24924	745	41207072696573742063616e206765742074686520676f647320746f206c697374656e20656173696c792e
RANDOM_RESULT	rumors.true	10	576	1	24924	813	412070726965737465737320616e6420612076697267696e20796f75206d696768742062652c20627574207468617420756e69636f726e20776f6e277420636172652e
RANDOM_RESULT	rumors.true	11	636	10	24924	880	412072696e67206f6620636f6e666c696374206973206120626164207468696e672069662074686572652069732061206e7572736520696e2074686520726f6f6d2e
RANDOM_RESULT	rumors.true	12	704	10	24924	940	412073686f72742073776f7264206973206e6f7420617320676f6f642061732061206c6f6e672073776f72642e
RANDOM_RESULT	rumors.true	13	771	1	24924	1000	412073756363756275732077696c6c20676f2066617274686572207468616e2061206e796d70682e
RANDOM_RESULT	rumors.true	14	831	1	24924	1060	412077616e642063616e2065786f7263697a6520612070617374206578706c6f72657227732067686f73742e
RANDOM_RESULT	rumors.true	15	891	1	24924	1120	4163696420626c6f62732073686f756c642062652061747461636b656420626172652d68616e6465642e
RANDOM_RESULT	rumors.true	16	951	1	24924	1180	416666616972732077697468206e796d70687320617265206f6674656e207665727920657870656e736976652e
RANDOM_RESULT	rumors.true	17	1011	1	24924	1240	416672616964206f66206e796d7068733f20205765617220612072696e67206f662061646f726e6d656e742e
RANDOM_RESULT	rumors.true	18	1071	1	24924	1300	416672616964206f6620796f75722076616c7561626c6573206265696e672073746f6c656e3f20204361727279206d6f7265206a756e6b21
RANDOM_RESULT	rumors.true	19	1131	1	24924	1360	416c77617973206265206177617265206f6620746865207068617365206f6620746865206d6f6f6e21
RANDOM_RESULT	rumors.true	20	1191	1	24924	1420	416c776179732073776565702074686520666c6f6f72206265666f726520656e67726176696e6720696d706f7274616e74206d657373616765732e
RANDOM_RESULT	rumors.true	21	1251	1	24924	1485	416d756c657473206f662059656e646f7220617265206861726420746f206d616b652e20204576656e20666f7220612077616e64206f662077697368696e672e
RANDOM_RESULT	rumors.true	22	1311	10	24924	1545	416e20656c76656e20636c6f616b2069732075736566756c20616761696e7374206d616769632e
RANDOM_RESULT	rumors.true	23	1376	1	24924	1605	416e20756d6265722068756c6b2063616e206265206120636f6e667573696e672073696768742e
RANDOM_RESULT	rumors.true	24	1436	1	24924	1665	41732043726f6d206973206d79207769746e6573732c2049276c6c206e6576657220676f2068756e67727920616761696e21
RANDOM_RESULT	rumors.true	25	1496	1	24924	1725	41736b696e672061626f7574206d6f6e7374657273206d617920626520766572792075736566756c2e
RANDOM_RESULT	rumors.true	26	1556	1	24924	1785	41747461636b206c6f6e6720776f726d732066726f6d207468652072656172202d2d207468617420697320736f206d75636820736166657221
RANDOM_RESULT	rumors.true	27	1616	1	24924	1850	41747461636b696e6720616e2065656c207768657265207468657265206973206e6f6e6520697320757375616c6c79206120666174616c206d697374616b6521
RANDOM_RESULT	rumors.true	28	1676	10	24924	1910	42616e646167696e6720776f756e64732068656c7073206b65657020757020617070656172616e6365732e
RANDOM_RESULT	rumors.true	29	1741	1	24924	1970	42617368696e67206d6f6e73746572732077697468206120626f77206973206e6f742073756368206120676f6f6420696465612e
RANDOM_RESULT	rumors.true	30	1801	1	24924	2030	4265206361726566756c2120205468652057697a617264206d617920706c616e20616e20616d6275736821
RANDOM_RESULT	rumors.true	31	1861	1	24924	2099	4265206e69636520746f2061206e757273653a2020507574206177617920796f757220776561706f6e20616e642074616b65206f666620796f757220636c6f746865732e
RANDOM_RESULT	rumors.true	32	1921	10	24924	2159	426c616e6b207363726f6c6c73206d616b65206d6f726520696e746572657374696e672072656164696e672e
RANDOM_RESULT	rumors.true	33	1990	1	24924	2219	426c696e643f20204361746368206120666c6f6174696e672065796521
RANDOM_RESULT	rumors.true	34	2050	1	24924	2280	426f6f6b73656c6c657273206e657665722072656164207363726f6c6c733b2074686579206d6967687420676574206361727269656420617761792e
RANDOM_RESULT	rumors.true	35	2110	1	24924	2340	4368656d6973747279203130313a204e6576657220706f757220776174657220696e746f20616369642e
RANDOM_RESULT	rumors.true	36	2171	1	24924	2400	436f6e6369736520636f6e71756573743a2020436f6e74726f6c2c20636f6e667573652c20636f6e6a7572652c20636f6e64656d6e2e
RANDOM_RESULT	rumors.true	37	2231	1	24924	2460	436f6e736572766520656e657267792c207475726e206f666620746865206c69676874732e
RANDOM_RESULT	rumors.true	38	2291	1	24924	2520	44696767696e67207570206120677261766520636f756c6420626520612062616420696465612e2e2e
RANDOM_RESULT	rumors.true	39	2351	1	24924	2580	44696c69746869756d206372797374616c7320617265207261726520696e646565642e
RANDOM_RESULT	rumors.true	40	2411	1	24924	2640	446f677320617265206174747261637465642062792074686520736d656c6c206f662074726970652e
RANDOM_RESULT	rumors.true	41	2471	1	24924	2700	446f67732061726520737570657273746974696f75733b2074686579206e657665722073746570206f6e20637572736564206974656d732e
RANDOM_RESULT	rumors.true	42	2531	1	24924	2760	446f6773206f662067686f737473206172656e277420616e6772792c206a7573742068756e6772792e
RANDOM_RESULT	rumors.true	43	2591	1	24924	2828	446f6e277420666f726765742120204c6172676520646f677320617265204d5543482068617264657220746f206b696c6c207468616e206c6974746c6520646f67732e
RANDOM_RESULT	rumors.true	44	2651	10	24924	2888	446f6e2774206c617368206f75742061742070656f706c65207768696c6520626c696e6465642e
RANDOM_RESULT	rumors.true	45	2719	1	24924	2952	446f6e2774206d65737320776974682073686f706b6565706572732c206f7220796f75276c6c2067657420746865204775696c6420616674657220796f752e
RANDOM_RESULT	rumors.true	46	2779	10	24924	3012	447261676f6e73206e657665722077686970207468656972206368696c6472656e3b207468657920776f756c646e2774206665656c20697421
RANDOM_RESULT	rumors.true	47	2843	1	24924	3072	447761727665732075736520746865697220636c6f616b7320746f206b656570207468656972206472696e6b7320636f6f6c2e
RANDOM_RESULT	rumors.true	48	2903	1	24924	3132	45617420796f757220636172726f74732e20205468657927726520676f6f6420666f7220796f757220657965732e
RANDOM_RESULT	rumors.true	49	2963	1	24924	3192	456174696e67206120667265657a696e6720737068657265206973206c696b6520656174696e67206120796574692e
RANDOM_RESULT	rumors.true	50	3023	1	24924	3252	456174696e672061206b696c6c657220626565206973206c696b6520656174696e6720612073636f7270696f6e2e
RANDOM_RESULT	rumors.true	51	3083	1	24924	3312	456174696e6720612074656e6775206973206c696b6520656174696e672061206e796d70682e
RANDOM_RESULT	rumors.true	52	3143	1	24924	3372	456174696e67206120777261697468206973206120726577617264696e6720657870657269656e636521
RANDOM_RESULT	rumors.true	53	3203	1	24924	3432	456174696e6720756e70616964206c65707265636861756e73206d617920626520616476616e746167656f75732e
RANDOM_RESULT	rumors.true	54	3263	1	24924	3492	456c6265726574682068617320717569746520612072657075746174696f6e2061726f756e642074686573652070617274732e
RANDOM_RESULT	rumors.true	55	3323	1	24924	3570	456c6620636f72707365732061726520696e636f6d70617469626c652077697468207468652073616e646d616e2c20616e642061742074696d65732074686520676f64732061732077656c6c2e
RANDOM_RESULT	rumors.true	56	3383	10	24924	3630	456c76656e20636c6f616b732063616e6e6f7420727573742e
RANDOM_RESULT	rumors.true	57	3461	1	24924	3690	456c7665732063616e2068656c7020796f75206665656c206c6573732074697265642e
RANDOM_RESULT	rumors.true	58	3521	1	24924	3750	4576656e206576696c20706c61796572732068617665206120677561726469616e20616e67656c2e
RANDOM_RESULT	rumors.true	59	3581	1	24924	3825	4576656e20746865206d6f737420706f77657266756c206865726f657320736f6d6574696d6573206e65656420746f207175616666206177617920746865697220696e6a75726965732e
RANDOM_RESULT	rumors.true	60	3641	10	24924	3885	4576657220666f75676874207769746820616e20656e6368616e74656420746f6f74683f
RANDOM_RESULT	rumors.true	61	3716	1	24924	3945	457665722074726965642072656164696e67207768696c6520636f6e66757365643f
RANDOM_RESULT	rumors.true	62	3776	1	24924	4005	4576657220747269656420746f206c6f636b20612074726f6c6c20696e736964652061206c6172676520626f783f
RANDOM_RESULT	rumors.true	63	3836	1	24924	4068	4576657220776f6e646572656420776879206f6e6520776f756c642077616e7420746f2064697020736f6d657468696e6720696e206120706f74696f6e3f
RANDOM_RESULT	rumors.true	64	3896	10	24924	4128	457870656e736976652063616d6572617320686176652070656e6574726174696e6720666c617368206c69676874732e
RANDOM_RESULT	rumors.true	65	3959	1	24924	4188	45787472612073746169726361736573206c65616420746f206578747261206c6576656c732e
RANDOM_RESULT	rumors.true	66	4019	1	24924	4248	4669657279206c657474657273206d69676874206465746572206d6f6e73746572732e
RANDOM_RESULT	rumors.true	67	4079	1	24924	4308	466f72206120676f6f642074696d6520656e67726176652060456c626572657468272e
RANDOM_RESULT	rumors.true	68	4139	1	24924	4368	47656d732061726520746f6f2070726563696f757320746f206265207468726f776e206177617920636172656c6573736c792e
RANDOM_RESULT	rumors.true	69	4199	1	24924	4428	47657474696e672068756e6772793f202053746f702077656172696e672072696e677321
RANDOM_RESULT	rumors.true	70	4259	1	24924	4507	47657474696e6720746f6f207761726d3f202054616b65206f6666207468617420416d756c6574206f662059656e646f7220616e64207374617920617761792066726f6d20746865206578697421
RANDOM_RESULT	rumors.true	71	4319	10	24924	4567	476f6473206578706563742074686520626573742066726f6d20746865697220707269657374686f6f642e
RANDOM_RESULT	rumors.true	72	4398	1	24924	4627	476f6473206c6f6f6b20646f776e207468656972206e6f7365732061742064656d69676f64732e
RANDOM_RESULT	rumors.true	73	4458	1	24924	4687	476f6473206c6f7665206361747320616e6420646f67732e
RANDOM_RESULT	rumors.true	74	4518	1	24924	4747	476f742061207175657374696f6e3f2020547279207265632e67616d65732e726f6775656c696b652e6e65746861636b2e
RANDOM_RESULT	rumors.true	75	4578	1	24924	4807	477261766520726f626265727320736f6d6574696d65732067657420726963682e
RANDOM_RESULT	rumors.true	76	4638	1	24924	4867	477579204d6f6e746167206b6565707320686973207363726f6c6c7320696e2061206261672e
RANDOM_RESULT	rumors.true	77	4698	1	24924	4930	48616e646c6520796f757220666c61736b73206361726566756c6c79202d2d207468657265206d6967687420626520612067686f737420696e7369646521
RANDOM_RESULT	rumors.true	78	4758	10	24924	4990	48656176792d6475747920626f6f74732063616e2070726f74656374206d6f7265207468616e206a75737420796f757220666565742e
RANDOM_RESULT	rumors.true	79	4821	1	24924	5050	486f6c7920776174657220686173206d616e7920757365732e
RANDOM_RESULT	rumors.true	80	4881	1	24924	5110	486f72736573207472757374207468656972207269646572732c206576656e207768656e206e6f7420736f2064657365727665642e
RANDOM_RESULT	rumors.true	81	4941	1	24924	5170	48756e676572206973206120636f6e667573696e6720657870657269656e636520666f72206120646f6721
RANDOM_RESULT	rumors.true	82	5001	1	24924	5230	49206f6e6365206b6e65772061206861636b65722077686f2061746520746f6f206661737420616e642063686f6b656420746f2064656174682e
RANDOM_RESULT	rumors.true	83	5061	1	24924	5290	4920736d656c6c2061206d617a65206f6620747769737479206c6974746c652070617373616765732e
RANDOM_RESULT	rumors.true	84	5121	1	24924	5352	4920776973682049206e657665722077697368656420612077616e64206f662077697368696e672e2020285769736866756c207468696e6b696e672e29
RANDOM_RESULT	rumors.true	85	5181	10	24924	5412	4920776f756c646e27742061647669736520706c6179696e6720636174636820776974682061206769616e742e
RANDOM_RESULT	rumors.true	86	5243	1	24924	5472	49276d207761746368696e6720796f752e20202d2d205468652057697a617264206f662059656e646f72
RANDOM_RESULT	rumors.true	87	5303	1	24924	5532	49636520626f786573206b65657020796f757220666f6f642066726573682e
RANDOM_RESULT	rumors.true	88	5363	1	24924	5592	496620796f7520617265206265696e672070756e69736865642c206974277320646f6e652077697468206120646561646c7920776561706f6e2e
RANDOM_RESULT	rumors.true	89	5423	1	24924	5652	496620796f75206b696c6c207468652057697a6172642c20796f75206765742070726f6d6f74656420746f2064656d692d676f642e
RANDOM_RESULT	rumors.true	90	5483	1	24924	5712	496620796f75206e65656420612077616e64206f662064696767696e672c206b696e646c792061736b20746865206d696e6f746175722e
RANDOM_RESULT	rumors.true	91	5543	1	24924	5772	496620796f752077616e7420746f206869742c207573652061206461676765722e
RANDOM_RESULT	rumors.true	92	5603	1	24924	5832	496620796f752077616e7420746f20726f6220612073686f702c20747261696e20796f757220646f672e
RANDOM_RESULT	rumors.true	93	5663	1	24924	5893	496620796f75277265206c6f73742c2074727920627579696e672061206d6170206e6578742074696d6520796f7527726520696e20612073686f702e
RANDOM_RESULT	rumors.true	94	5723	1	24924	5953	496620796f75722068616e647320617265206772656173792c20776879206e6f742077617368207468656d3f
RANDOM_RESULT	rumors.true	95	5784	1	24924	6018	496620796f7572206974656d73206765742064657374726f7965642c20796f7520776572656e27742077656172696e67207468652072696768742072696e672e
RANDOM_RESULT	rumors.true	96	5844	10	24924	6097	496e7369646520612073686f7020796f75206265747465722074616b652061206c6f6f6b206174207468652070726963652074616773206265666f726520627579696e6720616e797468696e672e
RANDOM_RESULT	rumors.true	97	5909	10	24924	6157	497420697320626164206d616e6e65727320746f2075736520612077616e6420696e20612073686f702e
RANDOM_RESULT	rumors.true	98	5988	1	24924	6217	49742069732064616e6765726f757320746f207669736974206120677261766579617264206174206d69646e696768742e
RANDOM_RESULT	rumors.true	99	6048	1	24924	6277	4974206973206e6f7420616c77617973206120676f6f64206964656120746f2077686973746c6520666f7220796f757220646f672e
RANDOM_RESULT	rumors.true	100	6108	1	24924	6337	49742069732072756d6f7265642074686174207468652057697a6172642068617320686972656420736f6d652068656c702e
RANDOM_RESULT	rumors.true	101	6168	1	24924	6401	497420697320746865206c65747465722027632720616e64206e6f74202765272074686174206368616e6765732073746174757320746f207374617475652e
RANDOM_RESULT	rumors.true	102	6228	10	24924	6461	4974206d69676874206265206120676f6f64206964656120746f206f666665722074686520756e69636f726e206120727562792e
RANDOM_RESULT	rumors.true	103	6292	1	24924	6521	497420776f756c6420626520706563756c6961726c7920736164207765726520796f757220646f67207475726e656420746f2073746f6e652e
RANDOM_RESULT	rumors.true	104	6352	1	24924	6581	4974277320612027642720656174732027642720776f726c642e
RANDOM_RESULT	rumors.true	105	6412	1	24924	6641	4a757374206265636175736520697420736179732052454144204d4520646f65736e2774206d65616e20796f752073686f756c642e
RANDOM_RESULT	rumors.true	106	6472	1	24924	6701	4b65657020796f75722061726d6f727320617761792066726f6d20727573742e
RANDOM_RESULT	rumors.true	107	6532	1	24924	6761	4b65657020796f757220776561706f6e727920617761792066726f6d2061636964732e
RANDOM_RESULT	rumors.true	108	6592	1	24924	6821	4b696c6c206120756e69636f726e206f6620796f757220636f6c6f7220616e6420796f75206b696c6c20796f7572206c75636b2e
RANDOM_RESULT	rumors.true	109	6652	1	24924	6881	4c65617468657220697320776174657270726f6f662e20204576657220736565206120636f77207769746820616e20756d6272656c6c613f
RANDOM_RESULT	rumors.true	110	6712	1	24924	6941	4c65707265636861756e732061726520746865206d6f737420736b696c6c65642063757470757273657320696e20746869732064756e67656f6e2e
RANDOM_RESULT	rumors.true	111	6772	1	24924	7001	4c697a61726420636f72707365732070726f7465637420616761696e737420636f636b617472696365732e
RANDOM_RESULT	rumors.true	112	6832	1	24924	7071	4d6f6e6579206c6f73742c206c6974746c65206c6f73743b20686f6e6f72206c6f73742c206d756368206c6f73743b20706c75636b206c6f73742c20616c6c206c6f73742e
RANDOM_RESULT	rumors.true	113	6892	10	24924	7131	4d6f7374206d6f6e73746572732063616e2774207377696d2e
RANDOM_RESULT	rumors.true	114	6962	1	24924	7191	4d75736963206861746820636861726d7320746f20616666656374207468652073747562626f726e20647261776272696467652e
RANDOM_RESULT	rumors.true	115	7022	1	24924	7251	4d75736963206861746820636861726d7320746f20736f6f74686520746865207361766167652062656173742e
RANDOM_RESULT	rumors.true	116	7082	1	24924	7311	4e657665722061747461636b20612067756172642e
RANDOM_RESULT	rumors.true	117	7142	1	24924	7371	4e6576657220726964652061206c6f6e6720776f726d2e
RANDOM_RESULT	rumors.true	118	7202	1	24924	7431	4e657665722075736520796f7572206265737420776561706f6e20746f20656e677261766520612063757273652e
RANDOM_RESULT	rumors.true	119	7262	1	24924	7491	4e6f2065617379206669676874696e6720776974682061206865617679206c6f616421
RANDOM_RESULT	rumors.true	120	7322	1	24924	7551	4e6f7420616c6c20626f6f74732077657265206d61646520666f722077616c6b696e672e
RANDOM_RESULT	rumors.true	121	7382	1	24924	7617	4e75727365732061726520747261696e656420746f20746f756368206e616b656420706572736f6e733a20207468657920646f6e2774206861726d207468656d2e
RANDOM_RESULT	rumors.true	122	7442	10	24924	7677	4e796d7068732063616e20756e6c696e6b206d6f7265207468616e20796f757220636861696e206d61696c2e
RANDOM_RESULT	rumors.true	123	7508	1	24924	7746	4f6e636520796f7572206c6974746c6520646f672077696c6c20626520612062696720646f672c20616e6420796f752077696c6c2062652070726f7564206f662069742e
RANDOM_RESULT	rumors.true	124	7568	10	24924	7806	4f6e6c792066656d616c65206d6f6e73746572732063616e206c617920656767732e
RANDOM_RESULT	rumors.true	125	7637	1	24924	7882	4f6e6c7920746865206d6f737420636f6e667573656420616476656e74757265727320776f756c642072656164206375727365642064657374726f792061726d6f72207363726f6c6c732e
RANDOM_RESULT	rumors.true	126	7697	10	24924	7954	4f70656e696e6720612074696e20697320646966666963756c742c20657370656369616c6c79207768656e20796f7520617474656d707420697420626172652068616e64656421
RANDOM_RESULT	rumors.true	127	7773	10	24924	8014	4f72637320616e64206b696c6c65722062656573207368617265207468656972206c6966657374796c652e
RANDOM_RESULT	rumors.true	128	7845	1	24924	8074	4f72637320646f206e6f742070726f63726561746520696e206461726b20726f6f6d732e
RANDOM_RESULT	rumors.true	129	7905	1	24924	8134	506c61696e206e796d70687320617265206861726d6c6573732e
RANDOM_RESULT	rumors.true	130	7965	1	24924	8194	506c6179696e672041442644206d61792062652068656c7066756c2e
RANDOM_RESULT	rumors.true	131	8025	1	24924	8254	506c6179696e67204761756e746c6574206d6967687420626520656e6c69676874656e696e6720696e20736f6d6520736974756174696f6e732e
RANDOM_RESULT	rumors.true	132	8085	1	24924	8314	506c6179696e672062696c6c69617264732070617973207768656e20796f752061726520696e20612073686f702e
RANDOM_RESULT	rumors.true	133	8145	1	24924	8374	506f6c796d6f727068696e6720612073686f706b6565706572206d69676874206d616b6520796f752073616665722e
RANDOM_RESULT	rumors.true	134	8205	1	24924	8434	506f6c796d6f727068696e6720796f757220646f672070726f6261626c79206d616b657320796f752073616665722e
RANDOM_RESULT	rumors.true	135	8265	1	24924	8494	506f74696f6e7320646f6e277420757375616c6c79206d69782c2062757420736f6d6574696d65732e2e2e
RANDOM_RESULT	rumors.true	136	8325	1	24924	8554	507373742120204974277320646f6e652077697468206d6972726f727321
RANDOM_RESULT	rumors.true	137	8385	1	24924	8625	507574206f6e20612072696e67206f662074656c65706f72746174696f6e3a202069742077696c6c2074616b6520796f7520617761792066726f6d206f6e736c61756768742e
RANDOM_RESULT	rumors.true	138	8445	10	24924	8685	52617973206172656e277420626f6f6d6572616e67732c206f6620636f757273652c20627574207374696c6c2e2e2e
RANDOM_RESULT	rumors.true	139	8516	1	24924	8761	5265616420746865206d616e75616c206265666f726520656e746572696e67207468652063617665202d2d20796f75206d6967687420676574206b696c6c6564206f74686572776973652e
RANDOM_RESULT	rumors.true	140	8576	10	24924	8821	52656164696e672048657262657274206d6967687420626520656e6c69676874656e696e6720696e206f6e6520636173652e
RANDOM_RESULT	rumors.true	141	8652	1	24924	8881	52656164696e6720546f6c6b69656e206d696768742068656c7020796f752e
RANDOM_RESULT	rumors.true	142	8712	1	24924	8946	52656164696e67207363726f6c6c73206166746572206472696e6b696e6720626f6f7a652063616e206769766520636f6e667573696e6720726573756c74732e
RANDOM_RESULT	rumors.true	143	8772	10	24924	9006	526964696e67206120647261676f6e2063616e20626520616e2075706c696674696e6720657870657269656e63652e
RANDOM_RESULT	rumors.true	144	8837	1	24924	9071	52757374206d6f6e7374657273206c6f76652077617465722e202054686572652061726520706f74696f6e73207468657920686174652c20686f77657665722e
RANDOM_RESULT	rumors.true	145	8897	10	24924	9142	5361636b732070726f7465637420636f6e74656e74732066726f6d2074656d70657261747572657320757020746f2034353220646567726565732066616872656e686569742e
RANDOM_RESULT	rumors.true	146	8962	10	24924	9202	5363726f6c6c7320666164696e673f202049742773206e6f742074686520686561742c2069742773207468652068756d69646974792e
RANDOM_RESULT	rumors.true	147	9033	1	24924	9262	53686f706b65657065727320616363657074206372656469742063617264732c206173206c6f6e6720617320796f752070617920636173682e
RANDOM_RESULT	rumors.true	148	9093	1	24924	9333	53686f706b6565706572732063616e2073706f74206120746f75726973742061206d696c65206177617920776974682074686f736520486177616969616e207368697274732e
RANDOM_RESULT	rumors.true	149	9153	10	24924	9393	53686f706b6565706572732063616e27742074656c6c206964656e746963616c207477696e732061706172742e
RANDOM_RESULT	rumors.true	150	9224	1	24924	9453	53686f706b65657065727320646f6e277420726561642c20736f20776861742075736520697320656e67726176696e6720696e20612073686f703f
RANDOM_RESULT	rumors.true	151	9284	1	24924	9513	53686f706b656570657273206861766520696e6372656469626c652070617469656e63652e
RANDOM_RESULT	rumors.true	152	9344	1	24924	9573	53686f706b656570657273206d696768742072616973652074686569722070726963657320666f7220746f7572697374732e
RANDOM_RESULT	rumors.true	153	9404	1	24924	9633	53686f706b6565706572732076616c7565206d6f6e6579206d6f7265207468616e20726576656e67652e
RANDOM_RESULT	rumors.true	154	9464	1	24924	9702	536f6d65206d6f6e73746572732063616e2062652074616d65642e202049206f6e6365207361772061206861636b6572207769746820612074616d6520647261676f6e21
RANDOM_RESULT	rumors.true	155	9524	10	24924	9770	536f6d652072656d61696e20666c657869626c652c207768696c65206f74686572732063616e2774207365656d20746f206368616e67652074686569722074756e652e
RANDOM_RESULT	rumors.true	156	9593	10	24924	9830	536f6d656f6e65206f6e636520736169642074686174207768617420676f6573207570203c206d6967687420636f6d6520646f776e203e2e
RANDOM_RESULT	rumors.true	157	9661	1	24924	9890	536f6d656f6e652773206265656e207370696b696e6720746865207069747321
RANDOM_RESULT	rumors.true	158	9721	1	24924	9962	536f6d6574696d6573206d6f6e737465727320617265206d6f7265206c696b656c7920746f2066696768742065616368206f74686572207468616e2061747461636b20796f752e
RANDOM_RESULT	rumors.true	159	9781	10	24924	10022	5370696e6163682c20636172726f742c20616e64206a656c6c79202d2d2061206d65616c2066697420666f722061206e7572736521
RANDOM_RESULT	rumors.true	160	9853	1	24924	10100	537572766976696e67207468652066756c6c20657874656e74206f6620746865206d696e657320636f756c64206d65616e207468617420796f7572206c75636b206973206368616e67696e672e
RANDOM_RESULT	rumors.true	161	9913	10	24924	10160	5461696e746564206d656174206973206576656e206d6f7265207369636b656e696e67207468616e20706f69736f6e21
RANDOM_RESULT	rumors.true	162	9991	1	24924	10220	54616b6520796f7572206865616c696e6720706f74696f6e7320746f20746865206e657874206c6576656c21
RANDOM_RESULT	rumors.true	163	10051	1	24924	10287	54656c657061746879206973206a757374206120747269636b3a20206f6e636520796f75206b6e6f7720686f7720746f20646f2069742c206974277320656173792e
RANDOM_RESULT	rumors.true	164	10111	10	24924	10355	546865204c65707265636861756e20476f6c64205472752474206973206e6f206469766973696f6e206f6620746865204d61676963204d656d6f7279205661756c742e
RANDOM_RESULT	rumors.true	165	10178	10	24924	10415	5468652057697a6172642066696e647320646561746820746f20626520717569746520616e20657870657269656e63652e
RANDOM_RESULT	rumors.true	166	10246	1	24924	10483	54686520626573742065717569706d656e7420666f7220796f757220776f726b2069732c206f6620636f757273652c20746865206d6f737420657870656e736976652e
RANDOM_RESULT	rumors.true	167	10306	10	24924	10543	54686520676f647320646f6e27742061707072656369617465207065736b7920707269657374686f6f642e
RANDOM_RESULT	rumors.true	168	10374	1	24924	10603	54686520676f64732077696c6c2067657420616e67727920696620796f75206b696c6c20796f757220646f672e
RANDOM_RESULT	rumors.true	169	10434	1	24924	10663	546865206c657373206d6167696320696e20796f75722061726d6f722c20746865206d6f726520796f752063616e206164642e
RANDOM_RESULT	rumors.true	170	10494	1	24924	10723	546865206d61676963206d61726b6572206973206d69676874696572207468616e207468652073776f72642e
RANDOM_RESULT	rumors.true	171	10554	1	24924	10786	546865206d6f6f6e206973206e6f7420746865206f6e6c792068656176656e6c7920626f647920746f20696e666c75656e636520746869732067616d652e
RANDOM_RESULT	rumors.true	172	10614	10	24924	10857	546865206f7263207377696e677320686973206f72636973682062726f616473776f7264206e616d656420456c667269737420617420796f752e2020596f75206469652e2e2e
RANDOM_RESULT	rumors.true	173	10677	10	24924	10917	54686520736563726574206f662077616e6473206f66204e6f7468696e672048617070656e733a202074727920616761696e21
RANDOM_RESULT	rumors.true	174	10748	1	24924	10977	54686572652068617320616c77617973206265656e20736f6d657468696e67206d7973746963616c2061626f7574206d6972726f72732e
RANDOM_RESULT	rumors.true	175	10808	1	24924	11037	54686572652069732061204d61737465726d696e64206465657020696e207468652064756e67656f6e2e
RANDOM_RESULT	rumors.true	176	10868	1	24924	11097	54686572652069732061206269672074726561737572652068696464656e20696e20746865207a6f6f21
RANDOM_RESULT	rumors.true	177	10928	1	24924	11157	5468657265206973206d6f7265206d6167696320696e20746869732063617665207468616e206d6565747320746865206579652e
RANDOM_RESULT	rumors.true	178	10988	1	24924	11217	5468657265206973206e6f206861726d20696e207072616973696e672061206c6172676520646f672e
RANDOM_RESULT	rumors.true	179	11048	1	24924	11277	5468657265206973206e6f7468696e67206c696b6520656174696e672061206d696d69632e
RANDOM_RESULT	rumors.true	180	11108	1	24924	11356	5468657265206f6e6365207761732061204b6e69676874206e616d6564204c616e63656c6f742077686f206c696b656420746f2072696465207769746820686973206c616e63652061206c6f742e
RANDOM_RESULT	rumors.true	181	11168	10	24924	11416	546865792073617920612067656c6174696e6f757320637562652063616e20706172616c797a6520796f752e2e2e
RANDOM_RESULT	rumors.true	182	11247	1	24924	11479	54686579207361792074686174204a7569626c657820697320736f6d657768617420616672616964206f6620612077616e64206f662064696767696e672e
RANDOM_RESULT	rumors.true	183	11307	10	24924	11539	54686579207361792074686174204d656475736120776f756c64206c696b6520746f2070757420796f75206f6e206120706564657374616c2e
RANDOM_RESULT	rumors.true	184	11370	1	24924	11599	5468657920736179207468617420566c6164206c69766573212121202e2e2e206e65617220746865206d617a65732e
RANDOM_RESULT	rumors.true	185	11430	1	24924	11659	546865792073617920746861742027456c62657265746827206973206f6674656e207772697474656e2061626f75742e
RANDOM_RESULT	rumors.true	186	11490	1	24924	11719	54686579207361792074686174206120626167206f6620686f6c64696e672063616e277420686f6c642065766572797468696e672e
RANDOM_RESULT	rumors.true	187	11550	1	24924	11779	54686579207361792074686174206120626c65737365642074696e206f6620717561736974206d656174206973206120717569636b206d65616c2e
RANDOM_RESULT	rumors.true	188	11610	1	24924	11839	546865792073617920746861742061206361742061766f6964732074726170732e
RANDOM_RESULT	rumors.true	189	11670	1	24924	11907	5468657920736179207468617420612063617665207370696465722077696c6c206f63636173696f6e616c6c792065617420636176652073706964657220656767732e
RANDOM_RESULT	rumors.true	190	11730	10	24924	11976	54686579207361792074686174206120636c657665722077697a6172642063616e20686176652073746174733a202031382f2a2a2032342031382032342032342032342e
RANDOM_RESULT	rumors.true	191	11798	10	24924	12048	54686579207361792074686174206120636c6f7665206f66206761726c6963206d616b6573206120676f6f642074616c69736d616e2069662068616e646c65642072696768742e
RANDOM_RESULT	rumors.true	192	11867	10	24924	12122	54686579207361792074686174206120637572736564207363726f6c6c206f662074656c65706f72746174696f6e20636f756c64206c616e6420796f7520696e2074726f75626c652e
RANDOM_RESULT	rumors.true	193	11939	10	24924	12182	546865792073617920746861742061206469616d6f6e6420697320616e6f74686572206b696e64206f66206c75636b2073746f6e652e
RANDOM_RESULT	rumors.true	194	12013	1	24924	12242	54686579207361792074686174206120646f672063616e20626520747261696e656420746f206665746368206f626a656374732e
RANDOM_RESULT	rumors.true	195	12073	1	24924	12302	5468657920736179207468617420612067656c6174696e6f75732063756265206d616b65732061206865616c74687920627265616b666173742e
RANDOM_RESULT	rumors.true	196	12133	1	24924	12362	546865792073617920746861742061206769616e742067657473207374726f6e6720627920656174696e672072696768742c2074727920697421
RANDOM_RESULT	rumors.true	197	12193	1	24924	12422	54686579207361792074686174206120677269642062756720776f6e27742068697420796f75207768656e20796f752063726f73732069742e
RANDOM_RESULT	rumors.true	198	12253	1	24924	12482	546865792073617920746861742061206c656d62617320776166657220697320612076657279206c6967687420736e61636b2e
RANDOM_RESULT	rumors.true	199	12313	1	24924	12554	546865792073617920746861742061206c6f616473746f6e6520686173206120737472616e67652061747472616374696f6e20616e64206973206e6f7420626164206c75636b2e
RANDOM_RESULT	rumors.true	200	12373	10	24924	12620	546865792073617920746861742061206c6f636b207069636b20627920616e79206f74686572206e616d65206973207374696c6c2061206c6f636b207069636b2e
RANDOM_RESULT	rumors.true	201	12445	10	24924	12680	546865792073617920746861742061206c75636b7920616d756c65742077696c6c20626c6f636b20706f69736f6e6564206172726f77732e
RANDOM_RESULT	rumors.true	202	12511	1	24924	12756	546865792073617920746861742061206d6972726f722077696c6c20667265657a65206120666c6f6174696e67206579652062757420796f752063616e207374696c6c207365652069742e
RANDOM_RESULT	rumors.true	203	12571	10	24924	12816	546865792073617920746861742061206e65757472616c20636861726163746572206d6967687420676574204769616e74736c617965722e
RANDOM_RESULT	rumors.true	204	12647	1	24924	12890	54686579207361792074686174206120706f6c796d6f7270682074726170206973206d6167696320616e64206d616769632070726f74656374696f6e2070726576656e74732069742e
RANDOM_RESULT	rumors.true	205	12707	10	24924	12957	54686579207361792074686174206120706f74696f6e206f66206865616c696e672063616e2063616e63656c206120706f74696f6e206f66207369636b6e6573732e
RANDOM_RESULT	rumors.true	206	12781	10	24924	13028	54686579207361792074686174206120706f74696f6e206f66206d6f6e7374657220646574656374696f6e20736f6d6574696d657320776f726b7320626f746820776179732e
RANDOM_RESULT	rumors.true	207	12848	10	24924	13092	5468657920736179207468617420612073696e6b206c6f6f6b7320646966666572656e742066726f6d20686967682061626f76652074686520666c6f6f722e
RANDOM_RESULT	rumors.true	208	12919	10	24924	13152	5468657920736179207468617420612073756d6d6f6e65642064656d6f6e20636f756c6420696d70726f766520796f75722067616d652e
RANDOM_RESULT	rumors.true	209	12983	1	24924	13216	5468657920736179207468617420612074696e206f6620777261697468206d656174206973206120726172652064696e696e6720657870657269656e63652e
RANDOM_RESULT	rumors.true	210	13043	10	24924	13276	54686579207361792074686174206120756e69636f726e206d69676874206272696e6720796f75206c75636b2e
RANDOM_RESULT	rumors.true	211	13107	1	24924	13342	5468657920736179207468617420612077616e64206f662063616e63656c6c6174696f6e206973206c696b6520612077616e64206f6620706f6c796d6f7270682e
RANDOM_RESULT	rumors.true	212	13167	10	24924	13406	5468657920736179207468617420612077616e64206f66206c6f636b696e672063616e20636c6f7365206d6f7265207468616e206a75737420646f6f72732e
RANDOM_RESULT	rumors.true	213	13233	10	24924	13466	5468657920736179207468617420612077616e64206f6620706f6c796d6f7270682063616e206368616e676520796f75722067616d652e
RANDOM_RESULT	rumors.true	214	13297	1	24924	13539	54686579207361792074686174206120776973652063686f696365206f6620646f6e6174696f6e73206c65747320796f752063686f6f736520796f757220626c657373696e67732e
RANDOM_RESULT	rumors.true	215	13357	10	24924	13608	5468657920736179207468617420612077697a617264206973206576656e206d6f726520706f77657266756c20746865207365636f6e642074696d652061726f756e642e
RANDOM_RESULT	rumors.true	216	13430	10	24924	13670	54686579207361792074686174206120786f726e206b6e6f7773206f66206e6f206f62737461636c6573207768656e207075727375696e6720796f752e
RANDOM_RESULT	rumors.true	217	13499	10	24924	13739	546865792073617920746861742061627573696e67206120637265646974206361726420636f756c642073686f636b20796f7520736f6f6e6572206f72206c617465722e
RANDOM_RESULT	rumors.true	218	13561	10	24924	13810	5468657920736179207468617420616d756c6574732c206c696b65206d6f7374207468696e67732c2063616e20626520646561646c79206f72206c69666520736176696e672e
RANDOM_RESULT	rumors.true	219	13630	10	24924	13870	5468657920736179207468617420616e20616c7461722063616e206964656e7469667920626c657373696e67732e
RANDOM_RESULT	rumors.true	220	13701	1	24924	13945	5468657920736179207468617420616e206f6f7a652077696c6c206269746520796f757220626f6f747320616e64206120726f636b206d6f6c65206d6967687420656174207468656d2e
RANDOM_RESULT	rumors.true	221	13761	10	24924	14014	5468657920736179207468617420616e20756e6c75636b79206861636b657220776173206f6e6365206b696c6c656420627920616e206578706c6f64696e672074696e2e
RANDOM_RESULT	rumors.true	222	13836	10	24924	14086	5468657920736179207468617420616e7469717565206465616c6572732061726520616c7761797320696e746572657374656420696e2070726563696f75732073746f6e65732e
RANDOM_RESULT	rumors.true	223	13905	10	24924	14158	546865792073617920746861742062616e646167696e67206f6e65277320776f756e64732068656c707320746f206b656570207570206f6e65277320617070656172616e63652e
RANDOM_RESULT	rumors.true	224	13977	10	24924	14218	5468657920736179207468617420626f6f7a652063616e2062652064696c7574656420627574206e6f742063616e63656c6c65642e
RANDOM_RESULT	rumors.true	225	14049	1	24924	14284	54686579207361792074686174206279206c697374656e696e67206361726566756c6c792c20796f752063616e206865617220612073656372657420646f6f7221
RANDOM_RESULT	rumors.true	226	14109	10	24924	14348	5468657920736179207468617420636172726f747320616e6420636172726f74206a75696365206d617920696d70726f766520796f757220766973696f6e2e
RANDOM_RESULT	rumors.true	227	14175	10	24924	14417	546865792073617920746861742063617665207370696465727320617265206e6f7420636f6e7369646572656420657870656e73697665206865616c746820666f6f642e
RANDOM_RESULT	rumors.true	228	14239	10	24924	14492	546865792073617920746861742064656d69676f6473206d757374206c6561766520626568696e64207468656972207072697a65642065617274686c7920706f7373657373696f6e732e
RANDOM_RESULT	rumors.true	229	14308	10	24924	14552	546865792073617920746861742064697374757262696e67206120646a696e6e692063616e206265206120636f73746c79206d697374616b652e
RANDOM_RESULT	rumors.true	230	14383	1	24924	14612	5468657920736179207468617420647261676f6e207363616c65732063616e20626520717569746520656e6368616e74696e672e
RANDOM_RESULT	rumors.true	231	14443	1	24924	14684	546865792073617920746861742064726f7070696e6720636f696e7320696e746f206120666f756e7461696e2077696c6c206e6f74206772616e7420796f75206120776973682e
RANDOM_RESULT	rumors.true	232	14503	10	24924	14744	546865792073617920746861742064776172766573206c617766756c6c79206d696e64207468656972206f776e20627573696e6573732e
RANDOM_RESULT	rumors.true	233	14575	1	24924	14812	5468657920736179207468617420656174696e6720612062617420636f727073652077696c6c206d616b6520796f752062617474792c20666f722061207768696c652e
RANDOM_RESULT	rumors.true	234	14635	10	24924	14872	5468657920736179207468617420656174696e672061206372616d20726174696f6e206973206120736d617274206d6f76652e
RANDOM_RESULT	rumors.true	235	14703	1	24924	14944	5468657920736179207468617420656174696e6720626c7565206a656c6c7920697320636f6f6c20696620796f7520646f6e277420666967687420746865206665656c696e672e
RANDOM_RESULT	rumors.true	236	14763	10	24924	15004	5468657920736179207468617420656c76656e2061726d6f722063616e20686f6c6420746865206d6f7374206d616769632e
RANDOM_RESULT	rumors.true	237	14835	1	24924	15071	54686579207361792074686174206573636170696e6720612064756e67656f6e206973206f6e6c792074686520626567696e6e696e67206f662074686520656e642e
RANDOM_RESULT	rumors.true	238	14895	10	24924	15147	54686579207361792074686174206665656c696e6720616e20756e6578706563746564206472616674206f662061697220697320736f7274206f66206120627265616b7468726f7567682e
RANDOM_RESULT	rumors.true	239	14962	10	24924	15209	546865792073617920746861742066696e64696e6720612063757273656420677261792073746f6e6520697320616c7761797320626164206c75636b2e
RANDOM_RESULT	rumors.true	240	15038	10	24924	15284	54686579207361792074686174206761696e696e672061206c6576656c20697320616e20657870657269656e636520746861742063616e20726169736520796f7572207369676874732e
RANDOM_RESULT	rumors.true	241	15100	10	24924	15359	546865792073617920746861742067617274657220736e616b65206d656174206d6179206e6f7420746173746520676f6f64206275742069742773207374696c6c206865616c7468792e
RANDOM_RESULT	rumors.true	242	15175	10	24924	15427	54686579207361792074686174206761756e746c657473206f6620646578746572697479206861766520612068696464656e20656e6368616e74656420746f7563682e
RANDOM_RESULT	rumors.true	243	15250	10	24924	15502	5468657920736179207468617420676f696e6720746f2068656176656e206973206a75737420616e6f7468657220776179206f66206573636170696e67207468652064756e67656f6e2e
RANDOM_RESULT	rumors.true	244	15318	10	24924	15578	5468657920736179207468617420676f6c64656e206e6167617320617265206c61772d61626964696e672064656e697a656e73206173206c6f6e6720617320796f752061726520746f6f2e
RANDOM_RESULT	rumors.true	245	15393	10	24924	15644	54686579207361792074686174206772656d6c696e732063616e206d616b6520796f75206665656c20636f6f6c6572207468616e20796f7520617265206e6f772e
RANDOM_RESULT	rumors.true	246	15469	10	24924	15710	5468657920736179207468617420677269642062756773206f6e6c7920657869737420696e2061207374726963746c792043617274657369616e2073656e73652e
RANDOM_RESULT	rumors.true	247	15535	10	24924	15770	54686579207361792074686174206861636b657273206f6674656e206665656c206a756d70792061626f757420656174696e67206e796d7068732e
RANDOM_RESULT	rumors.true	248	15601	1	24924	15830	5468657920736179207468617420686176696e6720706f6c796d6f72706820636f6e74726f6c20776f6e27742073686f636b20796f752e
RANDOM_RESULT	rumors.true	249	15661	1	24924	15890	54686579207361792074686174206865616c696e6720706f74696f6e73206f6674656e20636f6d6520696e2070616972732e
RANDOM_RESULT	rumors.true	250	15721	1	24924	15965	54686579207361792074686174206966206974277320686172642067657474696e6720796f757220666f6f6420646f776e20616e6f74686572206269746520636f756c64206b696c6c2e
RANDOM_RESULT	rumors.true	251	15781	10	24924	16030	5468657920736179207468617420696620796f7520646f6e2774207765617220676c61737365732077687920626f74686572207769746820636172726f74733f
RANDOM_RESULT	rumors.true	252	15856	10	24924	16103	5468657920736179207468617420696620796f75206e6f746963652061206c6f6f736520626f6172642062656e6561746820796f752c20646f6e27742073746570206f6e2069742e
RANDOM_RESULT	rumors.true	253	15921	10	24924	16172	5468657920736179207468617420696620796f752073746172742061742074686520626f74746f6d20746865206f6e6c7920706c61636520746f20676f2069732075702e
RANDOM_RESULT	rumors.true	254	15994	10	24924	16248	5468657920736179207468617420696620796f752074656c65706f727420746f2068656176656e20796f752772652070726573756d656420746f206265206465616420616c72656164792e
RANDOM_RESULT	rumors.true	255	16063	10	24924	16308	5468657920736179207468617420696e20612073686f7020796f752063616e206265206368617267656420666f72206f6c6420636861726765732e
RANDOM_RESULT	rumors.true	256	16139	1	24924	16382	5468657920736179207468617420696e206c696768746572206d6f6d656e747320796f7520636f756c64207468696e6b206f66207761797320746f207061737320612073746f6e652e
RANDOM_RESULT	rumors.true	257	16199	10	24924	16458	5468657920736179207468617420696e207468652064756e67656f6e20627265616b696e672061206d6972726f722063616e20626520736576656e20796561727320626164206c75636b2e
RANDOM_RESULT	rumors.true	258	16273	10	24924	16527	5468657920736179207468617420696e207468652064756e67656f6e20796f7520646f6e277420757375616c6c79206861766520616e79206c75636b20617420616c6c2e
RANDOM_RESULT	rumors.true	259	16349	10	24924	16594	5468657920736179207468617420696e2074696d65206120626c6573736564206c75636b73746f6e652063616e206d616b6520796f757220676f642068617070792e
RANDOM_RESULT	rumors.true	260	16418	10	24924	16670	546865792073617920746861742069742069732065617369657220746f206b696c6c207468652057697a617264207468616e20746f206d616b652068696d207374616e64207374696c6c2e
RANDOM_RESULT	rumors.true	261	16485	10	24924	16730	54686579207361792074686174206974206f6e6c792074616b65732031207a6f726b6d696420746f206d65657420746865204b6f70732e
RANDOM_RESULT	rumors.true	262	16561	1	24924	16798	546865792073617920746861742069742773206120626c617374207768656e20796f75206d69782074686520726967687420706f74696f6e7320746f6765746865722e
RANDOM_RESULT	rumors.true	263	16621	10	24924	16866	546865792073617920746861742069742773206e6f7420626c696e64206c75636b20696620796f75206361746368206120676c696d707365206f66204d65647573612e
RANDOM_RESULT	rumors.true	264	16689	10	24924	16926	54686579207361792074686174206b696c6c696e6720612073686f706b6565706572206272696e677320626164206c75636b2e
RANDOM_RESULT	rumors.true	265	16757	1	24924	16987	54686579207361792074686174206d6f6e7374657273206e657665722073746570206f6e2061207363617265206d6f6e73746572207363726f6c6c2e
RANDOM_RESULT	rumors.true	266	16817	1	24924	17053	54686579207361792074686174206d6f7374206d6f6e73746572732066696e6420666c757465207265636974616c732065787472656d656c7920626f72696e672e
RANDOM_RESULT	rumors.true	267	16878	10	24924	17113	54686579207361792074686174206d756d6d7920636f727073657320617265206e6f742077656c6c207072657365727665642e
RANDOM_RESULT	rumors.true	268	16944	1	24924	17181	54686579207361792074686174206e61747572616c6c7920612077616e64206f662077697368696e6720776f756c642062652068656176696c7920677561726465642e
RANDOM_RESULT	rumors.true	269	17004	10	24924	17241	54686579207361792074686174206e6f206f6e65206e6f746963657320746865206a756e6b20756e6465726e65617468206120626f756c6465722e
RANDOM_RESULT	rumors.true	270	17072	1	24924	17301	54686579207361792074686174206e6f626f64792065787065637473206120756e69636f726e20686f726e20746f20727573742e
RANDOM_RESULT	rumors.true	271	17132	1	24924	17370	54686579207361792074686174206e6f626f6479206b6e6f777320696620616e206578706c6f7265722063616e206c69766520666f72657665722e2020446f20796f753f
RANDOM_RESULT	rumors.true	272	17192	10	24924	17448	54686579207361792074686174206e6f7468696e672063616e206368616e6765207468652066616374207468617420736f6d6520706f74696f6e7320636f6e7461696e206120646a696e6e692e
RANDOM_RESULT	rumors.true	273	17261	10	24924	17525	54686579207361792074686174206e6f7468696e672063616e206368616e6765207468652066616374207468617420736f6d6520706f74696f6e7320636f6e7461696e20612067686f73742e
RANDOM_RESULT	rumors.true	274	17339	10	24924	17585	54686579207361792074686174206e796d70687320616c776179732066616c6c20666f7220726f636b276e27726f6c6c2c2074727920697421
RANDOM_RESULT	rumors.true	275	17416	1	24924	17657	54686579207361792074686174206f6e636520616e204f6c6f672d4861692069732063616e6e6564206974206e657665722073686f777320697473206661636520616761696e2e
RANDOM_RESULT	rumors.true	276	17476	10	24924	17725	54686579207361792074686174206f6e63652075706f6e20612074696d652078616e7320776f756c64206e65766572207363726174636820796f757220626f6f74732e
RANDOM_RESULT	rumors.true	277	17548	10	24924	17792	54686579207361792074686174206f6e6c7920616e20657870657269656e6365642077697a6172642063616e20646f207468652074656e67752073687566666c652e
RANDOM_RESULT	rumors.true	278	17616	10	24924	17863	54686579207361792074686174206f6e6c79206368616f746963732063616e206b696c6c2073686f706b65657065727320616e6420676574206177617920776974682069742e
RANDOM_RESULT	rumors.true	279	17683	10	24924	17923	54686579207361792074686174206f6e6c792066656d616c65206d6f6e73746572732063616e206c617920656767732e
RANDOM_RESULT	rumors.true	280	17754	1	24924	17983	5468657920736179207468617420706c6179696e67206120686f726e207265616c6c7920626164206973207265616c6c7920676f6f642e
RANDOM_RESULT	rumors.true	281	17814	1	24924	18057	546865792073617920746861742070726179657220617420616e20616c7461722063616e20736f6d6574696d6573206d616b652074686520776174657220746865726520686f6c792e
RANDOM_RESULT	rumors.true	282	17874	10	24924	18117	54686579207361792074686174207468652072696768742077616e64206d61792068656c7020796f752063686173652061206e796d70682e
RANDOM_RESULT	rumors.true	283	17948	1	24924	18187	546865792073617920746861742072756262696e67206120676c6f77696e6720706f74696f6e20646f6573206e6f74206d616b652069742061206d61676963206c616d702e
RANDOM_RESULT	rumors.true	284	18008	10	24924	18251	54686579207361792074686174207363616c70656c73206265636f6d652064756c6c20626563617573652074686579277265206e6f7420617468616d65732e
RANDOM_RESULT	rumors.true	285	18078	10	24924	18311	546865792073617920746861742073686f706b65657065727320646f6e2774206c696b65207069636b2d617865732e
RANDOM_RESULT	rumors.true	286	18142	1	24924	18384	546865792073617920746861742073686f706b65657065727320646f6e2774206d696e6420796f75206272696e67696e6720796f7572207065747320696e207468652073686f702e
RANDOM_RESULT	rumors.true	287	18202	10	24924	18455	546865792073617920746861742073686f706b65657065727320646f6e277420757375616c6c79206d696e6420696620796f7520736e65616b20696e746f20612073686f702e
RANDOM_RESULT	rumors.true	288	18275	10	24924	18533	546865792073617920746861742073686f706b656570657273206f6674656e20686176652061206c6172676520616d6f756e74206f66206d6f6e657920696e207468656972207075727365732e
RANDOM_RESULT	rumors.true	289	18346	10	24924	18604	546865792073617920746861742073686f706b656570657273206f6674656e2072656d656d626572207468696e6773207468617420796f75206d6967687420666f726765742e
RANDOM_RESULT	rumors.true	290	18424	10	24924	18670	546865792073617920746861742073696e6b7320616e642061726d6f7220646f6e2774206d69782c2074616b6520796f757220636c6f616b206f6666206e6f7721
RANDOM_RESULT	rumors.true	291	18495	10	24924	18736	546865792073617920746861742073696e6b732072756e20686f7420616e6420636f6c6420616e64206d616e7920666c61766f727320696e206265747765656e2e
RANDOM_RESULT	rumors.true	292	18561	10	24924	18801	546865792073617920746861742073697474696e67206f6e20612076616d706972652773207468726f6e6520697320776f727468207468652064616e6765722e
RANDOM_RESULT	rumors.true	293	18627	10	24924	18864	5468657920736179207468617420736e616b6520636861726d657273206172656e2774206368617269736d617469632c206a757374206d75736963616c2e
RANDOM_RESULT	rumors.true	294	18692	10	24924	18930	5468657920736179207468617420736f6c64696572732061726520616c7761797320707265706172656420616e6420757375616c6c792070726f7465637465642e
RANDOM_RESULT	rumors.true	295	18755	10	24924	18994	5468657920736179207468617420736f6d65206567677320636f756c6420686174636820696e20796f7572207061636b2c206c75636b79206f72206e6f742e
RANDOM_RESULT	rumors.true	296	18821	10	24924	19054	5468657920736179207468617420736f6d65206669726520616e74732077696c6c206d616b6520796f75206120686f74206d65616c2e
RANDOM_RESULT	rumors.true	297	18885	1	24924	19129	5468657920736179207468617420736f6d6520686f726e7320706c617920686f74206d7573696320616e64206f74686572732061726520746f6f20636f6f6c20666f7220776f7264732e
RANDOM_RESULT	rumors.true	298	18945	10	24924	19189	5468657920736179207468617420736f6d652068756d616e6f69647320617265206e6f6e657468656c6573732071756974652068756d616e2e
RANDOM_RESULT	rumors.true	299	19020	1	24924	19258	5468657920736179207468617420736f6d652073686f706b65657065727320636f6e73696465722067656d7320746f2062652066616d696c7920686569726c6f6f6d732e
RANDOM_RESULT	rumors.true	300	19080	10	24924	19329	5468657920736179207468617420736f6d652073686f706b656570657273207265636f676e697a652067656d7320627574207468657920776f6e27742074656c6c20796f752e
RANDOM_RESULT	rumors.true	301	19149	10	24924	19390	5468657920736179207468617420736f6d652073746f6e657320617265206d756368206d7563682068656176696572207468616e206f74686572732e
RANDOM_RESULT	rumors.true	302	19220	1	24924	19450	5468657920736179207468617420736f6d65207965746973206172652066756c6c206f6620686f74206169722e
RANDOM_RESULT	rumors.true	303	19281	1	24924	19523	5468657920736179207468617420736f6d657468696e672076657279207370656369616c20776f756c6420626520696e20612077656c6c2d70726f74656374656420706c6163652e
RANDOM_RESULT	rumors.true	304	19341	10	24924	19594	5468657920736179207468617420737065656420626f6f7473206172656e2774206661737420656e6f75676820746f206c657420796f752077616c6b206f6e2077617465722e
RANDOM_RESULT	rumors.true	305	19414	10	24924	19654	546865792073617920746861742074656c65706f7274207472617073206172652074686520646576696c277320776f726b2e
RANDOM_RESULT	rumors.true	306	19485	1	24924	19714	546865792073617920746861742074656e677520646f6e277420776561722072696e67732c207768792073686f756c6420796f753f
RANDOM_RESULT	rumors.true	307	19545	1	24924	19786	546865792073617920746861742074656e6775206e6576657220737465616c20676f6c6420616c74686f756768207468657920776f756c6420626520676f6f642061742069742e
RANDOM_RESULT	rumors.true	308	19605	10	24924	19863	546865792073617920746861742074686174207768696368207761732073746f6c656e206f6e63652063616e2062652073746f6c656e20616761696e2c2061736b20616e79206e796d70682e
RANDOM_RESULT	rumors.true	309	19677	10	24924	19924	546865792073617920746861742074686520626573742077617920746f2066697820796f757220696e6a7572696573206973206120706f74696f6e2e
RANDOM_RESULT	rumors.true	310	19754	1	24924	20001	54686579207361792074686174207468652044656c70686963204f7261636c65206b6e6f77732074686174206c697a61726420636f7270736573206172656e277420636f6e667573696e672e
RANDOM_RESULT	rumors.true	311	19815	10	24924	20062	54686579207361792074686174207468652048616e64206f6620456c6265726574682063616e20686f6c6420757020796f757220707261796572732e
RANDOM_RESULT	rumors.true	312	19892	1	24924	20122	5468657920736179207468617420746865204c65707265636861756e204b696e6720697320726963682061732043726f657375732e
RANDOM_RESULT	rumors.true	313	19953	1	24924	20188	54686579207361792074686174207468652057697a617264206f662059656e646f7220697320736368697a6f706872656e696320616e6420737569636964616c2e
RANDOM_RESULT	rumors.true	314	20013	10	24924	20259	546865792073617920746861742074686520657870657269656e63656420636861726163746572206b6e6f777320686f7720746f20636f6e7665727420616e20616c7461722e
RANDOM_RESULT	rumors.true	315	20079	10	24924	20329	546865792073617920746861742074686520676f647320617265206861707079207768656e20746865792064726f70206f626a6563747320617420796f757220666565742e
RANDOM_RESULT	rumors.true	316	20150	10	24924	20398	54686579207361792074686174207468652069646561206f6620696e76697369626c65204e617a67756c206861732061206365727461696e2072696e6720746f2069742e
RANDOM_RESULT	rumors.true	317	20220	10	24924	20468	5468657920736179207468617420746865206c616479206f6620746865206c616b65206e6f77206c6976657320696e206120666f756e7461696e20736f6d6577686572652e
RANDOM_RESULT	rumors.true	318	20289	10	24924	20533	5468657920736179207468617420746865206c6f63616c2073686f706b65657065722066726f776e732075706f6e20746865207275646520746f75726973742e
RANDOM_RESULT	rumors.true	319	20359	10	24924	20608	5468657920736179207468617420746865206f6e6c7920646f6f7220746f207468652076616d70697265277320746f776572206973206f6e20697473206c6f77657374206c6576656c2e
RANDOM_RESULT	rumors.true	320	20424	10	24924	20668	5468657920736179207468617420746865206f6e6c7920676f6f6420646a696e6e69206973206120677261746566756c20646a696e6e692e
RANDOM_RESULT	rumors.true	321	20499	1	24924	20735	5468657920736179207468617420746865207468696e672061626f75742067656e6f63696465206973207468617420697420776f726b7320626f746820776179732e
RANDOM_RESULT	rumors.true	322	20559	10	24924	20811	546865792073617920746861742074686520756e69636f726e20686f726e2072756c652069732069662069742061696e27742062726f6b65207468656e20646f6e2774206669782069742e
RANDOM_RESULT	rumors.true	323	20626	10	24924	20874	546865792073617920746861742074686520766965772066726f6d206120666f6720636c6f7564206973207265616c6c792076657279206d6f76696e672e
RANDOM_RESULT	rumors.true	324	20702	10	24924	20940	54686579207361792074686174207468652077616c6c7320696e2073686f707320617265206d616465206f662065787472612068617264206d6174657269616c2e
RANDOM_RESULT	rumors.true	325	20765	10	24924	21017	5468657920736179207468617420746865726520617265206174206c65617374203135207761797320746f206c6f736520612070616972206f66206c657669746174696f6e20626f6f74732e
RANDOM_RESULT	rumors.true	326	20831	10	24924	21082	54686579207361792074686174207468726f77696e6720676c6173732067656d73206973207468652073616d65206173207468726f77696e6720726f636b732e
RANDOM_RESULT	rumors.true	327	20908	10	24924	21151	5468657920736179207468617420746f20626c6f636b20612073686f636b696e67207370686572652c20796f75206e6565642074686520726967687420736869656c642e
RANDOM_RESULT	rumors.true	328	20973	10	24924	21212	54686579207361792074686174207472657370617373696e67206120626f756c6465722069732070726f6261626c792062656e6561746820796f752e
RANDOM_RESULT	rumors.true	329	21042	1	24924	21281	54686579207361792074686174207472756520706f77657220636f6d65732066726f6d2077697468696e2e2e2e657863657074207768656e20697420646f65736e27742e
RANDOM_RESULT	rumors.true	330	21103	10	24924	21341	5468657920736179207468617420756e69636f726e732061726520666f6e64206f662070726563696f75732067656d732e
RANDOM_RESULT	rumors.true	331	21172	1	24924	21401	54686579207361792074686174207768617420676f657320646f776e2074686520647261696e206d6967687420636f6d65206261636b2075702e
RANDOM_RESULT	rumors.true	332	21232	1	24924	21477	54686579207361792074686174207769656c6465642c2061206c6f6e672073776f7264206e616d65642046697265204272616e64206d616b657320796f75206665656c20636f6f6c65722e
RANDOM_RESULT	rumors.true	333	21292	10	24924	21552	54686579207361792074686174207769656c6465642c2061206c6f6e672073776f7264206e616d65642046726f7374204272616e64206d616b657320796f7520686f742073747566662e
RANDOM_RESULT	rumors.true	334	21368	10	24924	21616	5468657920736179207468617420776970696e6720697473206661636520697320696d706f737369626c6520666f72206120666c6f6174696e67206579652e
RANDOM_RESULT	rumors.true	335	21443	10	24924	21677	546865792073617920746861742077697468206120666c6f6174696e672065796520796f7520636f756c642073656520696e20746865206461726b2e
RANDOM_RESULT	rumors.true	336	21507	1	24924	21747	5468657920736179207468617420796f7520617265206c75636b7920696620796f752063616e20676574206120756e69636f726e20746f206361746368206120727562792e
RANDOM_RESULT	rumors.true	337	21568	10	24924	21807	5468657920736179207468617420796f7520617265207768617420796f75206561742e
RANDOM_RESULT	rumors.true	338	21638	1	24924	21877	5468657920736179207468617420796f752063616e2066696e64206e616d656420776561706f6e7320617420616e20616c74617220696620796f75277265206c75636b792e
RANDOM_RESULT	rumors.true	339	21698	10	24924	21941	5468657920736179207468617420796f752063616e206769766520706f74696f6e73206f66206578747261206865616c696e67206e657720656e657267792e
RANDOM_RESULT	rumors.true	340	21768	10	24924	22008	5468657920736179207468617420796f752063616e20736166656c7920746f75636820636f636b6174726963652065676773206275742077687920626f746865723f
RANDOM_RESULT	rumors.true	341	21832	10	24924	22068	5468657920736179207468617420796f752063616e277420627265616b20616e20616d756c6574206f66207265666c656374696f6e2e
RANDOM_RESULT	rumors.true	342	21899	1	24924	22128	5468657920736179207468617420796f7520646f6e277420616c7761797320676574207768617420796f75207769736820666f722e
RANDOM_RESULT	rumors.true	343	21959	1	24924	22195	5468657920736179207468617420796f752073686f756c6420616c7761797320626520707265706172656420666f7220612066696e616c206368616c6c656e67652e
RANDOM_RESULT	rumors.true	344	22019	10	24924	22263	5468657920736179207468617420796f752073686f756c642061736b206120647761726620746f206c657420796f7520696e746f2061206c6f636b65642073686f702e
RANDOM_RESULT	rumors.true	345	22086	10	24924	22323	5468657920736179207468617420796f752073686f756c64207072617920666f7220646976696e6520696e737069726174696f6e2e
RANDOM_RESULT	rumors.true	346	22154	1	24924	22383	5468657920736179207468617420796f752073686f756c642072656c6967696f75736c79206769766520796f757220676f6c6420617761792e
RANDOM_RESULT	rumors.true	347	22214	1	24924	22443	5468657920736179207468617420796f752077696c6c206e6576657220676574206865616c74687920627920656174696e67206765636b6f732e
RANDOM_RESULT	rumors.true	348	22274	1	24924	22515	54686579207361792074686174207a617070696e6720796f757273656c66207769746820612077616e64206f6620756e64656164207475726e696e67206973207374757069642e
RANDOM_RESULT	rumors.true	349	22334	10	24924	22576	5468657920736179207468652046757269657320617265206d6f726520667572696f757320696620796f75277665206265656e2073696e6e696e672e
RANDOM_RESULT	rumors.true	350	22406	1	24924	22636	5468657920736179207468652057697a617264277320636173746c6520697320626f6f62792d7472617070656421
RANDOM_RESULT	rumors.true	351	22467	1	24924	22696	54686579207361792074686520676f64732067657420616e67727920696620796f75206b696c6c20796f757220646f672e
RANDOM_RESULT	rumors.true	352	22527	1	24924	22756	54686579207361792074686520676f64732067657420616e67727920696620796f75207072617920746f6f206d7563682e
RANDOM_RESULT	rumors.true	353	22587	1	24924	22826	5468657920736179207468657265206973206120706f77657266756c206d61676963206974656d2068696464656e20696e206120636173746c65206465657020646f776e21
RANDOM_RESULT	rumors.true	354	22647	10	24924	22895	54686f73652077686f207769656c64206120636f636b61747269636520636f727073652068617665206120726f636b7920726f6164206168656164206f66207468656d2e
RANDOM_RESULT	rumors.true	355	22717	10	24924	22955	5468726f77696e6720666f6f6420617420612077696c6420646f67206d696768742074616d652068696d2e
RANDOM_RESULT	rumors.true	356	22786	1	24924	23015	546f20612066756c6c2062656c6c7920616c6c20666f6f64206973206261642e
RANDOM_RESULT	rumors.true	357	22846	1	24924	23075	54726f6c6c73206172652064657363726962656420617320727562626572793a202074686579206b65657020626f756e63696e67206261636b2e
RANDOM_RESULT	rumors.true	358	22906	1	24924	23135	547279207468652066616c6c2d6261636b20656e642d72756e20706c617920616761696e73742067686f7374732e
RANDOM_RESULT	rumors.true	359	22966	1	24924	23195	547279207573696e6720796f7572206d61676963206d61726b6572206f6e20776574207363726f6c6c732e
RANDOM_RESULT	rumors.true	360	23026	1	24924	23255	54776f2077726f6e677320646f6e2774206d616b6520612072696768742c20627574207468726565206c6566747320646f2e
RANDOM_RESULT	rumors.true	361	23086	1	24924	23315	556e69636f726e20686f726e732063616e20636c65616e7365207468696e6773206f74686572207468616e20796f757273656c662e
RANDOM_RESULT	rumors.true	362	23146	1	24924	23379	56616c6b797269657320636f6d652066726f6d20746865206e6f7274682c20616e64206861766520636f6d6d656e737572617465206162696c69746965732e
RANDOM_RESULT	rumors.true	363	23206	10	24924	23439	56616d70697265732068617465206761726c69632e
RANDOM_RESULT	rumors.true	364	23270	1	24924	23499	5661756c7420677561726473206e657665722064697374757262207468656972204c6f7264732e
RANDOM_RESULT	rumors.true	365	23330	1	24924	23559	5665676574617269616e7320656e6a6f79206c696368656e20616e6420736561776565642e
RANDOM_RESULT	rumors.true	366	23390	1	24924	23620	56697369746f72732061726520726571756573746564206e6f7420746f206170706c792067656e6f6369646520746f2073686f706b6565706572732e
RANDOM_RESULT	rumors.true	367	23450	1	24924	23692	57616e7420746f206865616c206661737465723f202044697020796f757220706f74696f6e73206f66206865616c696e6720696e206120706f74696f6e206f6620737065656421
RANDOM_RESULT	rumors.true	368	23511	10	24924	23752	5761746368206f75742c207468652057697a617264206d6967687420636f6d65206261636b2e
RANDOM_RESULT	rumors.true	369	23583	1	24924	23812	57617465722074726170732068617665206e6f20656666656374206f6e20647261676f6e732e
RANDOM_RESULT	rumors.true	370	23643	1	24924	23872	57686174206973206120636f636b61747269636520676f696e6720746f20656174207768656e20697420676574732068756e6772793f
RANDOM_RESULT	rumors.true	371	23703	1	24924	23932	57686f206e6565647320616e206170726f6e2069662074686579277265206d616465206f6620676c6173733f
RANDOM_RESULT	rumors.true	372	23763	1	24924	23992	57687920646f20796f7520737570706f736520746865792063616c6c207468656d204d41474943206d61726b6572733f
RANDOM_RESULT	rumors.true	373	23823	1	24924	24052	57687920646f20796f75207468696e6b20746865792063616c6c207468656d206d657263656e61726965733f
RANDOM_RESULT	rumors.true	374	23883	1	24924	24112	57687920776f756c6420616e79626f647920696e206869732073616e65206d696e6420656e67726176652022456c626572657468223f
RANDOM_RESULT	rumors.true	375	23943	1	24924	24172	57697368696e6720746f6f206d756368206d6179206272696e6720796f7520746f6f206c6974746c652e
RANDOM_RESULT	rumors.true	376	24003	1	24924	24232	596f752063616e277420627269626520736f6c6469657220616e74732e
RANDOM_RESULT	rumors.true	377	24063	1	24924	24296	596f752063616e2774206c6561766520612073686f70207468726f75676820746865206261636b20646f6f723a202074686572652069736e2774206f6e6521
RANDOM_RESULT	rumors.true	378	24123	10	24924	24356	596f752063616e2774207265666c656374206578706c6f73696f6e732e202042757420796f75206d6967687420726573697374207468656d2e
RANDOM_RESULT	rumors.true	379	24187	1	24924	24416	596f75206d617920646973636f76657220612066696e652073706972697420696e73696465206120706f74696f6e20626f74746c652e
RANDOM_RESULT	rumors.true	380	24247	1	24924	24476	596f75206d61792077616e7420746f2064697020696e746f206120706f74696f6e206f6620626f74746c656420626c657373696e67732e
RANDOM_RESULT	rumors.true	381	24307	1	24924	24536	596f75206d696768742062652061626c6520746f20627269626520612064656d6f6e206c6f72642e
RANDOM_RESULT	rumors.true	382	24367	1	24924	24596	596f75206d6967687420747269636b20612073686f706b656570657220696620796f7527726520696e76697369626c652e
RANDOM_RESULT	rumors.true	383	24427	1	24924	24656	596f752073686f756c64206365727461696e6c79206c6561726e2061626f7574207175616e74756d206d656368616e6963732e
RANDOM_RESULT	rumors.true	384	24487	1	24924	24717	596f7520776f6e277420616c77617973206765742061207365636f6e64206368616e63652c206576656e2077697468206c69666520736176696e672e
RANDOM_RESULT	rumors.true	385	24547	1	24924	24777	596f7527726520676f696e6720696e746f20746865206d6f72677565206174206d69646e696768743f3f3f
RANDOM_RESULT	rumors.true	386	24608	1	24924	24837	596f757220646f67206b6e6f7773207768617420746f206561743b206d6179626520796f752073686f756c642074616b65206c6573736f6e732e
RANDOM_RESULT	rumors.true	387	24668	1	24924	24905	596f75722067616d65206d617920676f20646f776e2074686520647261696e20696620796f75206861766520657874726120706f74696f6e73206f722072696e67732e
RANDOM_RESULT	rumors.true	388	24728	10	24924	24965	5a617020796f757273656c6620616e642073656520776861742068617070656e732e2e2e
RANDOM_RESULT	rumors.true	389	24796	1	24924	25033	5a617070696e6720612077616e64206f6620756e64656164207475726e696e67206d69676874206272696e6720796f757220646f67206261636b20746f206c6966652e
RANDOM_HEADER	rumors.false	397	25033	50795	60
RANDOM_RESULT	rumors.false	0	25702	1	25762	25104	22536f207768656e2049206469652c20746865206669727374207468696e6720492077696c6c2073656520696e2068656176656e20697320612073636f7265206c6973743f22
RANDOM_RESULT	rumors.false	1	0	10	25762	25171	317374204c6177206f66204861636b696e673a20206c656176696e67206973206d756368206d6f726520646966666963756c74207468616e20656e746572696e672e
RANDOM_RESULT	rumors.false	2	71	10	25762	25231	326e64204c6177206f66204861636b696e673a2020666972737420696e2c206669727374206f75742e
RANDOM_RESULT	rumors.false	3	138	1	25762	25291	337264204c6177206f66204861636b696e673a2020746865206c61737420626c6f7720636f756e7473206d6f73742e
RANDOM_RESULT	rumors.false	4	198	1	25762	25352	347468204c6177206f66204861636b696e673a2020796f752077696c6c2066696e642074686520657869742061742074686520656e7472616e63652e
RANDOM_RESULT	rumors.false	5	258	1	25762	25420	41206368616d656c656f6e20696d69746174696e672061206d61696c206461656d6f6e206f6674656e2064656c6976657273207363726f6c6c73206f6620666972652e
RANDOM_RESULT	rumors.false	6	319	10	25762	25480	4120636f636b61747269636520636f727073652069732067756172616e7465656420746f20626520756e7461696e74656421
RANDOM_RESULT	rumors.false	7	387	1	25762	25540	41206465616420636f636b617472696365206973206a75737420612064656164206c697a6172642e
RANDOM_RESULT	rumors.false	8	447	1	25762	25600	4120647261676f6e206973206a757374206120736e616b652074686174206174652061207363726f6c6c206f6620666972652e
RANDOM_RESULT	rumors.false	9	507	1	25762	25660	4120666164696e6720636f727269646f7220656e6c69676874656e7320796f757220696e73696768742e
RANDOM_RESULT	rumors.false	10	567	1	25762	25720	4120676c6f77696e6720706f74696f6e20697320746f6f20686f7420746f206472696e6b2e
RANDOM_RESULT	rumors.false	11	627	1	25762	25780	4120676f6f6420616d756c6574206d61792070726f7465637420796f7520616761696e7374206775617264732e
RANDOM_RESULT	rumors.false	12	687	1	25762	25840	41206c697a61726420636f72707365206973206120676f6f64207468696e6720746f207475726e20756e646561642e
RANDOM_RESULT	rumors.false	13	747	1	25762	25910	41206c6f6e6720776f726d2063616e20626520646566696e6564207265637572736976656c792e2020536f20686f772073686f756c6420796f752061747461636b2069743f
RANDOM_RESULT	rumors.false	14	807	10	25762	25970	41206d6f6e7374726f7573206d696e64206973206120746f7920666f72657665722e
RANDOM_RESULT	rumors.false	15	877	1	25762	26043	41206e796d70682077696c6c206265207665727920706c656173656420696620796f752063616c6c2068657220627920686572207265616c206e616d653a20204c6f72656c65692e
RANDOM_RESULT	rumors.false	16	937	10	25762	26103	412072696e67206f662064756e67656f6e206d617374657220636f6e74726f6c20697320612067726561742066696e642e
RANDOM_RESULT	rumors.false	17	1010	1	25762	26163	412072696e67206f662065787472612072696e672066696e676572206973207573656c657373206966206e6f7420656e6368616e7465642e
RANDOM_RESULT	rumors.false	18	1070	1	25762	26223	4120726f7065206d617920666f726d206120747261696c20696e2061206d617a652e
RANDOM_RESULT	rumors.false	19	1130	1	25762	26283	41207374616666206d617920726563686172676520696620796f752064726f7020697420666f7220617768696c652e
RANDOM_RESULT	rumors.false	20	1190	1	25762	26353	4120766973697420746f20746865205a6f6f206973207665727920656475636174696f6e616c3b20796f75206d65657420696e746572657374696e6720616e696d616c732e
RANDOM_RESULT	rumors.false	21	1250	10	25762	26417	412077616e64206f6620646561662069732061206d6f72652064616e6765726f757320776561706f6e207468616e20612077616e64206f662073686565702e
RANDOM_RESULT	rumors.false	22	1320	10	25762	26490	412077616e64206f6620766962726174696f6e206d69676874206272696e67207468652077686f6c652063617665206372617368696e672061626f757420796f757220656172732e
RANDOM_RESULT	rumors.false	23	1384	10	25762	26550	412077696e6e6572206e657665722071756974732e2020412071756974746572206e657665722077696e732e
RANDOM_RESULT	rumors.false	24	1457	1	25762	26610	5b636f6f6b69655d204120776973683f20204f6b61792c206d616b65206d65206120666f7274756e6520636f6f6b696521
RANDOM_RESULT	rumors.false	25	1517	1	25762	26670	416672616964206f66206d696d6963733f202054727920746f207765617220612072696e67206f66207472756520736565696e672e
RANDOM_RESULT	rumors.false	26	1577	1	25762	26737	416c6c206d6f6e7374657273206172652063726561746564206576696c2c2062757420736f6d6520617265206d6f7265206576696c207468616e206f74686572732e
RANDOM_RESULT	rumors.false	27	1637	10	25762	26797	416c776179732061747461636b206120666c6f6174696e67206579652066726f6d20626568696e6421
RANDOM_RESULT	rumors.false	28	1704	1	25762	26857	416e20656c76656e20636c6f616b20697320616c776179732074686520686569676874206f662066617368696f6e2e
RANDOM_RESULT	rumors.false	29	1764	1	25762	26936	416e7920736d616c6c206f626a6563742074686174206973206163636964656e74616c6c792064726f707065642077696c6c206869646520756e6465722061206c6172676572206f626a6563742e
RANDOM_RESULT	rumors.false	30	1824	10	25762	26996	41726368656f6c6f676973747320617265207665727920737175697368792c206f6674656e20666f756e6420756e64657220626f756c646572732e
RANDOM_RESULT	rumors.false	31	1903	1	25762	27056	41726368656f6c6f67697374732066696e64206d6f726520626f6e65732070696c65732e
RANDOM_RESULT	rumors.false	32	1963	1	25762	27116	41757374696e20506f7765727320736179733a204d79204d6f6a6f206973206261636b212020596561682c206261627921
RANDOM_RESULT	rumors.false	33	2023	1	25762	27176	42616c726f677320646f206e6f74206170706561722061626f7665206c6576656c2032302e
RANDOM_RESULT	rumors.false	34	2083	1	25762	27236	42616e616e61207065656c7320776f726b20657370656369616c6c792077656c6c20616761696e7374204b657973746f6e65204b6f70732e
RANDOM_RESULT	rumors.false	35	2143	1	25762	27303	4265206361726566756c207768656e20656174696e672062616e616e61732e20204d6f6e7374657273206d6967687420736c6970206f6e20746865207065656c732e
RANDOM_RESULT	rumors.false	36	2203	10	25762	27365	426574746572206c65617665207468652064756e67656f6e3b206f746865727769736520796f75206d69676874206765742068757274206261646c792e
RANDOM_RESULT	rumors.false	37	2270	10	25762	27438	426577617265206f662074686520706f74696f6e206f66206e6974726f676c79636572696e202d2d2069742773206e6f7420666f7220746865207765616b206f662068656172742e
RANDOM_RESULT	rumors.false	38	2332	10	25762	27517	4265776172653a20207468657265277320616c776179732061206368616e6365207468617420796f75722077616e64206578706c6f64657320617320796f752074727920746f207a617020697421
RANDOM_RESULT	rumors.false	39	2405	10	25762	27586	4265796f6e64207468652032337264206c6576656c206c6965732061206861707079207265746972656d656e7420696e206120726f6f6d206f6620796f7572206f776e2e
RANDOM_RESULT	rumors.false	40	2484	10	25762	27656	4368616e67696e6720796f7572207375697420776974686f75742064726f7070696e6720796f75722073776f72643f2020596f75206d757374206265206b696464696e6721
RANDOM_RESULT	rumors.false	41	2553	10	25762	27716	436c6f73652074686520646f6f72212020596f75277265206c657474696e67207468652068656174206f757421
RANDOM_RESULT	rumors.false	42	2623	1	25762	27780	436f636b61747269636573206d69676874207475726e207468656d73656c76657320746f2073746f6e6520666163656420776974682061206d6972726f722e
RANDOM_RESULT	rumors.false	43	2683	10	25762	27849	436f6e73756d7074696f6e206f6620686f6d652d6d61646520666f6f64206973207374726963746c7920666f7262696464656e20696e20746869732064756e67656f6e2e
RANDOM_RESULT	rumors.false	44	2747	10	25762	27909	4461726b20726f6f6d3f2020596f7572206368616e636520746f20646576656c6f7020796f75722070686f746f67726170687321
RANDOM_RESULT	rumors.false	45	2816	1	25762	27986	4461726b20726f6f6d7320617265206e6f74202a636f6d706c6574656c792a206461726b3a20206a757374207761697420616e64206c657420796f757220657965732061646a7573742e2e2e
RANDOM_RESULT	rumors.false	46	2876	10	25762	28062	4461766964204c6f6e646f6e2073657a2c202248657920677579732c202a5749454c442a2061206c697a61726420636f7270736520616761696e7374206120636f636b6174726963652122
RANDOM_RESULT	rumors.false	47	2953	10	25762	28122	4465617468206973206a757374206c696665277320776179206f662074656c6c696e6720796f7520796f75277665206265656e2066697265642e
RANDOM_RESULT	rumors.false	48	3029	1	25762	28182	44656d692d676f647320646f6e2774206e65656420616e792068656c702066726f6d2074686520676f64732e
RANDOM_RESULT	rumors.false	49	3089	1	25762	28242	44656d6f6e73202a484154452a205072696573747320616e642050726965737465737365732e
RANDOM_RESULT	rumors.false	50	3149	1	25762	28302	4469646e277420796f7520666f7267657420746f207061793f
RANDOM_RESULT	rumors.false	51	3209	1	25762	28362	4469646e277420796f7572206d6f746865722074656c6c20796f75206e6f7420746f2065617420666f6f64206f66662074686520666c6f6f723f
RANDOM_RESULT	rumors.false	52	3269	1	25762	28441	44697265637420612064697265637420686974206f6e20796f757220646972656374206f70706f6e656e742c20646972656374696e6720696e2074686520726967687420646972656374696f6e2e
RANDOM_RESULT	rumors.false	53	3329	10	25762	28520	446f20796f752077616e7420746f206d616b65206d6f7265206d6f6e65793f2020537572652c20776520616c6c20646f2120204a6f696e2074686520466f7274204c7564696f7320677561726421
RANDOM_RESULT	rumors.false	54	3408	10	25762	28580	446f657320796f757220626f7373206b6e6f77207768617420796f7527726520646f696e67207269676874206e6f773f
RANDOM_RESULT	rumors.false	55	3487	1	25762	28658	446f6e277420626f746865722077697368696e6720666f72207468696e67732e2020596f75276c6c2070726f6261626c792066696e64206f6e65206f6e20746865206e657874206c6576656c2e
RANDOM_RESULT	rumors.false	56	3547	10	25762	28718	446f6e27742065617420746f6f206d7563683a2020796f75206d6967687420737461727420686963636f756768696e6721
RANDOM_RESULT	rumors.false	57	3625	1	25762	28778	446f6e277420706c6179204e65744861636b20617420796f757220776f726b3b20796f757220626f7373206d696768742068697420796f7521
RANDOM_RESULT	rumors.false	58	3685	1	25762	28858	446f6e27742074656c6c206120736f756c20796f7520666f756e6420612073656372657420646f6f722c206f74686572776973652069742069736e277420612073656372657420616e796d6f72652e
RANDOM_RESULT	rumors.false	59	3745	10	25762	28926	4472696e6b696e6720706f74696f6e73206f6620626f6f7a65206d6179206c616e6420796f7520696e206a61696c20696620796f752061726520756e6465722032312e
RANDOM_RESULT	rumors.false	60	3825	10	25762	28991	44726f7020796f75722076616e69747920616e642067657420726964206f6620796f7572206a6577656c732120205069636b706f636b6574732061626f757421
RANDOM_RESULT	rumors.false	61	3893	10	25762	29061	45617420313020636c6f766573206f66206761726c696320616e64206b65657020616c6c2068756d616e7320617420612074776f2d7371756172652064697374616e63652e
RANDOM_RESULT	rumors.false	62	3958	10	25762	29139	45656c73206869646520756e646572206d75642e2020557365206120756e69636f726e20746f20636c6561722074686520776174657220616e64206d616b65207468656d2076697369626c652e
RANDOM_RESULT	rumors.false	63	4028	10	25762	29199	45656c732077696c6c2068656c7020796f752074696520796f75722073686f65732e
RANDOM_RESULT	rumors.false	64	4106	1	25762	29259	456c66206861732065787472612073706565642e
RANDOM_RESULT	rumors.false	65	4166	1	25762	29319	456e677261766520796f757220776973686573207769746820612077616e64206f662077697368696e672e
RANDOM_RESULT	rumors.false	66	4226	1	25762	29396	4576656e7475616c6c7920796f752077696c6c20636f6d6520746f2061646d6972652074686520737769667420656c6567616e6365206f6620612072657472656174696e67206e796d70682e
RANDOM_RESULT	rumors.false	67	4286	10	25762	29456	457665722068656172642068697373696e67206f7574736964653f202049202a6b6e65772a20796f75206861646e277421
RANDOM_RESULT	rumors.false	68	4363	1	25762	29516	45766572206c6966746564206120647261676f6e20636f727073653f
RANDOM_RESULT	rumors.false	69	4423	1	25762	29576	45766572207365656e2061206c656f63726f7474612064616e63696e67207468652074656e67753f
RANDOM_RESULT	rumors.false	70	4483	1	25762	29636	45766572207365656e20796f757220776561706f6e20676c6f7720706c6169643f
RANDOM_RESULT	rumors.false	71	4543	1	25762	29696	457665722074616d656420612073686f706b65657065723f
RANDOM_RESULT	rumors.false	72	4603	1	25762	29756	457665722074726965642064696767696e67207468726f7567682061205661756c742047756172643f
RANDOM_RESULT	rumors.false	73	4663	1	25762	29816	4576657220747269656420656e6368616e74696e67206120726f70653f
RANDOM_RESULT	rumors.false	74	4723	1	25762	29876	466c6f6174696e6720657965732063616e2774207374616e6420486177616969616e207368697274732e
RANDOM_RESULT	rumors.false	75	4783	1	25762	29936	466f7220616e792072656d6564792074686572652069732061206d69736572792e
RANDOM_RESULT	rumors.false	76	4843	1	25762	29996	4769616e742062617473207475726e20696e746f206769616e742076616d70697265732e
RANDOM_RESULT	rumors.false	77	4903	1	25762	30056	476f6f642064617920666f72206f766572636f6d696e67206f62737461636c65732e202054727920612073746565706c6563686173652e
RANDOM_RESULT	rumors.false	78	4963	1	25762	30120	48616c66204d6f6f6e20746f6e696768742e2020284174206c65617374206974277320626574746572207468616e206e6f204d6f6f6e20617420616c6c2e29
RANDOM_RESULT	rumors.false	79	5023	10	25762	30189	5b636f6f6b69655d2048656c7021202049276d206265696e672068656c6420707269736f6e657220696e206120666f7274756e6520636f6f6b696520666163746f727921
RANDOM_RESULT	rumors.false	80	5087	10	25762	30249	486f757365636174732068617665206e696e65206c697665732c206b697474656e73206f6e6c79206f6e652e
RANDOM_RESULT	rumors.false	81	5156	1	25762	30309	486f77206c6f6e672063616e20796f752074726561642077617465723f
RANDOM_RESULT	rumors.false	82	5216	1	25762	30369	48756e6772793f2020546865726520697320616e206162756e64616e6365206f6620666f6f64206f6e20746865206e657874206c6576656c2e
RANDOM_RESULT	rumors.false	83	5276	1	25762	30437	4920677565737320796f75277665206e65766572206869742061206d61696c206461656d6f6e20776974682074686520416d756c6574206f662059656e646f722e2e2e
RANDOM_RESULT	rumors.false	84	5336	10	25762	30498	4966207468657265277320612073706f74206f6620626c6f6f64206f6e20796f75722068616e64732c20776879206e6f742077617368207468656d3f
RANDOM_RESULT	rumors.false	85	5404	1	25762	30558	496620796f7520617265207468652073686f706b65657065722c20796f752063616e2074616b65207468696e677320666f7220667265652e
RANDOM_RESULT	rumors.false	86	5465	1	25762	30621	496620796f752061736b207265616c6c79206e6963656c792c207468652057697a6172642077696c6c206769766520796f752074686520416d756c65742e
RANDOM_RESULT	rumors.false	87	5525	10	25762	30686	496620796f752063616e2774206c6561726e20746f20646f2069742077656c6c2c206c6561726e20746f20656e6a6f7920646f696e67206974206261646c792e
RANDOM_RESULT	rumors.false	88	5588	10	25762	30758	496620796f752074686f75676874207468652057697a61726420776173206261642c206a75737420776169742074696c6c20796f75206d65657420746865205761726c6f726421
RANDOM_RESULT	rumors.false	89	5653	10	25762	30835	496620796f75207475726e20626c696e642c20646f6e27742065787065637420796f757220646f6720746f206265207475726e656420696e746f206120736565696e672d65796520646f672e
RANDOM_RESULT	rumors.false	90	5725	10	25762	30895	496620796f752077616e7420746f206665656c2067726561742c20796f75206d7573742065617420736f6d657468696e67207265616c206269672e
RANDOM_RESULT	rumors.false	91	5802	1	25762	30955	496620796f752077616e7420746f20666c6f61742c20796f7527642062657474657220656174206120666c6f6174696e67206579652e
RANDOM_RESULT	rumors.false	92	5862	1	25762	31015	496620796f75722067686f7374206b696c6c73206120706c617965722c20697420696e6372656173657320796f75722073636f72652e
RANDOM_RESULT	rumors.false	93	5922	1	25762	31075	496e637265617365206d696e64706f7765723a202054616d6520796f7572206f776e2067686f737421
RANDOM_RESULT	rumors.false	94	5982	1	25762	31135	4974206675727468657273206f6e6520746f2073656520746865206772656174206d616e2e
RANDOM_RESULT	rumors.false	95	6042	1	25762	31195	49742773206561737920746f206f7665726c6f6f6b2061206d6f6e7374657220696e206120776f6f642e
RANDOM_RESULT	rumors.false	96	6102	1	25762	31266	4a7573742062656c6f7720616e79207472617020646f6f72207468657265206d617920626520616e6f74686572206f6e652e20204a757374206b6565702066616c6c696e6721
RANDOM_RESULT	rumors.false	97	6162	10	25762	31326	4b6174616e61732061726520766572792073686172703b20776174636820796f7520646f6e27742063757420796f757273656c662e
RANDOM_RESULT	rumors.false	98	6233	1	25762	31386	4b656570206120636c656172206d696e643a2020717561666620636c65617220706f74696f6e732e
RANDOM_RESULT	rumors.false	99	6293	1	25762	31446	4b69636b696e6720746865207465726d696e616c20646f65736e2774206875727420746865206d6f6e73746572732e
RANDOM_RESULT	rumors.false	100	6353	1	25762	31506	4b696c6c65722062656573206b65657020617070656172696e672074696c6c20796f75206b696c6c20746865697220717565656e2e
RANDOM_RESULT	rumors.false	101	6413	1	25762	31566	4b696c6c65722062756e6e6965732063616e2062652074616d6564207769746820636172726f7473206f6e6c792e
RANDOM_RESULT	rumors.false	102	6473	1	25762	31631	4c6174657374206e6577733f202050757420607265632e67616d65732e726f6775656c696b652e6e65746861636b2720696e20796f7572202e6e657773726321
RANDOM_RESULT	rumors.false	103	6533	10	25762	31691	4c6561726e20686f7720746f207370656c6c2e2020506c6179204e65744861636b21
RANDOM_RESULT	rumors.false	104	6598	1	25762	31751	4c65707265636861756e73206869646520746865697220676f6c6420696e20612073656372657420726f6f6d2e
RANDOM_RESULT	rumors.false	105	6658	1	25762	31811	4c657420796f75722066696e6765727320646f207468652077616c6b696e67206f6e207468652079756c6b6a686e62206b6579732e
RANDOM_RESULT	rumors.false	106	6718	1	25762	31871	4c6574277320666163652069743a2020746869732074696d6520796f75277265206e6f7420676f696e6720746f2077696e2e
RANDOM_RESULT	rumors.false	107	6778	1	25762	31931	4c65742773206861766520612070617274792c206472696e6b2061206c6f74206f6620626f6f7a652e
RANDOM_RESULT	rumors.false	108	6838	1	25762	31991	4c6971756f722073656c6c65727320646f206e6f74206472696e6b3b2074686579206861746520746f2073656520796f752074776963652e
RANDOM_RESULT	rumors.false	109	6898	1	25762	32051	4c756e61722065636c6970736520746f6e696768742e20204d61792061732077656c6c2071756974206e6f7721
RANDOM_RESULT	rumors.false	110	6958	1	25762	32111	4d656574696e6720796f7572206f776e2067686f73742064656372656173657320796f7572206c75636b20636f6e736964657261626c7921
RANDOM_RESULT	rumors.false	111	7018	1	25762	32184	4d6f6e657920746f20696e766573743f202054616b6520697420746f20746865206c6f63616c206272616e6368206f6620746865204d61676963204d656d6f7279205661756c7421
RANDOM_RESULT	rumors.false	112	7078	10	25762	32244	4d6f6e737465727320636f6d652066726f6d206e6f776865726520746f2068697420796f7520657665727977686572652e
RANDOM_RESULT	rumors.false	113	7151	1	25762	32316	4d6f6e737465727320736c656570206265636175736520796f752061726520626f72696e672c206e6f74206265636175736520746865792065766572206765742074697265642e
RANDOM_RESULT	rumors.false	114	7211	10	25762	32384	4d6f7374206d6f6e737465727320707265666572206d696e636564206d6561742e2020546861742773207768792074686579206172652068697474696e6720796f7521
RANDOM_RESULT	rumors.false	115	7283	10	25762	32444	4d6f7374206f6620746865206275677320696e204e65744861636b20617265206f6e2074686520666c6f6f722e
RANDOM_RESULT	rumors.false	116	7351	1	25762	32504	4d7563682061646f204e6f7468696e672048617070656e732e
RANDOM_RESULT	rumors.false	117	7411	1	25762	32564	4d756c74692d706c61796572204e65744861636b2069732061206d7974682e
RANDOM_RESULT	rumors.false	118	7471	1	25762	32624	4e65744861636b206973206164646963746976652e2020546f6f206c6174652c20796f7527726520616c726561647920686f6f6b65642e
RANDOM_RESULT	rumors.false	119	7531	1	25762	32684	4e657665722061736b20612073686f706b656570657220666f722061207072696365206c6973742e
RANDOM_RESULT	rumors.false	120	7591	1	25762	32753	4e65766572206275726e206120747265652c20756e6c65737320796f75206c696b652067657474696e6720776861636b656420776974682061202b352073686f76656c2e
RANDOM_RESULT	rumors.false	121	7651	10	25762	32813	4e6576657220656174207769746820676c6f77696e672068616e647321
RANDOM_RESULT	rumors.false	122	7720	1	25762	32884	4e65766572206d696e6420746865206d6f6e73746572732068697474696e6720796f753a202074686579206a757374207265706c616365207468652063686172776f6d656e2e
RANDOM_RESULT	rumors.false	123	7780	10	25762	32944	4e6576657220706c6179206c65617066726f672077697468206120756e69636f726e2e
RANDOM_RESULT	rumors.false	124	7851	1	25762	33004	4e657665722073746570206f6e20612063757273656420656e67726176696e672e
RANDOM_RESULT	rumors.false	125	7911	1	25762	33068	4e65766572207377696d207769746820612063616d6572613a202074686572652773206e6f7468696e6720746f2074616b65207069637475726573206f662e
RANDOM_RESULT	rumors.false	126	7971	10	25762	33128	4e6576657220746561636820796f7572207065742072757374206d6f6e7374657220746f2066657463682e
RANDOM_RESULT	rumors.false	127	8035	1	25762	33188	4e6576657220747275737420612072616e646f6d2067656e657261746f7220696e206d61676963206669656c64732e
RANDOM_RESULT	rumors.false	128	8095	1	25762	33248	4e657665722075736520612077616e64206f662064656174682e
RANDOM_RESULT	rumors.false	129	8155	1	25762	33308	4e6f206c6576656c20636f6e7461696e732074776f2073686f70732e2020546865206d617a65206973206e6f206c6576656c2e2020536f2e2e2e
RANDOM_RESULT	rumors.false	130	8215	1	25762	33394	5b636f6f6b69655d204e6f2070617274206f66207468697320666f7274756e65206d617920626520726570726f64756365642c2073746f72656420696e20612072657472696576616c2073797374656d2c202e2e2e
RANDOM_RESULT	rumors.false	131	8275	10	25762	33454	4e6f7420616c6c2072756d6f727320617265206173206d69736c656164696e672061732074686973206f6e652e
RANDOM_RESULT	rumors.false	132	8361	1	25762	33514	4e796d70687320616e64206e7572736573206c696b652062656175746966756c2072696e67732e
RANDOM_RESULT	rumors.false	133	8421	1	25762	33574	4e796d7068732061726520626c6f6e6465732e202041726520796f7520612067656e746c656d616e3f
RANDOM_RESULT	rumors.false	134	8481	1	25762	33645	4f66666572696e67206120756e69636f726e206120776f7274686c657373207069656365206f6620676c617373206d696768742070726f766520746f20626520666174616c21
RANDOM_RESULT	rumors.false	135	8541	10	25762	33705	4f6c64206861636b657273206e65766572206469653a2020796f756e67206f6e657320646f2e
RANDOM_RESULT	rumors.false	136	8612	1	25762	33765	4f6e652068617320746f206c656176652073686f7073206265666f726520636c6f73696e672074696d652e
RANDOM_RESULT	rumors.false	137	8672	1	25762	33825	4f6e6520686f6d756e63756c7573206120646179206b656570732074686520646f63746f7220617761792e
RANDOM_RESULT	rumors.false	138	8732	1	25762	33887	4f6e65206c6576656c206675727468657220646f776e20736f6d65626f64792069732067657474696e67206b696c6c65642c207269676874206e6f772e
RANDOM_RESULT	rumors.false	139	8792	10	25762	33947	4f6e6c7920612077697a6172642063616e207573652061206d616769632077686973746c652e
RANDOM_RESULT	rumors.false	140	8854	1	25762	34010	4f6e6c7920616476656e747572657273206f66206576696c20616c69676e6d656e74207468696e6b206f66206b696c6c696e6720746865697220646f672e
RANDOM_RESULT	rumors.false	141	8914	10	25762	34070	4f6e6c79206368616f746963206576696c73206b696c6c20736c656570696e67206d6f6e73746572732e
RANDOM_RESULT	rumors.false	142	8977	1	25762	34130	4f6e6c79207265616c207472617070657273206573636170652074726170732e
RANDOM_RESULT	rumors.false	143	9037	1	25762	34190	4f6e6c79207265616c2077697a617264732063616e207772697465207363726f6c6c732e
RANDOM_RESULT	rumors.false	144	9097	1	25762	34250	4f7065726174696f6e204f5645524b494c4c206861732073746172746564206e6f772e
RANDOM_RESULT	rumors.false	145	9157	1	25762	34310	4f7563682e2020492068617465207768656e20746861742068617070656e732e
RANDOM_RESULT	rumors.false	146	9217	1	25762	34370	504c454153452069676e6f72652070726576696f75732072756d6f722e
RANDOM_RESULT	rumors.false	147	9277	1	25762	34437	506f6c796d6f72706820696e746f20616e20657474696e3b206d65657420796f7572206f70706f6e656e7473206661636520746f206661636520746f20666163652e
RANDOM_RESULT	rumors.false	148	9337	10	25762	34497	50726179696e672077696c6c20667269676874656e2064656d6f6e732e
RANDOM_RESULT	rumors.false	149	9404	1	25762	34575	526f772028337829207468617420626f61742067656e746c7920646f776e207468652073747265616d2c20436861726f6e20283478292c20646561746820697320627574206120647265616d2e
RANDOM_RESULT	rumors.false	150	9464	10	25762	34635	52756e6e696e6720697320676f6f6420666f7220796f7572206c6567732e
RANDOM_RESULT	rumors.false	151	9542	1	25762	34695	536372657720757020796f757220636f7572616765212020596f7527766520736372657765642075702065766572797468696e6720656c73652e
RANDOM_RESULT	rumors.false	152	9602	1	25762	34755	536565706167653f20204c65616b792070697065733f2020526973696e672064616d703f202053756d6d6f6e2074686520706c756d62657221
RANDOM_RESULT	rumors.false	153	9662	1	25762	34815	5365676d656e746174696f6e206661756c742028636f72652064756d706564292e
RANDOM_RESULT	rumors.false	154	9722	1	25762	34875	53686f706b6565706572732061726520696e73757265642062792043726f657375732068696d73656c6621
RANDOM_RESULT	rumors.false	155	9782	1	25762	34935	53686f706b65657065727320736f6d6574696d6573206469652066726f6d206f6c64206167652e
RANDOM_RESULT	rumors.false	156	9842	1	25762	35006	536f6d65206d617a65732028657370656369616c6c7920736d616c6c206f6e6573292068617665206e6f20736f6c7574696f6e732c2073617973206d616e2036206d617a652e
RANDOM_RESULT	rumors.false	157	9902	10	25762	35068	536f6d65207175657374696f6e732074686520537068796e782061736b73206a757374202a646f6e27742a206861766520616e7920616e73776572732e
RANDOM_RESULT	rumors.false	158	9973	10	25762	35128	536f6d6574696d657320226d75222069732074686520616e737765722e
RANDOM_RESULT	rumors.false	159	10035	1	25762	35192	5b636f6f6b69655d20536f7272792c206e6f20666f7274756e6520746869732074696d652e2020426574746572206c75636b206e65787420636f6f6b696521
RANDOM_RESULT	rumors.false	160	10095	10	25762	35255	537061726520796f7572207363726f6c6c73206f66206d616b652d656469626c6520756e74696c2069742773207265616c6c79206e656365737361727921
RANDOM_RESULT	rumors.false	161	10159	10	25762	35325	537469636b7320616e642073746f6e6573206d617920627265616b20796f757220626f6e657320627574206d616e65732077696c6c206e65766572206875727420796f752e
RANDOM_RESULT	rumors.false	162	10222	10	25762	35385	53746f726d6272696e67657220646f65736e277420737465616c20736f756c732e202050656f706c6520737465616c20736f756c732e
RANDOM_RESULT	rumors.false	163	10292	1	25762	35445	53756464656e6c792c207468652064756e67656f6e2077696c6c20636f6c6c617073652e2e2e
RANDOM_RESULT	rumors.false	164	10352	1	25762	35505	54616d696e672061206d61696c206461656d6f6e206d617920636175736520612073797374656d2073656375726974792076696f6c6174696f6e2e
RANDOM_RESULT	rumors.false	165	10412	1	25762	35584	5468652063726f77642077617320736f20746f7567682c207468652053746f6f67657320776f6e277420706c6179207468652044756e67656f6e20616e796d6f72652c206e79756b206e79756b2e
RANDOM_RESULT	rumors.false	166	10472	10	25762	35644	546865206c65707265636861756e73206869646520746865697220747265617375726520696e206120736d616c6c2068696464656e20726f6f6d2e
RANDOM_RESULT	rumors.false	167	10551	1	25762	35704	546865206c6f6e676572207468652077616e6420746865206265747465722e
RANDOM_RESULT	rumors.false	168	10611	1	25762	35764	546865206d6167696320776f7264206973202258595a5a59222e
RANDOM_RESULT	rumors.false	169	10671	1	25762	35824	546865206d65656b207368616c6c20696e686572697420796f757220626f6e65732066696c65732e
RANDOM_RESULT	rumors.false	170	10731	1	25762	35893	546865206d696e657320617265206461726b20616e6420646565702c20616e6420492068617665206c6576656c7320746f20676f206265666f7265204920736c6565702e
RANDOM_RESULT	rumors.false	171	10791	10	25762	35953	546865206d6f726520796f752075736520746865204520776f72642c20746865206265747465722e
RANDOM_RESULT	rumors.false	172	10860	1	25762	36013	54686520757365206f662064796e616d6974652069732064616e6765726f75732e
RANDOM_RESULT	rumors.false	173	10920	1	25762	36073	546865726520617265206e6f20776f726d7320696e2074686520554e49582076657273696f6e2e
RANDOM_RESULT	rumors.false	174	10980	1	25762	36133	546865726520697320612074726170206f6e2074686973206c6576656c21
RANDOM_RESULT	rumors.false	175	11040	1	25762	36211	546865792073617920746861742044656d6f676f72676f6e2c2041736d6f646575732c204f726375732c205965656e6f6768752026204a7569626c6578206973206e6f206c6177206669726d2e
RANDOM_RESULT	rumors.false	176	11100	10	25762	36271	5468657920736179207468617420476572796f6e2068617320616e206576696c207477696e2c2062657761726521
RANDOM_RESULT	rumors.false	177	11178	1	25762	36331	54686579207361792074686174204d656475736120776f756c64206d616b652061207465727269626c65207065742e
RANDOM_RESULT	rumors.false	178	11238	1	25762	36391	54686579207361792074686174204e65744861636b2062756773206172652053656c646f6e20706c616e6e65642e
RANDOM_RESULT	rumors.false	179	11298	1	25762	36451	54686579207361792074686174204e65744861636b20636f6d657320696e2032353620666c61766f72732e
RANDOM_RESULT	rumors.false	180	11358	1	25762	36511	54686579207361792074686174204e65744861636b206973206a757374206120636f6d70757465722067616d652e
RANDOM_RESULT	rumors.false	181	11418	1	25762	36571	54686579207361792074686174204e65744861636b206973206d6f7265207468616e206a757374206120636f6d70757465722067616d652e
RANDOM_RESULT	rumors.false	182	11478	1	25762	36631	54686579207361792074686174204e65744861636b206973206e657665722077686174206974207573656420746f2062652e
RANDOM_RESULT	rumors.false	183	11538	1	25762	36693	546865792073617920746861742061206261627920647261676f6e20697320746f6f20736d616c6c20746f2068757274206f722068656c7020796f752e
RANDOM_RESULT	rumors.false	184	11598	10	25762	36759	54686579207361792074686174206120626c61636b2070756464696e672069732073696d706c7920612062726f776e2070756464696e6720676f6e65206261642e
RANDOM_RESULT	rumors.false	185	11660	10	25762	36819	54686579207361792074686174206120626c61636b20736865657020686173203320626167732066756c6c206f6620776f6f6c2e
RANDOM_RESULT	rumors.false	186	11726	1	25762	36879	54686579207361792074686174206120626c616e6b207363726f6c6c206973206c696b65206120626c616e6b20636865636b2e
RANDOM_RESULT	rumors.false	187	11786	1	25762	36939	54686579207361792074686174206120636174206e616d6564204d6f7272697320686173206e696e65206c697665732e
RANDOM_RESULT	rumors.false	188	11846	1	25762	37004	546865792073617920746861742061206465737065726174652073686f70706572206d696768742070617920616e7920707269636520696e20612073686f702e
RANDOM_RESULT	rumors.false	189	11906	10	25762	37064	546865792073617920746861742061206469616d6f6e6420646f67206973206576657279626f64792773206265737420667269656e642e
RANDOM_RESULT	rumors.false	190	11971	1	25762	37140	546865792073617920746861742061206477617266206c6f72642063616e2063617272792061207069636b2d6178652062656361757365206869732061726d6f72206973206c696768742e
RANDOM_RESULT	rumors.false	191	12031	10	25762	37200	54686579207361792074686174206120666c6f6174696e67206579652063616e20646566656174204d65647573612e
RANDOM_RESULT	rumors.false	192	12107	1	25762	37280	5b636f6f6b69655d2054686579207361792074686174206120666f7274756e65206f6e6c79206861732031206c696e6520616e6420796f752063616e27742072656164206265747765656e2069742e
RANDOM_RESULT	rumors.false	193	12167	10	25762	37359	5b636f6f6b69655d2054686579207361792074686174206120666f7274756e65206f6e6c79206861732031206c696e652c2062757420796f752063616e2072656164206265747765656e2069742e
RANDOM_RESULT	rumors.false	194	12247	10	25762	37432	54686579207361792074686174206120666f756e7461696e206c6f6f6b73206e6f7468696e67206c696b65206120726567756c61726c79206572757074696e67206765797365722e
RANDOM_RESULT	rumors.false	195	12326	10	25762	37501	54686579207361792074686174206120676f6c6420646f75626c6f6f6e20697320776f727468206d6f7265207468616e206974732077656967687420696e20676f6c642e
RANDOM_RESULT	rumors.false	196	12399	10	25762	37576	54686579207361792074686174206120677269642062756720776f6e27742070617920612073686f706b656570657220666f72207a617070696e6720796f7520696e20612073686f702e
RANDOM_RESULT	rumors.false	197	12468	10	25762	37644	5b636f6f6b69655d2054686579207361792074686174206120677970737920636f756c642074656c6c20796f757220666f7274756e6520666f7220612070726963652e
RANDOM_RESULT	rumors.false	198	12543	10	25762	37720	546865792073617920746861742061206861636b6572206e616d656420416c696365206f6e6365206c6576656c2074656c65706f72746564206279207573696e672061206d6972726f722e
RANDOM_RESULT	rumors.false	199	12611	10	25762	37798	546865792073617920746861742061206861636b6572206e616d6564204461766964206f6e636520736c65772061206769616e742077697468206120736c696e6720616e64206120726f636b2e
RANDOM_RESULT	rumors.false	200	12687	10	25762	37864	546865792073617920746861742061206861636b6572206e616d656420446f726f746879206f6e636520726f6465206120666f6720636c6f756420746f204f7a2e
RANDOM_RESULT	rumors.false	201	12765	10	25762	37936	546865792073617920746861742061206861636b6572206e616d6564204d617279206f6e6365206c6f7374206120776869746520736865657020696e20746865206d617a65732e
RANDOM_RESULT	rumors.false	202	12831	10	25762	37999	5468657920736179207468617420612068656c6d206f66206272696c6c69616e6365206973206e6f7420746f2062652074616b656e206c696768746c792e
RANDOM_RESULT	rumors.false	203	12903	10	25762	38060	54686579207361792074686174206120686f7420646f6720616e6420612068656c6c20686f756e6420617265207468652073616d65207468696e672e
RANDOM_RESULT	rumors.false	204	12966	1	25762	38135	546865792073617920746861742061206c616d70206e616d656420416c616464696e2773204c616d7020636f6e7461696e73206120646a696e6e6920776974682033207769736865732e
RANDOM_RESULT	rumors.false	205	13027	10	25762	38203	546865792073617920746861742061206c6172676520646f67206e616d6564204c61737369652077696c6c206c65616420796f7520746f2074686520616d756c65742e
RANDOM_RESULT	rumors.false	206	13102	10	25762	38263	546865792073617920746861742061206c6f6e672073776f7264206973206e6f742061206c696768742073776f72642e
RANDOM_RESULT	rumors.false	207	13170	1	25762	38323	546865792073617920746861742061206d616e657320776f6e2774206d696e636520776f726473207769746820796f752e
RANDOM_RESULT	rumors.false	208	13230	1	25762	38383	546865792073617920746861742061206d696e642069732061207465727269626c65207468696e6720746f2077617374652e
RANDOM_RESULT	rumors.false	209	13290	1	25762	38450	54686579207361792074686174206120706c61696e206e796d70682077696c6c206f6e6c792077656172206120776972652072696e6720696e206f6e65206561722e
RANDOM_RESULT	rumors.false	210	13350	10	25762	38520	54686579207361792074686174206120706c756d65642068617420636f756c6420626520612070726576696f75736c79207573656420637265737465642068656c6d65742e
RANDOM_RESULT	rumors.false	211	13417	10	25762	38580	54686579207361792074686174206120706f74696f6e206f66206f696c20697320646966666963756c7420746f2067726173702e
RANDOM_RESULT	rumors.false	212	13487	1	25762	38648	54686579207361792074686174206120706f74696f6e206f6620796f6775727420697320612063616e63656c6c656420706f74696f6e206f66207369636b6e6573732e
RANDOM_RESULT	rumors.false	213	13547	10	25762	38708	54686579207361792074686174206120707572706c6520776f726d206973206e6f742061206261627920707572706c6520647261676f6e2e
RANDOM_RESULT	rumors.false	214	13615	1	25762	38780	54686579207361792074686174206120717569766572696e6720626c6f622074617374657320646966666572656e74207468616e20612067656c6174696e6f757320637562652e
RANDOM_RESULT	rumors.false	215	13675	10	25762	38851	5468657920736179207468617420612072756e65642062726f616473776f7264206e616d65642053746f726d6272696e67657220617474726163747320766f7274696365732e
RANDOM_RESULT	rumors.false	216	13747	10	25762	38911	546865792073617920746861742061207363726f6c6c206f662073756d6d6f6e696e6720686173206f74686572206e616d65732e
RANDOM_RESULT	rumors.false	217	13818	1	25762	38976	546865792073617920746861742061207368616d616e2063616e20626573746f7720626c657373696e67732062757420757375616c6c7920646f65736e27742e
RANDOM_RESULT	rumors.false	218	13878	10	25762	39050	546865792073617920746861742061207368616d616e2077696c6c20626c65737320796f7520666f7220616e20657965206f66206e65777420616e642077696e67206f66206261742e
RANDOM_RESULT	rumors.false	219	13943	10	25762	39122	546865792073617920746861742061207368696d6d6572696e6720676f6c6420736869656c64206973206e6f74206120706f6c69736865642073696c76657220736869656c642e
RANDOM_RESULT	rumors.false	220	14017	10	25762	39196	5468657920736179207468617420612073706561722077696c6c206869742061206e656f2d6f74797567682e202028446f20594f55206b6e6f77207768617420746861742069733f29
RANDOM_RESULT	rumors.false	221	14089	10	25762	39258	5468657920736179207468617420612073706f7474656420647261676f6e2069732074686520756c74696d617465207368617065206368616e6765722e
RANDOM_RESULT	rumors.false	222	14163	10	25762	39334	5468657920736179207468617420612073746574686f73636f7065206973206e6f20676f6f6420696620796f752063616e206f6e6c79206865617220796f7572206865617274626561742e
RANDOM_RESULT	rumors.false	223	14225	10	25762	39405	546865792073617920746861742061207375636375627573206e616d65642053757a792077696c6c20736f6d6574696d6573207761726e20796f75206f662064616e6765722e
RANDOM_RESULT	rumors.false	224	14301	10	25762	39475	5468657920736179207468617420612077616e64206f662063616e63656c6c6174696f6e206973206e6f74206c696b6520612077616e64206f6620706f6c796d6f7270682e
RANDOM_RESULT	rumors.false	225	14372	10	25762	39544	54686579207361792074686174206120776f6f6420676f6c656d206e616d65642050696e6f636368696f20776f756c64206265206561737920746f20636f6e74726f6c2e
RANDOM_RESULT	rumors.false	226	14442	10	25762	39616	54686579207361792074686174206166746572206b696c6c696e67206120647261676f6e20697427732074696d6520666f722061206368616e6765206f66207363656e6572792e
RANDOM_RESULT	rumors.false	227	14511	10	25762	39695	5468657920736179207468617420616e20616d756c6574206f6620737472616e67756c6174696f6e20697320776f727365207468616e2072696e672061726f756e642074686520636f6c6c61722e
RANDOM_RESULT	rumors.false	228	14583	10	25762	39755	5468657920736179207468617420616e20617474696320697320746865206265737420706c61636520746f206869646520796f757220746f79732e
RANDOM_RESULT	rumors.false	229	14662	1	25762	39830	5468657920736179207468617420616e20617865206e616d656420436c6561766572206f6e63652062656c6f6e67656420746f2061206861636b6572206e616d6564204265617665722e
RANDOM_RESULT	rumors.false	230	14722	10	25762	39901	5468657920736179207468617420616e20657965206f66206e65777420616e6420612077696e67206f66206261742061726520646f75626c65207468652074726f75626c652e
RANDOM_RESULT	rumors.false	231	14797	10	25762	39975	5468657920736179207468617420616e20696e6375627573206e616d656420497a7a7920736f6d6574696d6573206d616b657320776f6d656e206665656c2073656e7369746976652e
RANDOM_RESULT	rumors.false	232	14868	10	25762	40051	5468657920736179207468617420616e206f70756c656e74207468726f6e6520726f6f6d20697320726172656c79206120706c61636520746f207769736820796f75276420626520696e2e
RANDOM_RESULT	rumors.false	233	14942	10	25762	40127	5468657920736179207468617420616e20756e6c75636b79206861636b6572206f6e6365206861642061206e6f736520626c65656420617420616e20616c74617220616e6420646965642e
RANDOM_RESULT	rumors.false	234	15018	10	25762	40192	5468657920736179207468617420616e642074686579207361792074686973206275742074686579206e6576657220736179206e657665722c206e6576657221
RANDOM_RESULT	rumors.false	235	15094	10	25762	40252	5468657920736179207468617420616e79207175616e74756d206d656368616e6963206b6e6f77732074686174207370656564206b696c6c732e
RANDOM_RESULT	rumors.false	236	15159	1	25762	40321	54686579207361792074686174206170706c79696e67206120756e69636f726e20686f726e206d65616e7320796f75277665206d69737365642074686520706f696e742e
RANDOM_RESULT	rumors.false	237	15219	10	25762	40381	5468657920736179207468617420626c75652073746f6e65732061726520726164696f6163746976652c206265776172652e
RANDOM_RESULT	rumors.false	238	15288	1	25762	40441	54686579207361792074686174206275696c64696e6720612064756e67656f6e2069732061207465616d206566666f72742e
RANDOM_RESULT	rumors.false	239	15348	1	25762	40506	54686579207361792074686174206368616f7469632063686172616374657273206e65766572206765742061206b69636b206f7574206f6620616c746172732e
RANDOM_RESULT	rumors.false	240	15408	10	25762	40566	5468657920736179207468617420636f6c6c617073696e6720612064756e67656f6e206f6674656e206372656174657320612070616e69632e
RANDOM_RESULT	rumors.false	241	15473	1	25762	40638	5468657920736179207468617420636f756e74696e6720796f75722065676773206265666f726520746865792068617463682073686f7773207468617420796f7520636172652e
RANDOM_RESULT	rumors.false	242	15533	10	25762	40715	546865792073617920746861742064697070696e67206120626167206f6620747269636b7320696e206120666f756e7461696e20776f6e2774206d616b6520697420616e20696365626f782e
RANDOM_RESULT	rumors.false	243	15605	10	25762	40793	546865792073617920746861742064697070696e6720616e2065656c20616e642062726f776e206d6f6c6420696e20686f74207761746572206d616b657320626f75696c6c616261697373652e
RANDOM_RESULT	rumors.false	244	15682	10	25762	40855	5468657920736179207468617420646f6e6174696e67206120646f75626c6f6f6e2069732065787472656d656c792070696f757320636861726974792e
RANDOM_RESULT	rumors.false	245	15760	10	25762	40915	546865792073617920746861742064756e67656f6e6565727320707265666572206461726b2063686f636f6c6174652e
RANDOM_RESULT	rumors.false	246	15822	1	25762	40975	5468657920736179207468617420656174696e6720726f79616c206a656c6c79206174747261637473206772697a7a6c79206f776c62656172732e
RANDOM_RESULT	rumors.false	247	15882	1	25762	41044	5468657920736179207468617420656767732c2070616e63616b657320616e64206a7569636520617265206a7573742061206d756e64616e6520627265616b666173742e
RANDOM_RESULT	rumors.false	248	15942	10	25762	41110	546865792073617920746861742065766572796f6e65206b6e6f777320776879204d6564757361207374616e647320616c6f6e6520696e20746865206461726b2e
RANDOM_RESULT	rumors.false	249	16011	10	25762	41181	546865792073617920746861742065766572796f6e652077616e746564207265632e67616d65732e6861636b20746f20756e646572676f2061206e616d65206368616e67652e
RANDOM_RESULT	rumors.false	250	16077	10	25762	41257	546865792073617920746861742066696e64696e6720612077696e6e696e6720737472617465677920697320612064656c69626572617465206d6f7665206f6e20796f757220706172742e
RANDOM_RESULT	rumors.false	251	16148	10	25762	41317	546865792073617920746861742066696e64696e6720776f7274686c65737320676c61737320697320776f72746820736f6d657468696e672e
RANDOM_RESULT	rumors.false	252	16224	1	25762	41378	5b636f6f6b69655d205468657920736179207468617420666f7274756e6520636f6f6b6965732061726520666f6f6420666f722074686f756768742e
RANDOM_RESULT	rumors.false	253	16284	1	25762	41438	5468657920736179207468617420676f6c64206973206f6e6c7920776173746564206f6e20612070657420647261676f6e2e
RANDOM_RESULT	rumors.false	254	16345	1	25762	41498	5468657920736179207468617420676f6f64207468696e677320636f6d6520746f2074686f7365207468617420776169742e
RANDOM_RESULT	rumors.false	255	16405	1	25762	41562	546865792073617920746861742067726561736564206f626a656374732077696c6c20736c6970206f7574206f66206d6f6e7374657273272068616e64732e
RANDOM_RESULT	rumors.false	256	16465	10	25762	41633	5468657920736179207468617420696620796f752063616e2774207370656c6c207468656e20796f75276c6c207769736820796f75206861642061207370656c6c626f6f6b2e
RANDOM_RESULT	rumors.false	257	16529	10	25762	41698	5468657920736179207468617420696620796f75206c697665206279207468652073776f72642c20796f75276c6c20646965206279207468652073776f72642e
RANDOM_RESULT	rumors.false	258	16600	10	25762	41766	5468657920736179207468617420696620796f7520706c6179206c696b652061206d6f6e7374657220796f75276c6c20686176652061206265747465722067616d652e
RANDOM_RESULT	rumors.false	259	16665	10	25762	41839	5468657920736179207468617420696620796f7520736c656570207769746820612064656d6f6e20796f75206d69676874206177616b65207769746820612068656164616368652e
RANDOM_RESULT	rumors.false	260	16733	10	25762	41912	5468657920736179207468617420696620796f752073746570206f6e206120637261636b20796f7520636f756c6420627265616b20796f7572206d6f746865722773206261636b2e
RANDOM_RESULT	rumors.false	261	16806	10	25762	41972	5468657920736179207468617420696620796f7527726520696e76697369626c6520796f752063616e207374696c6c20626520686561726421
RANDOM_RESULT	rumors.false	262	16879	1	25762	42038	5468657920736179207468617420696620796f75277265206c75636b7920796f752063616e206665656c207468652072756e6573206f6e2061207363726f6c6c2e
RANDOM_RESULT	rumors.false	263	16939	10	25762	42098	5468657920736179207468617420696e2074686520626967207069637475726520676f6c64206973206f6e6c7920736d616c6c206368616e67652e
RANDOM_RESULT	rumors.false	264	17005	1	25762	42171	5468657920736179207468617420696e207468652064756e67656f6e2069742773206e6f74207768617420796f75206b6e6f772074686174207265616c6c79206d6174746572732e
RANDOM_RESULT	rumors.false	265	17065	10	25762	42242	5468657920736179207468617420696e207468652064756e67656f6e206d6f6f6e20726f636b7320617265207265616c6c792064696c69746869756d206372797374616c732e
RANDOM_RESULT	rumors.false	266	17138	10	25762	42308	5468657920736179207468617420696e207468652064756e67656f6e2074686520626f6f7269736820637573746f6d6572206973206e657665722072696768742e
RANDOM_RESULT	rumors.false	267	17209	10	25762	42374	5468657920736179207468617420696e207468652064756e67656f6e20796f7520646f6e2774206e656564206120776174636820746f2074656c6c2074696d652e
RANDOM_RESULT	rumors.false	268	17275	10	25762	42451	5468657920736179207468617420696e207468652064756e67656f6e20796f75206e65656420736f6d657468696e67206f6c642c206e65772c20627572726f77656420616e6420626c75652e
RANDOM_RESULT	rumors.false	269	17341	10	25762	42520	5468657920736179207468617420696e207468652064756e67656f6e20796f752073686f756c6420616c7761797320636f756e7420796f757220626c657373696e67732e
RANDOM_RESULT	rumors.false	270	17418	10	25762	42581	546865792073617920746861742069726f6e20676f6c656d20706c617465206d61696c2069736e277420776f7274682077697368696e6720666f722e
RANDOM_RESULT	rumors.false	271	17487	1	25762	42642	546865792073617920746861742069742074616b657320666f7572207175617274657273746166667320746f206d616b65206f6e652073746166662e
RANDOM_RESULT	rumors.false	272	17548	1	25762	42702	546865792073617920746861742069742773206e6f74206f7665722074696c6c2074686520666174206c61646965732073696e672e
RANDOM_RESULT	rumors.false	273	17609	1	25762	42776	546865792073617920746861742069742773206e6f74206f7665722074696c6c2074686520666174206c6164792073686f75747320604f66662077697468206974732068656164272e
RANDOM_RESULT	rumors.false	274	17669	10	25762	42836	54686579207361792074686174206b69636b696e67206120686561767920737461747565206973207265616c6c7920612064756d62206d6f76652e
RANDOM_RESULT	rumors.false	275	17743	1	25762	42901	54686579207361792074686174206b69636b696e6720612076616c7561626c652067656d20646f65736e2774207365656d20746f206d616b652073656e73652e
RANDOM_RESULT	rumors.false	276	17803	10	25762	42961	54686579207361792074686174206c65707265636861756e73206b6e6f77204c6174696e20616e6420796f752073686f756c6420746f6f2e
RANDOM_RESULT	rumors.false	277	17868	1	25762	43021	54686579207361792074686174206d696e6f746175727320676574206c6f7374206f757473696465206f6620746865206d617a65732e
RANDOM_RESULT	rumors.false	278	17928	1	25762	43081	54686579207361792074686174206d6f73742074726f6c6c732061726520626f726e20616761696e2e
RANDOM_RESULT	rumors.false	279	17988	1	25762	43151	54686579207361792074686174206e616d696e6720796f757220636174204761726669656c642077696c6c206d616b6520796f75206d6f726520617474726163746976652e
RANDOM_RESULT	rumors.false	280	18048	10	25762	43222	54686579207361792074686174206e6f206f6e65206b6e6f77732065766572797468696e672061626f75742065766572797468696e6720696e207468652064756e67656f6e2e
RANDOM_RESULT	rumors.false	281	18118	10	25762	43282	54686579207361792074686174206e6f206f6e6520706c617973204e65744861636b206a75737420666f72207468652066756e206f662069742e
RANDOM_RESULT	rumors.false	282	18189	1	25762	43353	54686579207361792074686174206e6f206f6e65207265616c6c79207375627363726962657320746f207265632e67616d65732e726f6775656c696b652e6e65746861636b2e
RANDOM_RESULT	rumors.false	283	18249	10	25762	43413	54686579207361792074686174206e6f206f6e652077696c6c2061646d697420746f207374617274696e6720612072756d6f722e
RANDOM_RESULT	rumors.false	284	18320	1	25762	43479	54686579207361792074686174206e757273657320736f6d6574696d6573206361727279207363616c70656c7320616e64206e6576657220757365207468656d2e
RANDOM_RESULT	rumors.false	285	18380	10	25762	43541	54686579207361792074686174206f6e636520796f75277665206d6574206f6e652077697a61726420796f75277665206d6574207468656d20616c6c2e
RANDOM_RESULT	rumors.false	286	18446	10	25762	43601	54686579207361792074686174206f6e652074726f6c6c20697320776f7274682031302c303030206e657774732e
RANDOM_RESULT	rumors.false	287	18508	1	25762	43661	54686579207361792074686174206f6e6c792044617669642063616e2066696e6420746865207a6f6f21
RANDOM_RESULT	rumors.false	288	18568	1	25762	43721	54686579207361792074686174206f6e6c7920616e67656c7320706c617920746865697220686172707320666f7220746865697220706574732e
RANDOM_RESULT	rumors.false	289	18628	1	25762	43781	54686579207361792074686174206f6e6c7920626967207370656e6465727320636172727920676f6c642e
RANDOM_RESULT	rumors.false	290	18688	1	25762	43841	54686579207361792074686174206f7263207368616d616e7320617265206865616c7468792c207765616c74687920616e6420776973652e
RANDOM_RESULT	rumors.false	291	18748	1	25762	43906	5468657920736179207468617420706c6179696e67204e65744861636b206973206c696b652077616c6b696e6720696e746f206120646561746820747261702e
RANDOM_RESULT	rumors.false	292	18808	10	25762	43972	546865792073617920746861742070726f626c656d20627265617468696e672069732062657374207472656174656420627920612070726f70657220646965742e
RANDOM_RESULT	rumors.false	293	18873	10	25762	44047	54686579207361792074686174207175616666696e67206d616e7920706f74696f6e73206f66206c657669746174696f6e2063616e206769766520796f7520612068656164616368652e
RANDOM_RESULT	rumors.false	294	18939	10	25762	44108	5468657920736179207468617420717565656e20626565732067657420746861742077617920627920656174696e6720726f79616c206a656c6c792e
RANDOM_RESULT	rumors.false	295	19014	1	25762	44185	546865792073617920746861742072656164696e672061207363617265206d6f6e73746572207363726f6c6c206973207468652073616d6520617320736179696e6720456c6265726574682e
RANDOM_RESULT	rumors.false	296	19075	10	25762	44245	54686579207361792074686174207265616c206861636b65727320616c776179732061726520636f6e74726f6c6c65642e
RANDOM_RESULT	rumors.false	297	19152	1	25762	44305	54686579207361792074686174207265616c206861636b657273206e6576657220736c6565702e
RANDOM_RESULT	rumors.false	298	19212	1	25762	44365	546865792073617920746861742073686f706b6565706572732061726520696e73757265642062792043726f657375732068696d73656c6621
RANDOM_RESULT	rumors.false	299	19272	1	25762	44439	546865792073617920746861742073686f706b656570657273206e65766572206361727279206d6f7265207468616e20323020676f6c64207069656365732c206174206e696768742e
RANDOM_RESULT	rumors.false	300	19332	10	25762	44509	546865792073617920746861742073686f706b656570657273206e657665722073656c6c20626c657373656420706f74696f6e73206f6620696e7669736962696c6974792e
RANDOM_RESULT	rumors.false	301	19406	10	25762	44569	5468657920736179207468617420736f6c64696572732077656172206b696420676c6f76657320616e642073696c6c792068656c6d6574732e
RANDOM_RESULT	rumors.false	302	19476	1	25762	44629	5468657920736179207468617420736f6d65204b6f707320617265206f6e207468652074616b652e
RANDOM_RESULT	rumors.false	303	19536	1	25762	44689	5468657920736179207468617420736f6d6520677561726473272070616c6d732063616e20626520677265617365642e
RANDOM_RESULT	rumors.false	304	19596	1	25762	44764	5468657920736179207468617420736f6d65206d6f6e7374657273206d6179206b69737320796f757220626f6f747320746f2073746f7020796f7572206472756d20706c6179696e672e
RANDOM_RESULT	rumors.false	305	19656	10	25762	44841	5468657920736179207468617420736f6d6574696d657320796f752063616e2062652074686520686974206f6620746865207061727479207768656e20706c6179696e67206120686f726e2e
RANDOM_RESULT	rumors.false	306	19731	10	25762	44907	5468657920736179207468617420746865204e65744861636b20676f64732067656e6572616c6c792077656c636f6d6520796f757220736163726966696365732e
RANDOM_RESULT	rumors.false	307	19808	10	25762	44971	54686579207361792074686174207468652054687265652052696e677320617265206e616d65642056696c79612c204e656e796120616e64204e617279612e
RANDOM_RESULT	rumors.false	308	19874	10	25762	45031	54686579207361792074686174207468652057697a617264206f662059656e646f7220686173206120646561746820776973682e
RANDOM_RESULT	rumors.false	309	19938	1	25762	45101	5468657920736179207468617420746865206068616972206f662074686520646f672720697320736f6d6574696d657320616e206566666563746976652072656d6564792e
RANDOM_RESULT	rumors.false	310	19998	10	25762	45176	546865792073617920746861742074686520626573742074696d6520746f207361766520796f75722067616d65206973206e6f77206265666f7265206974277320746f6f206c6174652e
RANDOM_RESULT	rumors.false	311	20068	10	25762	45236	54686579207361792074686174207468652062696767657374206f62737461636c6520696e204e65744861636b20697320796f7572206d696e642e
RANDOM_RESULT	rumors.false	312	20143	1	25762	45301	546865792073617920746861742074686520676f64732061726520616e677279207768656e20746865792068697420796f752077697468206f626a656374732e
RANDOM_RESULT	rumors.false	313	20203	10	25762	45365	546865792073617920746861742074686520707269657374686f6f6420617265207370656369616c6c79206661766f7265642062792074686520676f64732e
RANDOM_RESULT	rumors.false	314	20268	10	25762	45440	54686579207361792074686174207468652077617920746f206d616b65206120756e69636f726e20686170707920697320746f206769766520697420776861742069742077616e74732e
RANDOM_RESULT	rumors.false	315	20332	10	25762	45501	5468657920736179207468617420746865726520617265206e6f20626c61636b206f722077686974652073746f6e65732c206f6e6c7920677261792e
RANDOM_RESULT	rumors.false	316	20407	1	25762	45572	5468657920736179207468617420746865726520617265206e6f20736b656c65746f6e732068656e636520746865726520617265206e6f20736b656c65746f6e206b6579732e
RANDOM_RESULT	rumors.false	317	20468	10	25762	45648	54686579207361792074686174207468657265206973206120636c6576657220726f67756520696e206576657279206861636b6572206a757374206479696e6720746f206573636170652e
RANDOM_RESULT	rumors.false	318	20539	10	25762	45708	54686579207361792074686174207468657265206973206e6f2073756368207468696e672061732066726565206164766963652e
RANDOM_RESULT	rumors.false	319	20615	1	25762	45768	54686579207361792074686174207468657265206973206f6e6c79206f6e652077617920746f2077696e206174204e65744861636b2e
RANDOM_RESULT	rumors.false	320	20675	1	25762	45838	54686579207361792074686174207468657265206f6e63652077617320612066656172736f6d65206368616f7469632073616d75726169206e616d6564204c756b204e6f2e
RANDOM_RESULT	rumors.false	321	20735	10	25762	45906	546865792073617920746861742074686572652077617320612074696d65207768656e2063757273656420686f6c79207761746572207761736e27742077617465722e
RANDOM_RESULT	rumors.false	322	20805	10	25762	45966	546865792073617920746861742074686572652773206e6f20706f696e7420696e20637279696e67206f76657220612067726179206f6f7a652e
RANDOM_RESULT	rumors.false	323	20873	1	25762	46038	546865792073617920746861742074686572652773206f6e6c7920686f7065206c65667420616674657220796f75277665206f70656e65642050616e646f7261277320626f782e
RANDOM_RESULT	rumors.false	324	20933	10	25762	46110	54686579207361792074686174207472617020646f6f72732073686f756c6420616c77617973206265206d61726b6564206043617574696f6e3a20205472617020446f6f72272e
RANDOM_RESULT	rumors.false	325	21005	10	25762	46179	54686579207361792074686174207573696e6720616e20616d756c6574206f66206368616e67652069736e2774206120646966666963756c74206f7065726174696f6e2e
RANDOM_RESULT	rumors.false	326	21077	10	25762	46253	546865792073617920746861742077617465722077616c6b696e6720626f6f7473206172652062657474657220696620796f75206172652066617374206c696b65204865726d65732e
RANDOM_RESULT	rumors.false	327	21146	10	25762	46327	54686579207361792074686174207768656e20796f75207765617220612063697263756c617220616d756c657420796f75206d6967687420726573656d626c6520612074726f6c6c2e
RANDOM_RESULT	rumors.false	328	21220	10	25762	46406	54686579207361792074686174207768656e20796f752772652068756e67727920796f752063616e2067657420612070697a7a6120696e203330206d6f766573206f72206974277320667265652e
RANDOM_RESULT	rumors.false	329	21294	10	25762	46471	54686579207361792074686174207768656e20796f757220676f6420697320616e67727920796f752073686f756c642074727920616e6f74686572206f6e652e
RANDOM_RESULT	rumors.false	330	21373	10	25762	46531	54686579207361792074686174207769656c64696e67206120756e69636f726e20686f726e2074616b657320737472656e6774682e
RANDOM_RESULT	rumors.false	331	21438	1	25762	46607	54686579207361792074686174207769746820737065656420626f6f747320796f75206e6576657220776f7272792061626f75742068697420616e642072756e206163636964656e74732e
RANDOM_RESULT	rumors.false	332	21498	10	25762	46670	5468657920736179207468617420796f752063616e206465666561742061206b696c6c6572206265652077697468206120756e69636f726e20686f726e2e
RANDOM_RESULT	rumors.false	333	21574	10	25762	46736	5468657920736179207468617420796f752063616e206f6e6c792063726f737320746865205269766572205374797820696e20436861726f6e277320626f61742e
RANDOM_RESULT	rumors.false	334	21637	10	25762	46814	5468657920736179207468617420796f752063616e206f6e6c79206b696c6c2061206c696368206f6e636520616e64207468656e20796f75276420626574746572206265206361726566756c2e
RANDOM_RESULT	rumors.false	335	21703	10	25762	46877	5468657920736179207468617420796f752063616e206f6e6c79207769736820666f72207468696e677320796f7527766520616c7265616479206861642e
RANDOM_RESULT	rumors.false	336	21781	10	25762	46937	5468657920736179207468617420796f752063616e20747261696e2061206361742062792074616c6b696e672067656e746c7920746f2069742e
RANDOM_RESULT	rumors.false	337	21844	1	25762	46997	5468657920736179207468617420796f752063616e20747261696e206120646f672062792074616c6b696e67206669726d6c7920746f2069742e
RANDOM_RESULT	rumors.false	338	21904	1	25762	47057	5468657920736179207468617420796f752063616e20747275737420796f757220676f6c64207769746820746865206b696e672e
RANDOM_RESULT	rumors.false	339	21964	1	25762	47128	5468657920736179207468617420796f752063616e2774207769706520796f75722067726561737920626172652068616e6473206f6e206120626c616e6b207363726f6c6c2e
RANDOM_RESULT	rumors.false	340	22024	10	25762	47188	5468657920736179207468617420796f752063616e6e6f74207472757374207363726f6c6c73206f662072756d6f722e
RANDOM_RESULT	rumors.false	341	22095	1	25762	47255	5468657920736179207468617420796f7520636f756c642066616c6c2068656164206f766572206865656c7320666f7220616e20656e6572677920766f727465782e
RANDOM_RESULT	rumors.false	342	22155	10	25762	47315	5468657920736179207468617420796f75206e6565642061206b657920696e206f7264657220746f206f70656e206c6f636b656420646f6f72732e
RANDOM_RESULT	rumors.false	343	22222	1	25762	47385	5468657920736179207468617420796f75206e6565642061206d6972726f7220746f206e6f746963652061206d696d696320696e20616e20616e74697175652073686f702e
RANDOM_RESULT	rumors.false	344	22282	10	25762	47454	5468657920736179207468617420796f75207265616c6c792063616e207573652061207069636b2d61786520756e6c65737320796f75207265616c6c792063616e27742e
RANDOM_RESULT	rumors.false	345	22352	10	25762	47518	5468657920736179207468617420796f752073686f756c6420616c776179732073746f726520796f757220746f6f6c7320696e207468652063656c6c61722e
RANDOM_RESULT	rumors.false	346	22421	10	25762	47592	5468657920736179207468617420796f752073686f756c64206265206361726566756c207768696c6520636c696d62696e6720746865206c616464657220746f20737563636573732e
RANDOM_RESULT	rumors.false	347	22485	10	25762	47652	5468657920736179207468617420796f752073686f756c642063616c6c20796f75722061726d6f7220607275737470726f6f66272e
RANDOM_RESULT	rumors.false	348	22559	1	25762	47717	5468657920736179207468617420796f752073686f756c64206e616d6520796f757220646f6720537075647320746f2068617665206120636f6f6c207065742e
RANDOM_RESULT	rumors.false	349	22619	10	25762	47790	5468657920736179207468617420796f752073686f756c64206e616d6520796f757220776561706f6e20616674657220796f7572206669727374206d6f6e73746572206b696c6c2e
RANDOM_RESULT	rumors.false	350	22684	10	25762	47859	5468657920736179207468617420796f752073686f756c64206e6576657220696e74726f64756365206120726f706520676f6c656d20746f20612073756363756275732e
RANDOM_RESULT	rumors.false	351	22757	10	25762	47925	5468657920736179207468617420796f752073686f756c64206e6576657220736c656570206e65617220696e76697369626c652072696e6720777261697468732e
RANDOM_RESULT	rumors.false	352	22826	10	25762	48001	5468657920736179207468617420796f752073686f756c64206e657665722074727920746f206c65617665207468652064756e67656f6e2077697468206120626167206f662067656d732e
RANDOM_RESULT	rumors.false	353	22892	10	25762	48072	5468657920736179207468617420796f752073686f756c642072656d6f766520796f75722061726d6f72206265666f72652073697474696e67206f6e2061207468726f6e652e
RANDOM_RESULT	rumors.false	354	22968	10	25762	48132	5b636f6f6b69655d205468697320666f7274756e6520636f6f6b696520697320636f70792070726f7465637465642e
RANDOM_RESULT	rumors.false	355	23039	1	25762	48202	5b636f6f6b69655d205468697320666f7274756e6520636f6f6b6965206973207468652070726f7065727479206f6620466f7274756e6520436f6f6b6965732c20496e632e
RANDOM_RESULT	rumors.false	356	23099	10	25762	48262	546869732072656c6561736520636f6e7461696e73203130252072656379636c6564206d6174657269616c2e
RANDOM_RESULT	rumors.false	357	23169	1	25762	48337	54696d65207374616e6473207374696c6c20617320746865207375636375627573206368616e676573206865722063616c656e64617220746f204a616e7561727920312c20323030302e
RANDOM_RESULT	rumors.false	358	23229	10	25762	48397	54697265643f20205472792061207363726f6c6c206f66206368617267696e67206f6e20796f757273656c662e
RANDOM_RESULT	rumors.false	359	23304	1	25762	48457	546f206163686965766520746865206e6578742068696768657220726174696e672c20796f75206e6565642033206d6f726520706f696e74732e
RANDOM_RESULT	rumors.false	360	23364	1	25762	48529	546f2072656163682068656176656e2c20657363617065207468652064756e67656f6e207768696c652077656172696e6720612072696e67206f66206c657669746174696f6e2e
RANDOM_RESULT	rumors.false	361	23424	10	25762	48589	546f757269737473207765617220736869727473206c6f756420656e6f75676820746f2077616b652074686520646561642e
RANDOM_RESULT	rumors.false	362	23496	1	25762	48649	5472792063616c6c696e6720796f7572206b6174616e61204d6f756c696e657474652e
RANDOM_RESULT	rumors.false	363	23556	1	25762	48709	556c636821202054686174206d65617420776173207061696e74656421
RANDOM_RESULT	rumors.false	364	23616	1	25762	48769	556e666f7274756e6174656c792c2074686973206d65737361676520776173206c65667420696e74656e74696f6e616c6c7920626c616e6b2e
RANDOM_RESULT	rumors.false	365	23676	1	25762	48829	5573696e672061206d6f726e696e67207374617220696e20746865206576656e696e6720686173206e6f206566666563742e
RANDOM_RESULT	rumors.false	366	23736	1	25762	48889	57616c747a2c2064756d62206e796d70682c20666f7220717569636b206a696773207665782e
RANDOM_RESULT	rumors.false	367	23796	1	25762	48949	57616e7420612068696e743f20205a617020612077616e64206f66206d616b6520696e76697369626c65206f6e20796f757220776561706f6e21
RANDOM_RESULT	rumors.false	368	23856	1	25762	49009	57616e7420746f20617363656e6420696e20612068757272793f20204170706c792061742047697a6d6f6e696320496e737469747574652e
RANDOM_RESULT	rumors.false	369	23916	1	25762	49089	57616e7465643a2073686f706b6565706572732e202053656e642061207363726f6c6c206f66206d61696c20746f204d616765206f662059656e646f722f4c6576656c2033352f44756e67656f6e2e
RANDOM_RESULT	rumors.false	370	23976	10	25762	49157	5b636f6f6b69655d205761726e696e673a2020666f7274756e652072656164696e672063616e2062652068617a6172646f757320746f20796f7572206865616c74682e
RANDOM_RESULT	rumors.false	371	24056	10	25762	49217	57652068617665206e65772077617973206f6620646574656374696e67207472656163686572792e2e2e
RANDOM_RESULT	rumors.false	372	24124	1	25762	49277	57657420746f77656c73206d616b6520677265617420776561706f6e7321
RANDOM_RESULT	rumors.false	373	24184	1	25762	49337	5b636f6f6b69655d2057686174206120706974792c20796f752063616e6e6f74207265616420697421
RANDOM_RESULT	rumors.false	374	24244	1	25762	49397	57686174657665722063616e20676f2077726f6e672c2077696c6c20676f2077726f6e672e
RANDOM_RESULT	rumors.false	375	24304	1	25762	49469	5768656e206120706965726365722064726f707320696e206f6e20796f752c20796f752077696c6c2062652074656d7074656420746f2068697420746865206365696c696e6721
RANDOM_RESULT	rumors.false	376	24364	10	25762	49535	5768656e20696e2061206d617a6520666f6c6c6f77207468652072696768742077616c6c20616e6420796f752077696c6c206e6576657220676574206c6f73742e
RANDOM_RESULT	rumors.false	377	24436	10	25762	49595	5768656e20796f7520686176652061206b65792c20796f7520646f6e2774206861766520746f207761697420666f72207468652067756172642e
RANDOM_RESULT	rumors.false	378	24502	1	25762	49655	5b636f6f6b69655d205768792061726520796f752077617374696e672074696d652072656164696e6720666f7274756e65733f
RANDOM_RESULT	rumors.false	379	24562	1	25762	49715	5769736820666f722061206d6173746572206b657920616e64206f70656e20746865204d61676963204d656d6f7279205661756c7421
RANDOM_RESULT	rumors.false	380	24622	1	25762	49775	57697a6172642065787065637473206576657279206d6f6e7374657220746f20646f2069747320647574792e
RANDOM_RESULT	rumors.false	381	24682	1	25762	49835	576f77212020596f7520636f756c6427766520686164206120706f74696f6e206f66206672756974206a7569636521
RANDOM_RESULT	rumors.false	382	24742	1	25762	49895	59657420416e6f746865722053696c6c79204d65737361676520285941534d292e
RANDOM_RESULT	rumors.false	383	24802	1	25762	49955	5b636f6f6b69655d20596f75206172652064657374696e656420746f206265206d69736c6564206279206120666f7274756e652e
RANDOM_RESULT	rumors.false	384	24862	1	25762	50028	596f752063616e2067657420612067656e75696e6520416d756c6574206f662059656e646f7220627920646f696e672074686520666f6c6c6f77696e673a20202d2d4d6f72652d2d
RANDOM_RESULT	rumors.false	385	24922	10	25762	50088	596f752063616e206d616b6520686f6c7920776174657220627920626f696c696e67207468652068656c6c206f7574206f662069742e
RANDOM_RESULT	rumors.false	386	24995	1	25762	50166	596f752063616e2070726f7465637420796f757273656c662066726f6d20626c61636b20647261676f6e7320627920646f696e672074686520666f6c6c6f77696e673a20202d2d4d6f72652d2d
RANDOM_RESULT	rumors.false	387	25055	10	25762	50226	596f752063616e2774206765742062792074686520736e616b652e
RANDOM_RESULT	rumors.false	388	25133	1	25762	50286	5b636f6f6b69655d20596f752063686f6b65206f6e2074686520666f7274756e6520636f6f6b69652e20202d2d4d6f72652d2d
RANDOM_RESULT	rumors.false	389	25193	1	25762	50346	596f75206665656c206c696b6520736f6d656f6e652069732070756c6c696e6720796f7572206c65672e
RANDOM_RESULT	rumors.false	390	25253	1	25762	50406	596f75206861766520746f206f75747769742074686520537068796e78206f7220706179206865722e
RANDOM_RESULT	rumors.false	391	25313	1	25762	50466	5b636f6f6b69655d20596f7520686561722074686520666f7274756e6520636f6f6b696527732068697373696e6721
RANDOM_RESULT	rumors.false	392	25373	1	25762	50533	596f75206d61792067657420726963682073656c6c696e67206c6574746572732c2062757420626577617265206f66206265696e6720626c61636b6d61696c656421
RANDOM_RESULT	rumors.false	393	25433	10	25762	50611	596f75206f6666656e6420536861692d48756c756420627920736865617468696e6720796f757220637279736b6e69666520776974686f757420686176696e6720647261776e20626c6f6f642e
RANDOM_RESULT	rumors.false	394	25500	10	25762	50671	5b636f6f6b69655d20596f75207377616c6c6f7765642074686520666f7274756e6521
RANDOM_RESULT	rumors.false	395	25578	1	25762	50735	596f752077616e7420746f2072656761696e20737472656e6774683f202054776f206c6576656c732061686561642069732061206775657374686f75736521
RANDOM_RESULT	rumors.false	396	25638	10	25762	50795	596f752077696c6c20656e636f756e74657220612074616c6c2c206461726b2c20616e642067727565736f6d652063726561747572652e2e2e
RANDOM_HEADER	bogusmon	374	60	7700	20
RANDOM_RESULT	bogusmon	0	7620	1	7640	80	67727565
RANDOM_RESULT	bogusmon	1	0	1	7640	100	6a756d626f20736872696d70
RANDOM_RESULT	bogusmon	2	20	1	7640	120	6769616e74207069676d79
RANDOM_RESULT	bogusmon	3	40	1	7640	140	676e75
RANDOM_RESULT	bogusmon	4	60	1	7640	160	6b696c6c65722070656e6775696e
RANDOM_RESULT	bogusmon	5	80	1	7640	180	6769616e7420636f636b726f616368
RANDOM_RESULT	bogusmon	6	100	1	7640	200	6769616e7420736c7567
RANDOM_RESULT	bogusmon	7	120	1	7640	220	6d6167676f74
RANDOM_RESULT	bogusmon	8	140	1	7640	240	707465726f64616374796c
RANDOM_RESULT	bogusmon	9	160	1	7640	260	747972616e6e6f73617572757320726578
RANDOM_RESULT	bogusmon	10	180	1	7640	280	626173696c69736b
RANDOM_RESULT	bogusmon	11	200	1	7640	300	6265686f6c646572
RANDOM_RESULT	bogusmon	12	220	1	7640	320	6e696768746d617265
RANDOM_RESULT	bogusmon	13	240	1	7640	340	65667265657469
RANDOM_RESULT	bogusmon	14	260	1	7640	360	6d61726964
RANDOM_RESULT	bogusmon	15	280	1	7640	380	726f742067727562
RANDOM_RESULT	bogusmon	16	300	1	7640	400	626f6f6b776f726d
RANDOM_RESULT	bogusmon	17	320	1	7640	420	6d6173746572206c696368656e
RANDOM_RESULT	bogusmon	18	340	1	7640	440	736861646f77
RANDOM_RESULT	bogusmon	19	360	1	7640	460	686f6c6f6772616d
RANDOM_RESULT	bogusmon	20	380	1	7640	480	6a6573746572
RANDOM_RESULT	bogusmon	21	400	1	7640	500	6174746f726e6579
RANDOM_RESULT	bogusmon	22	420	1	7640	520	736c65617a6f6964
RANDOM_RESULT	bogusmon	23	440	1	7640	540	6b696c6c657220746f6d61746f
RANDOM_RESULT	bogusmon	24	460	1	7640	560	616d617a6f6e
RANDOM_RESULT	bogusmon	25	480	1	7640	580	726f626f74
RANDOM_RESULT	bogusmon	26	500	1	7640	600	626174746c656d656368
RANDOM_RESULT	bogusmon	27	520	1	7640	620	7268696e6f7669727573
RANDOM_RESULT	bogusmon	28	540	1	7640	640	6861727079
RANDOM_RESULT	bogusmon	29	560	1	7640	660	6c696f6e2d646f67
RANDOM_RESULT	bogusmon	30	580	1	7640	680	7261742d616e74
RANDOM_RESULT	bogusmon	31	600	1	7640	700	59324b20627567
RANDOM_RESULT	bogusmon	32	620	1	7640	720	616e677279206d61726961636869
RANDOM_RESULT	bogusmon	33	640	1	7640	740	617263682d706564616e74
RANDOM_RESULT	bogusmon	34	660	1	7640	762	626c756562697264206f662068617070696e657373
RANDOM_RESULT	bogusmon	35	680	10	7640	782	63617264626f61726420676f6c656d
RANDOM_RESULT	bogusmon	36	702	1	7640	802	64756374207461706520676f6c656d
RANDOM_RESULT	bogusmon	37	722	1	7640	829	646961676f6e616c6c79206d6f76696e67206772696420627567
RANDOM_RESULT	bogusmon	38	742	10	7640	849	6576696c206f7665726c6f7264
RANDOM_RESULT	bogusmon	39	769	1	7640	869	6e65777367726f75702074726f6c6c
RANDOM_RESULT	bogusmon	40	789	1	7640	895	6e696e6a6120706972617465207a6f6d62696520726f626f74
RANDOM_RESULT	bogusmon	41	809	10	7640	915	6f63746172696e6520647261676f6e
RANDOM_RESULT	bogusmon	42	835	1	7640	935	706c61696420756e69636f726e
RANDOM_RESULT	bogusmon	43	855	1	7640	955	676f6e7a6f206a6f75726e616c697374
RANDOM_RESULT	bogusmon	44	875	1	7640	975	6c6167206d6f6e73746572
RANDOM_RESULT	bogusmon	45	895	1	7640	995	6c6f616e20736861726b
RANDOM_RESULT	bogusmon	46	915	1	7640	1017	706f7373657373656420776166666c652069726f6e
RANDOM_RESULT	bogusmon	47	935	10	7640	1037	706f756c7472796765697374
RANDOM_RESULT	bogusmon	48	957	1	7640	1060	7374756666656420726163636f6f6e20707570706574
RANDOM_RESULT	bogusmon	49	977	10	7640	1080	76696b696e67
RANDOM_RESULT	bogusmon	50	1000	1	7640	1100	77656520677265656e20626c6f62626965
RANDOM_RESULT	bogusmon	51	1020	1	7640	1120	77657265706c617479707573
RANDOM_RESULT	bogusmon	52	1040	1	7640	1140	686167206f6620626f6c64696e67
RANDOM_RESULT	bogusmon	53	1060	1	7640	1160	626c616e636d616e6765
RANDOM_RESULT	bogusmon	54	1080	1	7640	1180	726167696e67206e657264
RANDOM_RESULT	bogusmon	55	1100	1	7640	1200	7370656c6c696e6720626565
RANDOM_RESULT	bogusmon	56	1120	1	7640	1220	6c616e64206f63746f707573
RANDOM_RESULT	bogusmon	57	1140	1	7640	1240	66726f67207072696e6365
RANDOM_RESULT	bogusmon	58	1160	1	7640	1260	70696761737573
RANDOM_RESULT	bogusmon	59	1180	1	7640	1280	5f53656d69676f72676f6e
RANDOM_RESULT	bogusmon	60	1200	1	7640	1300	636f6e76656e74696f6e656572
RANDOM_RESULT	bogusmon	61	1220	1	7640	1320	6c61726765206d6963726f626174
RANDOM_RESULT	bogusmon	62	1240	1	7640	1340	736d616c6c206d656761626174
RANDOM_RESULT	bogusmon	63	1260	1	7640	1360	7562657268756c6b
RANDOM_RESULT	bogusmon	64	1280	1	7640	1380	746f6675726b6579
RANDOM_RESULT	bogusmon	65	1300	1	7640	1400	2b4475646c6579
RANDOM_RESULT	bogusmon	66	1320	1	7640	1420	736872696e6b696e672076696f6c6574
RANDOM_RESULT	bogusmon	67	1340	1	7640	1440	7368616c6c6f77206f6e65
RANDOM_RESULT	bogusmon	68	1360	1	7640	1460	73706865726963616c20636f77
RANDOM_RESULT	bogusmon	69	1380	1	7640	1480	656c6563747269632067697261666665
RANDOM_RESULT	bogusmon	70	1400	1	7640	1500	737465616d20647261676f6e
RANDOM_RESULT	bogusmon	71	1420	1	7640	1520	6f6d6e69627573
RANDOM_RESULT	bogusmon	72	1440	1	7640	1540	736c696e6b79
RANDOM_RESULT	bogusmon	73	1460	1	7640	1560	6d61786f74617572
RANDOM_RESULT	bogusmon	74	1480	1	7640	1580	6d696c6c6974617572
RANDOM_RESULT	bogusmon	75	1500	1	7640	1600	6f637461686564726f6e
RANDOM_RESULT	bogusmon	76	1520	1	7640	1620	64756e67656f6e20636f7265
RANDOM_RESULT	bogusmon	77	1540	1	7640	1640	7175616c65
RANDOM_RESULT	bogusmon	78	1560	1	7640	1660	686f6c6c6f776179
RANDOM_RESULT	bogusmon	79	1580	1	7640	1680	63686961736d7573
RANDOM_RESULT	bogusmon	80	1600	1	7640	1700	6769616e74207465747261706f64
RANDOM_RESULT	bogusmon	81	1620	1	7640	1720	766f7573736f6972
RANDOM_RESULT	bogusmon	82	1640	1	7640	1740	6261726b696e6720737069646572
RANDOM_RESULT	bogusmon	83	1660	1	7640	1760	66726f6720636c6f7564
RANDOM_RESULT	bogusmon	84	1680	1	7640	1780	746f6f74687361796572
RANDOM_RESULT	bogusmon	85	1700	1	7640	1800	746869726420657965
RANDOM_RESULT	bogusmon	86	1720	1	7640	1820	6f776c707567
RANDOM_RESULT	bogusmon	87	1740	1	7640	1840	70756761737573
RANDOM_RESULT	bogusmon	88	1760	1	7640	1860	61636f726e
RANDOM_RESULT	bogusmon	89	1780	1	7640	1880	72656420646f74
RANDOM_RESULT	bogusmon	90	1800	1	7640	1900	726f626f7420636869636b656e
RANDOM_RESULT	bogusmon	91	1820	1	7640	1920	646f6f7a6572
RANDOM_RESULT	bogusmon	92	1840	1	7640	1940	706f69736f6e206361636b6c6572
RANDOM_RESULT	bogusmon	93	1860	1	7640	1960	6c687572676f7966
RANDOM_RESULT	bogusmon	94	1880	1	7640	1980	7068656c64646167726966
RANDOM_RESULT	bogusmon	95	1900	1	7640	2000	74696b7461616c696b
RANDOM_RESULT	bogusmon	96	1920	1	7640	2020	776572656d6f75737461636865
RANDOM_RESULT	bogusmon	97	1940	1	7640	2040	726170696572207461706972
RANDOM_RESULT	bogusmon	98	1960	1	7640	2060	63686f706c6574
RANDOM_RESULT	bogusmon	99	1980	1	7640	2080	706f6d6d656c627567
RANDOM_RESULT	bogusmon	100	2000	1	7640	2100	7175657374207370726f7574
RANDOM_RESULT	bogusmon	101	2020	1	7640	2120	67727565
RANDOM_RESULT	bogusmon	102	2040	1	7640	2143	4368726973746d61732d74726565206d6f6e73746572
RANDOM_RESULT	bogusmon	103	2060	10	7640	2163	6c75636b207375636b6572
RANDOM_RESULT	bogusmon	104	2083	1	7640	2183	7061736b616c64
RANDOM_RESULT	bogusmon	105	2103	1	7640	2203	62726f676d6f6964
RANDOM_RESULT	bogusmon	106	2123	1	7640	2223	646f726e6265617374
RANDOM_RESULT	bogusmon	107	2143	1	7640	2249	416e6369656e74204d756c74692d4875656420447261676f6e
RANDOM_RESULT	bogusmon	108	2163	10	7640	2269	2b4576696c2049676779
RANDOM_RESULT	bogusmon	109	2189	1	7640	2289	726174746c65736e616b65
RANDOM_RESULT	bogusmon	110	2209	1	7640	2309	696365206d6f6e73746572
RANDOM_RESULT	bogusmon	111	2229	1	7640	2329	7068616e746f6d
RANDOM_RESULT	bogusmon	112	2249	1	7640	2349	717561676761
RANDOM_RESULT	bogusmon	113	2269	1	7640	2369	61717561746f72
RANDOM_RESULT	bogusmon	114	2289	1	7640	2389	6772696666696e
RANDOM_RESULT	bogusmon	115	2309	1	7640	2409	656d75
RANDOM_RESULT	bogusmon	116	2329	1	7640	2429	6b65737472656c
RANDOM_RESULT	bogusmon	117	2349	1	7640	2449	7865726f63
RANDOM_RESULT	bogusmon	118	2369	1	7640	2469	76656e757320666c7974726170
RANDOM_RESULT	bogusmon	119	2389	1	7640	2489	6372656570696e6720636f696e73
RANDOM_RESULT	bogusmon	120	2409	1	7640	2509	6879647261
RANDOM_RESULT	bogusmon	121	2429	1	7640	2529	736972656e
RANDOM_RESULT	bogusmon	122	2449	1	7640	2549	6b696c6c65722062756e6e79
RANDOM_RESULT	bogusmon	123	2469	1	7640	2572	726f64656e74206f6620756e757375616c2073697a65
RANDOM_RESULT	bogusmon	124	2489	10	7640	2592	776572652d726162626974
RANDOM_RESULT	bogusmon	125	2512	1	7640	2612	2b536d6f6b65792042656172
RANDOM_RESULT	bogusmon	126	2532	1	7640	2632	4c756767616765
RANDOM_RESULT	bogusmon	127	2552	1	7640	2652	76616d70697269632077617465726d656c6f6e
RANDOM_RESULT	bogusmon	128	2572	1	7640	2672	456e74
RANDOM_RESULT	bogusmon	129	2592	1	7640	2692	74616e676c652074726565
RANDOM_RESULT	bogusmon	130	2612	1	7640	2712	6e69636b656c70656465
RANDOM_RESULT	bogusmon	131	2632	1	7640	2732	776967676c65
RANDOM_RESULT	bogusmon	132	2652	1	7640	2752	776869746520726162626974
RANDOM_RESULT	bogusmon	133	2672	1	7640	2772	736e61726b
RANDOM_RESULT	bogusmon	134	2692	1	7640	2792	707573686d692d70756c6c7975
RANDOM_RESULT	bogusmon	135	2712	1	7640	2812	736d757266
RANDOM_RESULT	bogusmon	136	2732	1	7640	2832	74726962626c65
RANDOM_RESULT	bogusmon	137	2752	1	7640	2852	4b6c696e676f6e
RANDOM_RESULT	bogusmon	138	2772	1	7640	2872	426f7267
RANDOM_RESULT	bogusmon	139	2792	1	7640	2892	45776f6b
RANDOM_RESULT	bogusmon	140	2812	1	7640	2912	546f746f726f
RANDOM_RESULT	bogusmon	141	2832	1	7640	2932	6f686d75
RANDOM_RESULT	bogusmon	142	2852	1	7640	2952	796f756d61
RANDOM_RESULT	bogusmon	143	2872	1	7640	2972	6e7961617375
RANDOM_RESULT	bogusmon	144	2892	1	7640	2992	2d476f647a696c6c61
RANDOM_RESULT	bogusmon	145	2912	1	7640	3012	2b4b696e67204b6f6e67
RANDOM_RESULT	bogusmon	146	2932	1	7640	3032	65617274687175616b65206265617374
RANDOM_RESULT	bogusmon	147	2952	1	7640	3052	496e766964
RANDOM_RESULT	bogusmon	148	2972	1	7640	3072	5465726d696e61746f72
RANDOM_RESULT	bogusmon	149	2992	1	7640	3092	626f6f6d6572
RANDOM_RESULT	bogusmon	150	3012	1	7640	3112	44616c656b
RANDOM_RESULT	bogusmon	151	3032	1	7640	3136	6d6963726f73636f70696320737061636520666c656574
RANDOM_RESULT	bogusmon	152	3052	10	7640	3171	526176656e6f757320427567626c6174746572204265617374206f6620547261616c
RANDOM_RESULT	bogusmon	153	3076	10	7640	3193	6c656174686572792d77696e67656420617669616e
RANDOM_RESULT	bogusmon	154	3111	10	7640	3221	7465656e616765206d7574616e74206e696e6a6120747572746c65
RANDOM_RESULT	bogusmon	155	3133	10	7640	3241	73616d7572616920726162626974
RANDOM_RESULT	bogusmon	156	3161	1	7640	3261	616172647661726b
RANDOM_RESULT	bogusmon	157	3181	1	7640	3281	3d417564726579204949
RANDOM_RESULT	bogusmon	158	3201	1	7640	3301	776974636820646f63746f72
RANDOM_RESULT	bogusmon	159	3221	1	7640	3348	6f6e652d65796564206f6e652d686f726e656420666c79696e6720707572706c652070656f706c65206561746572
RANDOM_RESULT	bogusmon	160	3241	10	7640	3369	2b4261726e6579207468652064696e6f73617572
RANDOM_RESULT	bogusmon	161	3288	1	7640	3389	2b4d6f72676f7468
RANDOM_RESULT	bogusmon	162	3309	1	7640	3409	566f726c6f6e
RANDOM_RESULT	bogusmon	163	3329	1	7640	3429	7175657374696e67206265617374
RANDOM_RESULT	bogusmon	164	3349	1	7640	3449	5072656461746f72
RANDOM_RESULT	bogusmon	165	3369	1	7640	3469	64656d656e746f72
RANDOM_RESULT	bogusmon	166	3389	1	7640	3489	6d6f746865722d696e2d6c6177
RANDOM_RESULT	bogusmon	167	3409	1	7640	3509	70726179696e67206d616e746973
RANDOM_RESULT	bogusmon	168	3429	1	7640	3529	62656c756761207768616c65
RANDOM_RESULT	bogusmon	169	3449	1	7640	3549	636869636b656e
RANDOM_RESULT	bogusmon	170	3469	1	7640	3569	636f656c6163616e7468
RANDOM_RESULT	bogusmon	171	3489	1	7640	3589	737461722d6e6f736564206d6f6c65
RANDOM_RESULT	bogusmon	172	3509	1	7640	3609	6c756e6766697368
RANDOM_RESULT	bogusmon	173	3529	1	7640	3629	736c6f77206c6f726973
RANDOM_RESULT	bogusmon	174	3549	1	7640	3649	73656120637563756d626572
RANDOM_RESULT	bogusmon	175	3569	1	7640	3669	74617065776f726d
RANDOM_RESULT	bogusmon	176	3589	1	7640	3689	6c69676572
RANDOM_RESULT	bogusmon	177	3609	1	7640	3709	76656c6f6369726170746f72
RANDOM_RESULT	bogusmon	178	3629	1	7640	3729	636f7270756c656e7420706f72706f697365
RANDOM_RESULT	bogusmon	179	3649	1	7640	3749	71756f6b6b61
RANDOM_RESULT	bogusmon	180	3669	1	7640	3769	706f746f6f
RANDOM_RESULT	bogusmon	181	3689	1	7640	3789	6c656d6d696e67
RANDOM_RESULT	bogusmon	182	3709	1	7640	3809	64686f6c65
RANDOM_RESULT	bogusmon	183	3729	1	7640	3829	776f6c70657274696e676572
RANDOM_RESULT	bogusmon	184	3749	1	7640	3849	656c77656472697473636865
RANDOM_RESULT	bogusmon	185	3769	1	7640	3869	736b7661646572
RANDOM_RESULT	bogusmon	186	3789	1	7640	3889	2b4e6573736965
RANDOM_RESULT	bogusmon	187	3809	1	7640	3909	7461747a656c7775726d
RANDOM_RESULT	bogusmon	188	3829	1	7640	3929	64616875
RANDOM_RESULT	bogusmon	189	3849	1	7640	3949	64726f7062656172
RANDOM_RESULT	bogusmon	190	3869	1	7640	3969	77696c6420686167676973
RANDOM_RESULT	bogusmon	191	3889	1	7640	3989	6a61636b616c6f7065
RANDOM_RESULT	bogusmon	192	3909	1	7640	4009	666c79696e67206d6f6e6b6579
RANDOM_RESULT	bogusmon	193	3929	1	7640	4029	666c79696e6720706967
RANDOM_RESULT	bogusmon	194	3949	1	7640	4049	686970706f63616d707573
RANDOM_RESULT	bogusmon	195	3969	1	7640	4069	686970706f6772696666
RANDOM_RESULT	bogusmon	196	3989	1	7640	4089	6b656c706965
RANDOM_RESULT	bogusmon	197	4009	1	7640	4109	6361746f626c65706173
RANDOM_RESULT	bogusmon	198	4029	1	7640	4129	70686f656e6978
RANDOM_RESULT	bogusmon	199	4049	1	7640	4149	616d706869736261656e61
RANDOM_RESULT	bogusmon	200	4069	1	7640	4169	626f756e63696e6720657965
RANDOM_RESULT	bogusmon	201	4089	1	7640	4189	666c6f6174696e67206e6f7365
RANDOM_RESULT	bogusmon	202	4109	1	7640	4209	77616e646572696e6720657965
RANDOM_RESULT	bogusmon	203	4129	1	7640	4229	627566666572206f766572666c6f77
RANDOM_RESULT	bogusmon	204	4149	1	7640	4249	64616e676c696e6720706f696e746572
RANDOM_RESULT	bogusmon	205	4169	1	7640	4269	77616c6b696e67206469736b206472697665
RANDOM_RESULT	bogusmon	206	4189	1	7640	4289	666c6f6174696e6720706f696e74
RANDOM_RESULT	bogusmon	207	4209	1	7640	4309	726567657820656e67696e65
RANDOM_RESULT	bogusmon	208	4229	1	7640	4329	6e657473706c6974
RANDOM_RESULT	bogusmon	209	4249	1	7640	4349	77696b69
RANDOM_RESULT	bogusmon	210	4269	1	7640	4369	70656572
RANDOM_RESULT	bogusmon	211	4289	1	7640	4389	434f424f4c
RANDOM_RESULT	bogusmon	212	4309	1	7640	4409	7769726520736861726b
RANDOM_RESULT	bogusmon	213	4329	1	7640	4429	737472617920746162
RANDOM_RESULT	bogusmon	214	4349	1	7640	4449	626f6872627567
RANDOM_RESULT	bogusmon	215	4369	1	7640	4469	6d616e64656c627567
RANDOM_RESULT	bogusmon	216	4389	1	7640	4489	736368726f6564696e627567
RANDOM_RESULT	bogusmon	217	4409	1	7640	4509	68656973656e627567
RANDOM_RESULT	bogusmon	218	4429	1	7640	4529	6361636f64656d6f6e
RANDOM_RESULT	bogusmon	219	4449	1	7640	4549	7363726167
RANDOM_RESULT	bogusmon	220	4469	1	7640	4569	2b43726f7720542e20526f626f74
RANDOM_RESULT	bogusmon	221	4489	1	7640	4589	6368657373207061776e
RANDOM_RESULT	bogusmon	222	4509	1	7640	4609	63686f636f6c6174652070756464696e67
RANDOM_RESULT	bogusmon	223	4529	1	7640	4629	6f6f626c65636b73
RANDOM_RESULT	bogusmon	224	4549	1	7640	4649	7465727261636f7474612077617272696f72
RANDOM_RESULT	bogusmon	225	4569	1	7640	4669	686561727365
RANDOM_RESULT	bogusmon	226	4589	1	7640	4689	726f6f6d6261
RANDOM_RESULT	bogusmon	227	4609	1	7640	4709	6d696e69617475726520626c696d70
RANDOM_RESULT	bogusmon	228	4629	1	7640	4729	6475737420737065636b
RANDOM_RESULT	bogusmon	229	4649	1	7640	4749	67617a65626f
RANDOM_RESULT	bogusmon	230	4669	1	7640	4769	6772617920676f6f
RANDOM_RESULT	bogusmon	231	4689	1	7640	4789	6d61676e65746963206d6f6e6f706f6c65
RANDOM_RESULT	bogusmon	232	4709	1	7640	4828	66697273742063617465676f72792070657270657475616c206d6f74696f6e20646576696365
RANDOM_RESULT	bogusmon	233	4729	10	7640	4848	6269672064756d62206f626a656374
RANDOM_RESULT	bogusmon	234	4768	1	7640	4868	2b4c6f72642042726974697368
RANDOM_RESULT	bogusmon	235	4788	1	7640	4888	7061727469636c65206d616e
RANDOM_RESULT	bogusmon	236	4808	1	7640	4913	6b697474656e2070726f7370656374696e6720726f626f74
RANDOM_RESULT	bogusmon	237	4828	10	7640	4933	6775696c6c656d6574
RANDOM_RESULT	bogusmon	238	4853	1	7640	4953	736f6c69647573
RANDOM_RESULT	bogusmon	239	4873	1	7640	4973	6f62656c7573
RANDOM_RESULT	bogusmon	240	4893	1	7640	4993	64696e67626174
RANDOM_RESULT	bogusmon	241	4913	1	7640	5013	626f6c642066616365
RANDOM_RESULT	bogusmon	242	4933	1	7640	5033	626f757374726f706865646f6e
RANDOM_RESULT	bogusmon	243	4953	1	7640	5053	6c69676174757265
RANDOM_RESULT	bogusmon	244	4973	1	7640	5073	7265627573
RANDOM_RESULT	bogusmon	245	4993	1	7640	5093	64696e6b7573
RANDOM_RESULT	bogusmon	246	5013	1	7640	5113	61706f7374726f70686520676f6c656d
RANDOM_RESULT	bogusmon	247	5033	1	7640	5134	766f6c757074756f757320616d70657273616e64
RANDOM_RESULT	bogusmon	248	5053	1	7640	5156	2b426f622074686520616e67727920666c6f776572
RANDOM_RESULT	bogusmon	249	5074	10	7640	5176	2b5374726f6e6720426164
RANDOM_RESULT	bogusmon	250	5096	1	7640	5196	2b4d61676963616c20547265766f72
RANDOM_RESULT	bogusmon	251	5116	1	7640	5216	736d616b6b656e
RANDOM_RESULT	bogusmon	252	5136	1	7640	5236	6d696d6d6f7468
RANDOM_RESULT	bogusmon	253	5156	1	7640	5265	6f6e652d77696e67656420646577696e67656420737461622d626174
RANDOM_RESULT	bogusmon	254	5176	10	7640	5288	496e76697369626c652050696e6b20556e69636f726e
RANDOM_RESULT	bogusmon	255	5205	10	7640	5313	466c79696e6720537061676865747469204d6f6e73746572
RANDOM_RESULT	bogusmon	256	5228	10	7640	5333	74687265652d686561646564206d6f6e6b6579
RANDOM_RESULT	bogusmon	257	5253	1	7640	5353	2b456c20506f6c6c6f20446961626c6f
RANDOM_RESULT	bogusmon	258	5273	1	7640	5373	6c6974746c6520677265656e206d616e
RANDOM_RESULT	bogusmon	259	5293	1	7640	5397	776569676874656420436f6d70616e696f6e2043756265
RANDOM_RESULT	bogusmon	260	5313	10	7640	5417	6d616e62656172706967
RANDOM_RESULT	bogusmon	261	5337	1	7640	5437	626f6e7361692d6b697474656e
RANDOM_RESULT	bogusmon	262	5357	1	7640	5457	7469652d7468756c75
RANDOM_RESULT	bogusmon	263	5377	1	7640	5477	2b446f6d6f2d6b756e
RANDOM_RESULT	bogusmon	264	5397	1	7640	5498	6c6f6f6f6f6f6f6f6f6f6f6f6f6f6e6720636174
RANDOM_RESULT	bogusmon	265	5417	1	7640	5518	6e79616e20636174
RANDOM_RESULT	bogusmon	266	5438	1	7640	5538	6365696c696e6720636174
RANDOM_RESULT	bogusmon	267	5458	1	7640	5558	626173656d656e7420636174
RANDOM_RESULT	bogusmon	268	5478	1	7640	5578	6d6f6e6f7261696c20636174
RANDOM_RESULT	bogusmon	269	5498	1	7640	5598	74726964756465
RANDOM_RESULT	bogusmon	270	5518	1	7640	5618	6f7263757320636f736d69637573
RANDOM_RESULT	bogusmon	271	5538	1	7640	5638	7965656b
RANDOM_RESULT	bogusmon	272	5558	1	7640	5658	7175796c7468756c67
RANDOM_RESULT	bogusmon	273	5578	1	7640	5678	477265617465722048656c6c204265617374
RANDOM_RESULT	bogusmon	274	5598	1	7640	5698	2b56656e646f72206f662059697a617264
RANDOM_RESULT	bogusmon	275	5618	1	7640	5718	2b5369676d756e64
RANDOM_RESULT	bogusmon	276	5638	1	7640	5738	6c65726e6165616e206879647261
RANDOM_RESULT	bogusmon	277	5658	1	7640	5758	2d496a7962
RANDOM_RESULT	bogusmon	278	5678	1	7640	5778	3d476c6f6f727820566c6f71
RANDOM_RESULT	bogusmon	279	5698	1	7640	5798	2b426c6f726b20746865206f7263
RANDOM_RESULT	bogusmon	280	5718	1	7640	5821	756e69636f726e2070656761737573206b697474656e
RANDOM_RESULT	bogusmon	281	5738	10	7640	5841	656e6465726d616e
RANDOM_RESULT	bogusmon	282	5761	1	7640	5861	77696768742073757072656d6163697374
RANDOM_RESULT	bogusmon	283	5781	1	7640	5881	7a6572676c696e67
RANDOM_RESULT	bogusmon	284	5801	1	7640	5901	6578697374656e7469616c20616e677374
RANDOM_RESULT	bogusmon	285	5821	1	7640	5929	6669676d656e74206f6620796f757220696d6167696e6174696f6e
RANDOM_RESULT	bogusmon	286	5841	10	7640	5949	666c617368206f6620696e7369676874
RANDOM_RESULT	bogusmon	287	5869	1	7640	5969	67686f7469
RANDOM_RESULT	bogusmon	288	5889	1	7640	5989	7665726d6963696f7573206b6e6964
RANDOM_RESULT	bogusmon	289	5909	1	7640	6009	6d6565706c65
RANDOM_RESULT	bogusmon	290	5929	1	7640	6029	776f6d626c65
RANDOM_RESULT	bogusmon	291	5949	1	7640	6049	66726167676c65
RANDOM_RESULT	bogusmon	292	5969	1	7640	6069	737461696e6c65737320737465656c20726174
RANDOM_RESULT	bogusmon	293	5989	1	7640	6098	616e7461676f6e697374696320756e64656361676f6e737472696e67
RANDOM_RESULT	bogusmon	294	6009	10	7640	6118	6d6f636b20726f6c65
RANDOM_RESULT	bogusmon	295	6038	1	7640	6138	636c6f776e
RANDOM_RESULT	bogusmon	296	6058	1	7640	6158	6d696d65
RANDOM_RESULT	bogusmon	297	6078	1	7640	6178	706564646c6572
RANDOM_RESULT	bogusmon	298	6098	1	7640	6198	686167676c6572
RANDOM_RESULT	bogusmon	299	6118	1	7640	6218	676c6f6174696e6720657965
RANDOM_RESULT	bogusmon	300	6138	1	7640	6238	666c75736820676f6c656d
RANDOM_RESULT	bogusmon	301	6158	1	7640	6258	6d6172747972206f7263
RANDOM_RESULT	bogusmon	302	6178	1	7640	6278	6d6f72746172206f7263
RANDOM_RESULT	bogusmon	303	6198	1	7640	6298	6163696420626c6f67
RANDOM_RESULT	bogusmon	304	6218	1	7640	6318	616375746520626c6f62
RANDOM_RESULT	bogusmon	305	6238	1	7640	6338	6172696120656c656d656e74616c
RANDOM_RESULT	bogusmon	306	6258	1	7640	6358	616c696173696e6720707269657374
RANDOM_RESULT	bogusmon	307	6278	1	7640	6378	616c69676e6564207061726173697465
RANDOM_RESULT	bogusmon	308	6298	1	7640	6398	616c69676e65642070617271756574
RANDOM_RESULT	bogusmon	309	6318	1	7640	6418	616c69676e65642070726f63746f72
RANDOM_RESULT	bogusmon	310	6338	1	7640	6438	626162792062616c6b7920647261676f6e
RANDOM_RESULT	bogusmon	311	6358	1	7640	6458	6261627920626c75657320647261676f6e
RANDOM_RESULT	bogusmon	312	6378	1	7640	6478	626162792063617269636174757265
RANDOM_RESULT	bogusmon	313	6398	1	7640	6498	626162792063726f63686574
RANDOM_RESULT	bogusmon	314	6418	1	7640	6518	6261627920677261696e7920647261676f6e
RANDOM_RESULT	bogusmon	315	6438	1	7640	6538	6261627920626f6e6720776f726d
RANDOM_RESULT	bogusmon	316	6458	1	7640	6558	62616279206c6f6e6720776f7264
RANDOM_RESULT	bogusmon	317	6478	1	7640	6578	626162792070617261626c6520776f726d
RANDOM_RESULT	bogusmon	318	6498	1	7640	6598	62617266656420646576696c
RANDOM_RESULT	bogusmon	319	6518	1	7640	6618	62656572207769676874
RANDOM_RESULT	bogusmon	320	6538	1	7640	6638	626f6f72207769676874
RANDOM_RESULT	bogusmon	321	6558	1	7640	6658	627261776e79206d6f6c64
RANDOM_RESULT	bogusmon	322	6578	1	7640	6678	7261766520737069646572
RANDOM_RESULT	bogusmon	323	6598	1	7640	6698	636c756520676f6c656d
RANDOM_RESULT	bogusmon	324	6618	1	7640	6718	6275737420766f72746578
RANDOM_RESULT	bogusmon	325	6638	1	7640	6738	65727261746120656c656d656e74616c
RANDOM_RESULT	bogusmon	326	6658	1	7640	6758	656c61737469632065656c
RANDOM_RESULT	bogusmon	327	6678	1	7640	6780	656c656374726f63617264696f6772616d2065656c
RANDOM_RESULT	bogusmon	328	6698	10	7640	6800	66697220656c656d656e74616c
RANDOM_RESULT	bogusmon	329	6720	1	7640	6820	7469726520656c656d656e74616c
RANDOM_RESULT	bogusmon	330	6740	1	7640	6840	666c616d696e676f20737068657265
RANDOM_RESULT	bogusmon	331	6760	1	7640	6860	66616c6c61637920676f6c656d
RANDOM_RESULT	bogusmon	332	6780	1	7640	6880	6672697a7a65642063656e74617572
RANDOM_RESULT	bogusmon	333	6800	1	7640	6900	666f726573742063656e746572666f6c64
RANDOM_RESULT	bogusmon	334	6820	1	7640	6920	6669657263656e65737320737068657265
RANDOM_RESULT	bogusmon	335	6840	1	7640	6940	66726f73746564206769616e74
RANDOM_RESULT	bogusmon	336	6860	1	7640	6960	67657269617472696320736e616b65
RANDOM_RESULT	bogusmon	337	6880	1	7640	6980	676e617420616e74
RANDOM_RESULT	bogusmon	338	6900	1	7640	7000	6769616e742062617468
RANDOM_RESULT	bogusmon	339	6920	1	7640	7020	6772616e7420626565746c65
RANDOM_RESULT	bogusmon	340	6940	1	7640	7040	6772656174657220736e616b65
RANDOM_RESULT	bogusmon	341	6960	1	7640	7060	6772696e6420627567
RANDOM_RESULT	bogusmon	342	6980	1	7640	7080	6769616e74206d616e676f
RANDOM_RESULT	bogusmon	343	7000	1	7640	7100	676c6f73737920676f6c656d
RANDOM_RESULT	bogusmon	344	7020	1	7640	7120	676e6f6d65206c61757265617465
RANDOM_RESULT	bogusmon	345	7040	1	7640	7140	676e6f6d652064756d6d79
RANDOM_RESULT	bogusmon	346	7060	1	7640	7160	676f6f696572206f6f7a65
RANDOM_RESULT	bogusmon	347	7080	1	7640	7180	677265656e20736c696465
RANDOM_RESULT	bogusmon	348	7100	1	7640	7200	677561726469616e206e6163686f
RANDOM_RESULT	bogusmon	349	7120	1	7640	7220	68656c6c20686f756e642070756e
RANDOM_RESULT	bogusmon	350	7140	1	7640	7240	6869676820707572697374
RANDOM_RESULT	bogusmon	351	7160	1	7640	7260	686169726e657420646576696c
RANDOM_RESULT	bogusmon	352	7180	1	7640	7280	6963652074726f77656c
RANDOM_RESULT	bogusmon	353	7200	1	7640	7300	6b696c6c65722062656574
RANDOM_RESULT	bogusmon	354	7220	1	7640	7320	6665617468657220676f6c656d
RANDOM_RESULT	bogusmon	355	7240	1	7640	7340	6c6f756e676520776f726d
RANDOM_RESULT	bogusmon	356	7260	1	7640	7360	6d6f756e7461696e206c796d7068
RANDOM_RESULT	bogusmon	357	7280	1	7640	7380	706167657220676f6c656d
RANDOM_RESULT	bogusmon	358	7300	1	7640	7400	706965206669656e64
RANDOM_RESULT	bogusmon	359	7320	1	7640	7420	70726f7068796c616374696320776f726d
RANDOM_RESULT	bogusmon	360	7340	1	7640	7440	736f636b206d6f6c65
RANDOM_RESULT	bogusmon	361	7360	1	7640	7460	726f6775652070696572636572
RANDOM_RESULT	bogusmon	362	7380	1	7640	7480	736565736177696e6720737068657265
RANDOM_RESULT	bogusmon	363	7400	1	7640	7500	73696d696c65206d696d6963
RANDOM_RESULT	bogusmon	364	7420	1	7640	7520	6d6f6c6469657220616e74
RANDOM_RESULT	bogusmon	365	7440	1	7640	7540	737461696e20766f72746578
RANDOM_RESULT	bogusmon	366	7460	1	7640	7560	73636f6e65206769616e74
RANDOM_RESULT	bogusmon	367	7480	1	7640	7580	756d6272656c6c612068756c6b
RANDOM_RESULT	bogusmon	368	7500	1	7640	7600	76616d70697265206d616365
RANDOM_RESULT	bogusmon	369	7520	1	7640	7620	76657262616c206a6162626572776f636b
RANDOM_RESULT	bogusmon	370	7540	1	7640	7640	7761746572206c656d6f6e
RANDOM_RESULT	bogusmon	371	7560	1	7640	7660	7761746572206d656c6f6e
RANDOM_RESULT	bogusmon	372	7580	1	7640	7680	77696e676564206772697a7a6c79
RANDOM_RESULT	bogusmon	373	7600	1	7640	7700	79656c6c6f77207769676874
RANDOM_HEADER	engrave	46	60	2894	60
RANDOM_RESULT	engrave	0	2774	1	2834	120	4e6f206d617474657220776865726520796f7520676f2c20746865726520796f75206172652e
RANDOM_RESULT	engrave	1	0	1	2834	180	456c626572657468
RANDOM_RESULT	engrave	2	60	1	2834	240	566c6164207761732068657265
RANDOM_RESULT	engrave	3	120	1	2834	300	616420616572617269756d
RANDOM_RESULT	engrave	4	180	1	2834	360	4f776c627265617468
RANDOM_RESULT	engrave	5	240	1	2834	420	47616c61647269656c
RANDOM_RESULT	engrave	6	300	1	2834	480	4b696c726f79207761732068657265
RANDOM_RESULT	engrave	7	360	1	2834	540	46726f646f206c69766573
RANDOM_RESULT	engrave	8	420	1	2834	600	412e532e202d3e
RANDOM_RESULT	engrave	9	480	1	2834	660	3c2d20412e532e
RANDOM_RESULT	engrave	10	540	1	2834	720	596f7520776f6e27742067657420697420757020746865207374657073
RANDOM_RESULT	engrave	11	600	1	2834	780	4c61736369617465206f676e692073706572616e7a61206f20766f6920636827656e74726174652e
RANDOM_RESULT	engrave	12	660	1	2834	840	57656c6c20436f6d65
RANDOM_RESULT	engrave	13	720	1	2834	900	57652061706f6c6f67697a6520666f722074686520696e636f6e76656e69656e63652e
RANDOM_RESULT	engrave	14	780	1	2834	960	53656520796f75206e657874205765646e6573646179
RANDOM_RESULT	engrave	15	840	1	2834	1020	6e6f7461727920736f6a616b
RANDOM_RESULT	engrave	16	900	1	2834	1080	466f72206120676f6f642074696d652063616c6c20383f372d35333039
RANDOM_RESULT	engrave	17	960	1	2834	1140	506c6561736520646f6e277420666565642074686520616e696d616c732e
RANDOM_RESULT	engrave	18	1020	1	2834	1200	4d6164616d2c20696e204564656e2c2049276d204164616d2e
RANDOM_RESULT	engrave	19	1080	1	2834	1260	54776f207468756d627320757021
RANDOM_RESULT	engrave	20	1140	1	2834	1320	48656c6c6f2c20576f726c6421
RANDOM_RESULT	engrave	21	1200	1	2834	1380	417320696621
RANDOM_RESULT	engrave	22	1260	1	2834	1440	42414420574f4c46
RANDOM_RESULT	engrave	23	1320	1	2834	1500	41726f6f6f21202057657265776f6c766573206f662059656e646f7221
RANDOM_RESULT	engrave	24	1380	1	2834	1560	44696720666f7220566963746f72792068657265
RANDOM_RESULT	engrave	25	1440	1	2834	1620	4761697573204a756c697573205072696d6967656e6975732077617320686572652e20205768792061726520796f75206c6174653f
RANDOM_RESULT	engrave	26	1500	1	2834	1680	446f6e277420676f207468697320776179
RANDOM_RESULT	engrave	27	1560	1	2834	1740	476f206c656674202d2d2d3e
RANDOM_RESULT	engrave	28	1620	1	2834	1800	3c2d2d2d20476f207269676874
RANDOM_RESULT	engrave	29	1680	1	2834	1860	58206d61726b73207468652073706f74
RANDOM_RESULT	engrave	30	1740	1	2834	1920	58203c2d2d2d20596f752061726520686572652e
RANDOM_RESULT	engrave	31	1800	1	2834	1980	4865726520626520647261676f6e73
RANDOM_RESULT	engrave	32	1860	1	2834	2040	53617665206e6f772c20616e6420646f20796f757220686f6d65776f726b21
RANDOM_RESULT	engrave	33	1920	1	2834	2100	546865726520776173206120686f6c6520686572652e20204974277320676f6e65206e6f772e
RANDOM_RESULT	engrave	34	1980	1	2834	2160	54686520566962726174696e6720537175617265
RANDOM_RESULT	engrave	35	2040	1	2834	2220	5468697320697320612070697421
RANDOM_RESULT	engrave	36	2100	1	2834	2280	54686973206973206e6f74207468652064756e67656f6e20796f7520617265206c6f6f6b696e6720666f722e
RANDOM_RESULT	engrave	37	2160	1	2834	2346	5761746368206f75742c2074686572652773206120676e6f6d65207769746820612077616e64206f6620646561746820626568696e64207468617420646f6f7221
RANDOM_RESULT	engrave	38	2220	10	2834	2406	54686973207371756172652064656c696265726174656c79206c65667420626c616e6b2e
RANDOM_RESULT	engrave	39	2286	1	2834	2466	486165726d756e642048617264617865206361727665642074686573652072756e6573
RANDOM_RESULT	engrave	40	2346	1	2834	2540	4e6565642061206c696768743f2020436f6d6520766973697420746865204d696e65746f776e206272616e6368206f6620497a6368616b2773204c69676874696e672053746f726521
RANDOM_RESULT	engrave	41	2406	10	2834	2600	536e616b6573206f6e207468652041737472616c20506c616e65202d20536f6f6e20696e20612064756e67656f6e206e65617220796f75
RANDOM_RESULT	engrave	42	2480	1	2834	2698	596f752061726520746865206f6e65206d696c6c696f6e74682076697369746f7220746f207468697320706c616365212020506c65617365207761697420323030207475726e7320666f7220796f75722077616e64206f662077697368696e672e
RANDOM_RESULT	engrave	43	2540	10	2834	2758	5761726e696e672c204578706c6f64696e672072756e657321
RANDOM_RESULT	engrave	44	2638	1	2834	2834	496620796f752063616e207265616420746865736520776f726473207468656e20796f7520617265206e6f74206f6e6c792061206e657264206275742070726f6261626c7920646561642e
RANDOM_RESULT	engrave	45	2698	10	2834	2894	5468652063616b652069732061206c6965
RANDOM_HEADER	epitaph	395	60	24135	60
RANDOM_RESULT	epitaph	0	24015	1	24075	120	4e6f206d617474657220776865726520492077656e742c2068657265204920616d2e
RANDOM_RESULT	epitaph	1	0	1	24075	180	5265737420696e207065616365
RANDOM_RESULT	epitaph	2	60	1	24075	240	522e492e502e
RANDOM_RESULT	epitaph	3	120	1	24075	300	5265737420496e20506965636573
RANDOM_RESULT	epitaph	4	180	1	24075	360	4e6f7465202d2d20746865726520617265204e4f2076616c7561626c65206974656d7320696e2074686973206772617665
RANDOM_RESULT	epitaph	5	240	1	24075	420	313939342d313939352e20546865204c6f6e676573742d4c69766564204861636b65722045766572
RANDOM_RESULT	epitaph	6	300	1	24075	480	546865204772617665206f662074686520556e6b6e6f776e204861636b6572
RANDOM_RESULT	epitaph	7	360	1	24075	540	576520776572656e277420737572652077686f2074686973207761732c20627574207765206275726965642068696d206865726520616e79776179
RANDOM_RESULT	epitaph	8	420	1	24075	600	537061726b79202d2d206865207761732061207665727920676f6f6420646f67
RANDOM_RESULT	epitaph	9	480	1	24075	660	426577617265206f6620456c656374726963205468697264205261696c
RANDOM_RESULT	epitaph	10	540	1	24075	720	4d61646520696e2054616977616e
RANDOM_RESULT	epitaph	11	600	1	24075	780	4f6720667269656e642e204f6720676f6f6420647564652e204f6720646965642e204f67206e6f7720666f6f642e
RANDOM_RESULT	epitaph	12	660	1	24075	840	426565746c656a7569636520426565746c656a7569636520426565746c656a75696365
RANDOM_RESULT	epitaph	13	720	1	24075	900	4c6f6f6b206f75742062656c6f7721
RANDOM_RESULT	epitaph	14	780	1	24075	968	506c6561736520646f6e277420646967206d652075702e202049276d20706572666563746c7920686170707920646f776e20686572652e202d2d205265736964656e74
RANDOM_RESULT	epitaph	15	840	10	24075	1065	506f73746d616e2c20706c65617365206e6f746520666f7277617264696e6720616464726573733a20476568656e6e6f6d2c2041736d6f64657573277320466f7274726573732c206669667468206c656d757265206f6e20746865206c656674
RANDOM_RESULT	epitaph	16	908	10	24075	1167	4d617279206861642061206c6974746c65206c616d622f49747320666c656563652077617320776869746520617320736e6f772f5768656e204d6172792077617320696e2074726f75626c652f546865206c616d622077617320666972737420746f20676f
RANDOM_RESULT	epitaph	17	1005	10	24075	1227	4265206361726566756c2c206f72207468697320636f756c642068617070656e20746f20796f7521
RANDOM_RESULT	epitaph	18	1107	1	24075	1289	536f6f6e20796f75276c6c206a6f696e20746869732066656c6c6f7720696e2068656c6c21202d2d207468652057697a617264206f662059656e646f72
RANDOM_RESULT	epitaph	19	1167	10	24075	1349	43617574696f6e21205468697320677261766520636f6e7461696e7320746f786963207761737465
RANDOM_RESULT	epitaph	20	1229	1	24075	1409	53756d2071756f642065726973
RANDOM_RESULT	epitaph	21	1289	1	24075	1469	48657265206c69657320616e20417468656973742c20616c6c206472657373656420757020616e64206e6f20706c61636520746f20676f
RANDOM_RESULT	epitaph	22	1349	1	24075	1529	48657265206c69657320457a656b69656c2c20616765203130322e202054686520676f6f642064696520796f756e672e
RANDOM_RESULT	epitaph	23	1409	1	24075	1597	48657265206c696573206d7920776966653a2048657265206c657420686572206c696521204e6f77207368652773206174207265737420616e6420736f20616d20492e
RANDOM_RESULT	epitaph	24	1469	10	24075	1657	48657265206c696573204a6f686e6e792059656173742e2020506172646f6e206d6520666f72206e6f7420726973696e672e
RANDOM_RESULT	epitaph	25	1537	1	24075	1717	486520616c77617973206c696564207768696c65206f6e2074686520656172746820616e64206e6f772068652773206c79696e6720696e206974
RANDOM_RESULT	epitaph	26	1597	1	24075	1777	49206d61646520616e20617368206f66206d7973656c66
RANDOM_RESULT	epitaph	27	1657	1	24075	1837	536f6f6e20726970652e2020536f6f6e20726f7474656e2e2020536f6f6e20676f6e652e2020427574206e6f7420666f72676f7474656e2e
RANDOM_RESULT	epitaph	28	1717	1	24075	1917	48657265206c6965732074686520626f6479206f66204a6f6e617468616e20426c616b652e202053746570706564206f6e207468652067617320696e7374656164206f6620746865206272616b652e
RANDOM_RESULT	epitaph	29	1777	10	24075	1977	476f206177617921
RANDOM_RESULT	epitaph	30	1857	1	24075	2051	416c617320666169722044656174682c202774776173206d697373656420696e206c696665202d20736f6d6520706561636520616e642071756965742066726f6d206d792077696665
RANDOM_RESULT	epitaph	31	1917	10	24075	2111	4170706c6175642c206d7920667269656e64732c2074686520636f6d6564792069732066696e69736865642e
RANDOM_RESULT	epitaph	32	1991	1	24075	2171	4174206c6173742e2e2e2061206e696365206c6f6e6720736c6565702e
RANDOM_RESULT	epitaph	33	2051	1	24075	2231	417564692050617274656d20416c746572616d
RANDOM_RESULT	epitaph	34	2111	1	24075	2291	426173696c2c2061737361756c746564206279206265617273
RANDOM_RESULT	epitaph	35	2171	1	24075	2351	4275726e696e61746564
RANDOM_RESULT	epitaph	36	2231	1	24075	2411	436f6e667573696f6e2077696c6c206265206d792065706974617068
RANDOM_RESULT	epitaph	37	2291	1	24075	2471	446f206e6f74206f70656e20756e74696c204368726973746d6173
RANDOM_RESULT	epitaph	38	2351	1	24075	2531	446f6e277420626520646166742c207468657920636f756c646e27742068697420616e20656c657068616e74206174207468697320646973742d
RANDOM_RESULT	epitaph	39	2411	1	24075	2591	446f6e277420666f7267657420746f2073746f7020616e6420736d656c6c2074686520726f736573
RANDOM_RESULT	epitaph	40	2471	1	24075	2651	446f6e2774206c657420746869732068617070656e20746f20796f7521
RANDOM_RESULT	epitaph	41	2531	1	24075	2711	44756c6365206574206465636f72756d206573742070726f20706174726961206d6f7269
RANDOM_RESULT	epitaph	42	2591	1	24075	2771	457420696e20417263616469612065676f
RANDOM_RESULT	epitaph	43	2651	1	24075	2866	466174747920616e6420736b696e6e792077656e7420746f206265642e2020466174747920726f6c6c6564206f76657220616e6420736b696e6e792077617320646561642e2020536b696e6e7920536d69746820313938332d323030302e
RANDOM_RESULT	epitaph	44	2711	10	24075	2926	46696e616c6c79204920616d206265636f6d696e67207374757069646572206e6f206d6f7265
RANDOM_RESULT	epitaph	45	2806	1	24075	2986	466f6c6c6f77206d6520746f2068656c6c
RANDOM_RESULT	epitaph	46	2866	1	24075	3046	2e2e2e666f722066616d6f7573206d656e2068617665207468652077686f6c65206561727468206173207468656972206d656d6f7269616c
RANDOM_RESULT	epitaph	47	2926	1	24075	3106	47616d65206f7665722c206d616e2e202047616d65206f7665722e
RANDOM_RESULT	epitaph	48	2986	1	24075	3173	476f206177617921202049276d20747279696e6720746f2074616b652061206e617020696e2068657265212020426c6f6f647920616476656e7475726572732e2e2e
RANDOM_RESULT	epitaph	49	3046	10	24075	3233	476f6e652066697368696e27
RANDOM_RESULT	epitaph	50	3113	1	24075	3304	476f6f64206e696768742c207377656574207072696e63653a20416e6420666c6967687473206f6620616e67656c732073696e67207468656520746f20746879207265737421
RANDOM_RESULT	epitaph	51	3173	10	24075	3364	476f205465616d20416e7421
RANDOM_RESULT	epitaph	52	3244	1	24075	3424	4865206661726d656420686973207761792068657265
RANDOM_RESULT	epitaph	53	3304	1	24075	3484	48657265206c69657320612070726f6772616d6d65722e20204b696c6c6564206279206120666174616c206572726f722e
RANDOM_RESULT	epitaph	54	3364	1	24075	3544	48657265206c69657320426f62202d206465636964656420746f2074727920616e206163696420626c6f62
RANDOM_RESULT	epitaph	55	3424	1	24075	3604	48657265206c696573204475646c65792c206b696c6c656420627920616e6f7468657220252623402326206e6577742e
RANDOM_RESULT	epitaph	56	3484	1	24075	3664	48657265206c6965732047726567672c2063686f6b6564206f6e20616e20656767
RANDOM_RESULT	epitaph	57	3544	1	24075	3724	48657265206c696573204c6965732e20204974277320547275652e
RANDOM_RESULT	epitaph	58	3604	1	24075	3784	48657265206c69657320546865204c6164792773206d6169642c2064696564206f66206120566f7270616c20426c616465
RANDOM_RESULT	epitaph	59	3664	1	24075	3881	48657265206c69657320746865206c65667420666f6f74206f66204a61636b2c206b696c6c65642062792061206c616e64206d696e652e20204c6574207573206b6e6f7720696620796f752066696e6420616e79206d6f7265206f662068696d
RANDOM_RESULT	epitaph	60	3724	10	24075	3941	48652077616974656420746f6f206c6f6e67
RANDOM_RESULT	epitaph	61	3821	1	24075	4001	49276420726174686572206265207361696c696e67
RANDOM_RESULT	epitaph	62	3881	1	24075	4072	49662061206d616e277320646565647320646f206e6f74206f75746c6976652068696d2c206f6620776861742076616c75652069732061206d61726b20696e2073746f6e653f
RANDOM_RESULT	epitaph	63	3941	10	24075	4132	49276d20676f6e6e61206d616b6520697421
RANDOM_RESULT	epitaph	64	4012	1	24075	4192	4920746f6f6b20626f74682070696c6c7321
RANDOM_RESULT	epitaph	65	4072	1	24075	4252	492077696c6c207375727669766521
RANDOM_RESULT	epitaph	66	4132	1	24075	4312	4b696c6c6564206279206120626c61636b20647261676f6e202d2d205468697320677261766520697320656d707479
RANDOM_RESULT	epitaph	67	4192	1	24075	4372	4c6574206d65206f7574206f66206865726521
RANDOM_RESULT	epitaph	68	4252	1	24075	4432	4c6f6f6b696e2720676f6f642c204d65647573612e
RANDOM_RESULT	epitaph	69	4312	1	24075	4528	4d72732e20536d6974682c2063686f6b6564206f6e20616e206170706c652e2020536865206c65667420626568696e64206772696576696e672068757362616e642c2064617567687465722c20616e64206772616e6464617567687465722e
RANDOM_RESULT	epitaph	70	4372	10	24075	4588	4e6f626f64792062656c696576656420686572207768656e2073686520736169642068657220666565742077657265206b696c6c696e6720686572
RANDOM_RESULT	epitaph	71	4468	1	24075	4648	4e6f2120204920646f6e27742077616e7420746f20736565206d792064616d6e20636f6e6475637421
RANDOM_RESULT	epitaph	72	4528	1	24075	4708	4f6e6520636f727073652c2073616e732068656164
RANDOM_RESULT	epitaph	73	4588	1	24075	4768	4f6e207468652077686f6c652c204927642072617468657220626520696e204d696e65746f776e
RANDOM_RESULT	epitaph	74	4648	1	24075	4828	4f6e207661636174696f6e
RANDOM_RESULT	epitaph	75	4708	1	24075	4888	4f6f70732e
RANDOM_RESULT	epitaph	76	4768	1	24075	4948	4f757420746f204c756e6368
RANDOM_RESULT	epitaph	77	4828	1	24075	5008	534f4c44
RANDOM_RESULT	epitaph	78	4888	1	24075	5068	536f6d656f6e65207365742075732075702074686520626f6d6221
RANDOM_RESULT	epitaph	79	4948	1	24075	5128	54616b65206d792073747566662c204920646f6e2774206e65656420697420616e796d6f7265
RANDOM_RESULT	epitaph	80	5008	1	24075	5188	54616b696e6720612079656172206465616420666f722074617820726561736f6e73
RANDOM_RESULT	epitaph	81	5068	1	24075	5248	546865207265706f727473206f66206d792064656d6973652061726520636f6d706c6574656c79206163637572617465
RANDOM_RESULT	epitaph	82	5128	1	24075	5308	285468697320737061636520666f722073616c6529
RANDOM_RESULT	epitaph	83	5188	1	24075	5381	54686973207761732061637475616c6c79206a7573742061207069742c206275742073696e636520746865726520776173206120636f727073652c2077652066696c6c6564206974
RANDOM_RESULT	epitaph	84	5248	10	24075	5441	546869732077617920746f20746865206372797074
RANDOM_RESULT	epitaph	85	5321	1	24075	5501	54752071756f7175652c2042727574653f
RANDOM_RESULT	epitaph	86	5381	1	24075	5561	564143414e4359
RANDOM_RESULT	epitaph	87	5441	1	24075	5621	57656c636f6d6521
RANDOM_RESULT	epitaph	88	5501	1	24075	5681	5769736820796f752077657265206865726521
RANDOM_RESULT	epitaph	89	5561	1	24075	5741	5965612c20697420676f74206d6520746f6f
RANDOM_RESULT	epitaph	90	5621	1	24075	5801	596f752073686f756c642073656520746865206f7468657220677579
RANDOM_RESULT	epitaph	91	5681	1	24075	5861	2e2e2e616e642074686579206d616465206d6520656e6772617665206d79206f776e206865616473746f6e6520746f6f21
RANDOM_RESULT	epitaph	92	5741	1	24075	5924	2e2e2e6275742074686520626c6f6f64206861732073746f707065642070756d70696e6720616e64204920616d206c65667420746f2064656361792e2e2e
RANDOM_RESULT	epitaph	93	5801	10	24075	5984	3c4578706c65746976652044656c657465643e
RANDOM_RESULT	epitaph	94	5864	1	24075	6044	41206d61736f6368697374206973206e65766572207361746973666965642e
RANDOM_RESULT	epitaph	95	5924	1	24075	6104	4163682c202774776173206120776565206d6f6e7374657220696e20746865206c6f6368
RANDOM_RESULT	epitaph	96	5984	1	24075	6164	41646170742e2020456e6a6f792e2020537572766976652e
RANDOM_RESULT	epitaph	97	6044	1	24075	6224	416476656e747572652c206861682120204578636974656d656e742c2068616821
RANDOM_RESULT	epitaph	98	6104	1	24075	6284	416674657220616c6c2c20776861742061726520667269656e647320666f722e2e2e
RANDOM_RESULT	epitaph	99	6164	1	24075	6344	416674657220746869732c206e6f7468696e672077696c6c2073686f636b206d65
RANDOM_RESULT	epitaph	100	6224	1	24075	6404	416674657220746872656520646179732c206669736820616e6420677565737473207374696e6b
RANDOM_RESULT	epitaph	101	6284	1	24075	6464	41676520616e64207472656163686572792077696c6c20616c77617973206f766572636f6d6520796f75746820616e6420736b696c6c
RANDOM_RESULT	epitaph	102	6344	1	24075	6524	416765696e67206973206e6f7420736f206261642e2020546865207265616c206b696c6c6572206973207768656e20796f752073746f702e
RANDOM_RESULT	epitaph	103	6404	1	24075	6584	41696e277420492061207374696e6b65723f
RANDOM_RESULT	epitaph	104	6464	1	24075	6644	416c6765726e6f6e
RANDOM_RESULT	epitaph	105	6524	1	24075	6704	416c6c20656c7365206661696c65642e2e2e
RANDOM_RESULT	epitaph	106	6584	1	24075	6764	416c6c206861696c20524e47
RANDOM_RESULT	epitaph	107	6644	1	24075	6824	416c6c2072696768742c207765276c6c2063616c6c2069742061206472617721
RANDOM_RESULT	epitaph	108	6704	1	24075	6884	416c6c27732077656c6c207468617420656e64732077656c6c
RANDOM_RESULT	epitaph	109	6764	1	24075	6944	416c6f6e65206174206c61737421
RANDOM_RESULT	epitaph	110	6824	1	24075	7004	416c776179732061747461636b206120666c6f6174696e67206579652066726f6d20626568696e6421
RANDOM_RESULT	epitaph	111	6884	1	24075	7064	416d204920686176696e672066756e207965743f
RANDOM_RESULT	epitaph	112	6944	1	24075	7124	416e6420492063616e207374696c6c20637261776c2c2049276d206e6f7420646561642079657421
RANDOM_RESULT	epitaph	113	7004	1	24075	7184	416e6420616c6c20492077616e7465642077617320612066726565206c756e6368
RANDOM_RESULT	epitaph	114	7064	1	24075	7244	416e6420616c6c206f6620746865207369676e732077657265207269676874207468657265206f6e20796f75722066616365
RANDOM_RESULT	epitaph	115	7124	1	24075	7304	416e6420646f6e27742067697665206d65207468617420696e6e6f63656e74206c6f6f6b2065697468657221
RANDOM_RESULT	epitaph	116	7184	1	24075	7364	416e642065766572796f6e6520646965642e2020426f6f20686f6f20686f6f2e
RANDOM_RESULT	epitaph	117	7244	1	24075	7424	416e642068657265204920676f20616761696e2e2e2e
RANDOM_RESULT	epitaph	118	7304	1	24075	7484	416e64206e6f626f647920636172657320756e74696c20736f6d65626f64792066616d6f757320646965732e2e2e
RANDOM_RESULT	epitaph	119	7364	1	24075	7544	416e6420736f20697420656e64733f
RANDOM_RESULT	epitaph	120	7424	1	24075	7604	416e6420736f2e2e2e20697420626567696e732e
RANDOM_RESULT	epitaph	121	7484	1	24075	7664	416e6420736f6d6574696d6573207468652062656172206561747320796f752e
RANDOM_RESULT	epitaph	122	7544	1	24075	7724	416e64207468656e202765206e61696c6564206d65202765616420746f2074686520666c6f6f7221
RANDOM_RESULT	epitaph	123	7604	1	24075	7784	416e642074686579207361696420697420636f756c646e277420626520646f6e6521
RANDOM_RESULT	epitaph	124	7664	1	24075	7844	416e64207768617420646f2049206c6f6f6b206c696b653f2020546865206c6976696e673f
RANDOM_RESULT	epitaph	125	7724	1	24075	7904	416e64207965732c2069742077617320414c4c20686973206661756c7421
RANDOM_RESULT	epitaph	126	7784	1	24075	7964	416e6420796f752073616964206974207761732070726574747920686572652e2e2e
RANDOM_RESULT	epitaph	127	7844	1	24075	8024	416e6f74686572206c6f737420736f756c
RANDOM_RESULT	epitaph	128	7904	1	24075	8084	416e79206461792061626f76652067726f756e64206973206120676f6f642064617921
RANDOM_RESULT	epitaph	129	7964	1	24075	8144	416e79206d6f7265206f66207468697320616e642049276c6c20646965206f662061207374726f6b65206265666f72652049276d2033302e
RANDOM_RESULT	epitaph	130	8024	1	24075	8204	416e79626f6479207365656e206d7920686561643f
RANDOM_RESULT	epitaph	131	8084	1	24075	8264	416e796f6e6520666f722064656174686d617463683f
RANDOM_RESULT	epitaph	132	8144	1	24075	8324	416e797468696e6720666f722061206368616e67652e
RANDOM_RESULT	epitaph	133	8204	1	24075	8384	416e797468696e672074686174206b696c6c7320796f75206d616b657320796f75202e2e2e2077656c6c2c2064656164
RANDOM_RESULT	epitaph	134	8264	1	24075	8444	416e797468696e6720776f72746820646f696e6720697320776f727468206f766572646f696e672e
RANDOM_RESULT	epitaph	135	8324	1	24075	8504	41726520756e69636f726e7320737570706f7365646c7920706561636566756c20696620796f7527726520612076697267696e3f202048616821
RANDOM_RESULT	epitaph	136	8384	1	24075	8564	41726520776520616c6c206265696e6720646973696e74656772617465642c206f72206973206974206a757374206d653f
RANDOM_RESULT	epitaph	137	8444	1	24075	8624	4174206c656173742049276d20676f6f6420617420736f6d657468696e67
RANDOM_RESULT	epitaph	138	8504	1	24075	8684	417474656d707465642073756963696465
RANDOM_RESULT	epitaph	139	8564	1	24075	8744	417572692073616372612066616d6573
RANDOM_RESULT	epitaph	140	8624	1	24075	8804	417572696275732074656e656f206c7570756d
RANDOM_RESULT	epitaph	141	8684	1	24075	8864	4265207072657061726564
RANDOM_RESULT	epitaph	142	8744	1	24075	8924	426561757479207375727669766573
RANDOM_RESULT	epitaph	143	8804	1	24075	8984	4265656e20486572652e20204e6f7720476f6e652e2020486164206120476f6f642054696d652e
RANDOM_RESULT	epitaph	144	8864	1	24075	9044	4265656e207468726f7567682048656c6c2c2065683f2020576861742064696420796f75206272696e67206d653f
RANDOM_RESULT	epitaph	145	8924	1	24075	9104	42656720796f757220706172646f6e2c206469646e2774207265636f676e697a6520796f752c2049277665206368616e6765642061206c6f742e
RANDOM_RESULT	epitaph	146	8984	1	24075	9164	4265696e672064656164206275696c647320636861726163746572
RANDOM_RESULT	epitaph	147	9044	1	24075	9224	42656c6f7665642064617567687465722c20612074726561737572652c2062757269656420686572652e
RANDOM_RESULT	epitaph	148	9104	1	24075	9284	4265737420667269656e647320636f6d6520616e6420676f2e2e2e2e20204d696e65206a757374206469652e
RANDOM_RESULT	epitaph	149	9164	1	24075	9344	4265747465722062652064656164207468616e20612066617420736c617665
RANDOM_RESULT	epitaph	150	9224	1	24075	9404	426574746572206c75636b206e6578742074696d65
RANDOM_RESULT	epitaph	151	9284	1	24075	9464	426577617265206f6620446973636f726469616e732062656172696e6720616e7377657273
RANDOM_RESULT	epitaph	152	9344	1	24075	9524	42657761726520746865202e2e2e
RANDOM_RESULT	epitaph	153	9404	1	24075	9584	426c6f6f64792048656c6c2e2e2e
RANDOM_RESULT	epitaph	154	9464	1	24075	9644	426c6f6f64792062617262617269616e7321
RANDOM_RESULT	epitaph	155	9524	1	24075	9705	426c6f776e20757077617264206f7574206f662073696768743a20486520736f7567687420746865206c65616b2062792063616e646c656c69676874
RANDOM_RESULT	epitaph	156	9584	1	24075	9765	427261696e732e2e2e20427261696e732e2e2e2046726573682068756d616e20627261696e732e2e2e
RANDOM_RESULT	epitaph	157	9645	1	24075	9825	42757269656420746865206361742e2020546f6f6b20616e20686f75722e202044616d6e207468696e67206b657074206669676874696e672e
RANDOM_RESULT	epitaph	158	9705	1	24075	9885	42757420492064697361726d656420746865207472617021
RANDOM_RESULT	epitaph	159	9765	1	24075	9945	434f4e4e4543542031393634202d204e4f20434152524945522031393934
RANDOM_RESULT	epitaph	160	9825	1	24075	10005	43616c6c206d6520696620796f75206e656564206d792070686f6e65206e756d62657221
RANDOM_RESULT	epitaph	161	9885	1	24075	10065	43616e20594f5520666c793f
RANDOM_RESULT	epitaph	162	9945	1	24075	10125	43616e20796f752062656c696576652074686174207468696e67206973205354494c4c206d6f76696e673f
RANDOM_RESULT	epitaph	163	10005	1	24075	10185	43616e20796f7520636f6d65207570207769746820736f6d652062657474657220656e64696e6720666f7220746869733f
RANDOM_RESULT	epitaph	164	10065	1	24075	10245	43616e20796f75206665656c20616e797468696e67207768656e204920646f20746869733f
RANDOM_RESULT	epitaph	165	10125	1	24075	10307	43616e20796f752067697665206d65206d6f75746820746f206d6f7574682c20796f75206a75737420746f6f6b206d792062726561746820617761792e
RANDOM_RESULT	epitaph	166	10185	10	24075	10367	43616e27742049206a75737420686176652061204c4954544c4520706572696c3f
RANDOM_RESULT	epitaph	167	10247	1	24075	10427	43616e2774206561742c2063616e277420736c6565702c2068616420746f2062757279207468652068757362616e6420686572652e
RANDOM_RESULT	epitaph	168	10307	1	24075	10487	43616e277420796f7520686974206d653f21
RANDOM_RESULT	epitaph	169	10367	1	24075	10547	4368616f732c2070616e696320616e64206469736f726465722e20204d7920776f726b206865726520697320646f6e652e
RANDOM_RESULT	epitaph	170	10427	1	24075	10607	436865636b20656e636c6f7365642e
RANDOM_RESULT	epitaph	171	10487	1	24075	10667	436865636b2074686973206f757421202049742773206d7920627261696e21
RANDOM_RESULT	epitaph	172	10547	1	24075	10727	43686976616c7279206973206f6e6c7920726561736f6e61626c792064656164
RANDOM_RESULT	epitaph	173	10607	1	24075	10787	436f6666696e20666f722073616c652e20204c69666574696d652067756172616e7465652e
RANDOM_RESULT	epitaph	174	10667	1	24075	10847	436f6d65204d6f6e6461792c2049276c6c20626520616c6c2072696768742e
RANDOM_RESULT	epitaph	175	10727	1	24075	10907	436f6d6520616e6420736565207468652076696f6c656e636520696e686572656e7420696e207468652073797374656d
RANDOM_RESULT	epitaph	176	10787	1	24075	10967	436f6d65206261636b206865726521202049276c6c206269746520796f757220626c6f6f6479206b6e656573206f666621
RANDOM_RESULT	epitaph	177	10847	1	24075	11027	436f6d6d6f646f726520427573696e657373204d616368696e65732c20496e632e20204469656420666f72206f75722073696e732e
RANDOM_RESULT	epitaph	178	10907	1	24075	11087	436f6d706c61696e20746f206f6e652077686f2063616e2068656c7020796f75
RANDOM_RESULT	epitaph	179	10967	1	24075	11147	436f6e66657373206d792073696e7320746f20676f643f20205768696368206f6e653f
RANDOM_RESULT	epitaph	180	11027	1	24075	11207	436f6e667573696f6e2077696c6c206265206d792065706974617068
RANDOM_RESULT	epitaph	181	11087	1	24075	11267	436f6f746965733f202041696e2774206e6f20636f6f74696573206f6e206d6521
RANDOM_RESULT	epitaph	182	11147	1	24075	11327	436f756c6420736f6d65626f6479206765742074686973206e6f6f7365206f6666206d653f
RANDOM_RESULT	epitaph	183	11207	1	24075	11387	436f756c6420796f7520636865636b20616761696e3f20204d79206e616d65204d5553542062652074686572652e
RANDOM_RESULT	epitaph	184	11267	1	24075	11447	436f756c6420796f7520706c656173652074616b65206120627265617468206d696e743f
RANDOM_RESULT	epitaph	185	11327	1	24075	11507	436f756c646e27742049206265207365646174656420666f7220746869733f
RANDOM_RESULT	epitaph	186	11387	1	24075	11567	436f7572616765206973206c6f6f6b696e6720617420796f7572207365746261636b73207769746820736572656e697479
RANDOM_RESULT	epitaph	187	11447	1	24075	11627	436f766572206d652c2049276d20676f696e6720696e21
RANDOM_RESULT	epitaph	188	11507	1	24075	11687	437261736820636f7572736520696e20627261696e2073757267657279
RANDOM_RESULT	epitaph	189	11567	1	24075	11747	43726f7373206d792066696e6765727320666f72206d652e
RANDOM_RESULT	epitaph	190	11627	1	24075	11807	437572736520676f6420616e6420646965
RANDOM_RESULT	epitaph	191	11687	1	24075	11867	43757420746f20666974
RANDOM_RESULT	epitaph	192	11747	1	24075	11927	446527417468
RANDOM_RESULT	epitaph	193	11807	1	24075	11991	4465616420416761696e3f2020506172646f6e206d6520666f72206e6f742067657474696e67206974207269676874207468652066697273742074696d6521
RANDOM_RESULT	epitaph	194	11867	10	24075	12051	4465616420616e64206c6f76696e67206576657279206d6f6d656e7421
RANDOM_RESULT	epitaph	195	11931	1	24075	12123	446561722077696665206f66206d696e652e202044696564206f6620612062726f6b656e2068656172742c206166746572204920746f6f6b206974206f7574206f66206865722e
RANDOM_RESULT	epitaph	196	11991	10	24075	12183	446f6e2774207472656164206f6e206d6521
RANDOM_RESULT	epitaph	197	12063	1	24075	12243	447261676f6e3f205768617420647261676f6e3f
RANDOM_RESULT	epitaph	198	12123	1	24075	12303	447261776e20616e6420717561727465726564
RANDOM_RESULT	epitaph	199	12183	1	24075	12363	4569746865722049276d2064656164206f72206d79207761746368206861732073746f707065642e
RANDOM_RESULT	epitaph	200	12243	1	24075	12423	456c697a61202d2d205761732049207265616c6c7920616c6976652c206f72206469642049206a757374207468696e6b2049207761733f
RANDOM_RESULT	epitaph	201	12303	1	24075	12483	456c766973
RANDOM_RESULT	epitaph	202	12363	1	24075	12543	456e746572206e6f7420696e746f207468652070617468206f6620746865207769636b6564
RANDOM_RESULT	epitaph	203	12423	1	24075	12603	457269733f20204920646f6e2774206e6565642045726973
RANDOM_RESULT	epitaph	204	12483	1	24075	12663	457465726e616c2044616d6e6174696f6e2c20436f6d6520616e6420737461792061206c6f6e67207768696c6521
RANDOM_RESULT	epitaph	205	12543	1	24075	12723	4576656e205468652044656164207061792074617865732028616e642074686579206172656e277420477261746566756c292e
RANDOM_RESULT	epitaph	206	12603	1	24075	12783	4576656e206120746f6d622073746f6e652077696c6c2073617920676f6f64207468696e6773207768656e20796f7527726520646f776e21
RANDOM_RESULT	epitaph	207	12663	1	24075	12843	45766572206e6f746963652074686174206c697665206973206576696c206261636b77617264733f
RANDOM_RESULT	epitaph	208	12723	1	24075	12903	457665727920646179206973207374617274696e6720746f206c6f6f6b206c696b65204d6f6e646179
RANDOM_RESULT	epitaph	209	12783	1	24075	12963	4576657279206461792c20696e206576657279207761792c204920616d2067657474696e672062657474657220616e64206265747465722e
RANDOM_RESULT	epitaph	210	12843	1	24075	13023	457665727920737572766976616c206b69742073686f756c6420696e636c75646520612073656e7365206f662068756d6f72
RANDOM_RESULT	epitaph	211	12903	1	24075	13083	4576696c204920646964206477656c6c3b20206c657764206469642049206c697665
RANDOM_RESULT	epitaph	212	12963	1	24075	13143	457820706f737420667563746f
RANDOM_RESULT	epitaph	213	13023	1	24075	13203	457863656c6c656e742064617920746f2068617665206120726f7474656e206461792e
RANDOM_RESULT	epitaph	214	13083	1	24075	13263	457863757365206d6520666f72206e6f74207374616e64696e672075702e
RANDOM_RESULT	epitaph	215	13143	1	24075	13323	457870657269656e63652069736e27742065766572797468696e672e202046697273742c20796f7527766520676f7420746f20737572766976652e
RANDOM_RESULT	epitaph	216	13203	1	24075	13383	4669727374207368616c742074686f752070756c6c206f75742074686520486f6c792050696e
RANDOM_RESULT	epitaph	217	13263	1	24075	13443	466f722061204272656174682c20492054617272792e2e2e
RANDOM_RESULT	epitaph	218	13323	1	24075	13503	466f722072656372656174696f6e616c20757365206f6e6c792e
RANDOM_RESULT	epitaph	219	13383	1	24075	13563	466f722073616c653a204f6e6520736f756c2c20736c696768746c7920757365642e202041736b696e6720666f722033207769736865732e
RANDOM_RESULT	epitaph	220	13443	1	24075	13623	466f7220736f6d65206d6f6d656e747320696e206c6966652c20746865726520617265206e6f20776f7264732e
RANDOM_RESULT	epitaph	221	13503	1	24075	13683	466f72676574204469736e657920576f726c642c2049276d20676f696e6720746f2048656c6c21
RANDOM_RESULT	epitaph	222	13563	1	24075	13743	466f726765742061626f75742074686520646f672c20426577617265206f66206d7920776966652e
RANDOM_RESULT	epitaph	223	13623	1	24075	13803	46756e6572616c202d205265616c2066756e2e
RANDOM_RESULT	epitaph	224	13683	1	24075	13863	476177642c20697427732064657072657373696e6720696e20686572652c2069736e27742069743f
RANDOM_RESULT	epitaph	225	13743	1	24075	13923	47656e75696e65204578706c6f64696e6720477261766573746f6e652e202028632941636d6520477261766573746f6e657320496e632e
RANDOM_RESULT	epitaph	226	13803	1	24075	13983	476574206261636b206865726521202049276d206e6f742066696e6973686564207965742e2e2e
RANDOM_RESULT	epitaph	227	13863	1	24075	14043	476f2061686561642c2049206461726520796f7520746f21
RANDOM_RESULT	epitaph	228	13923	1	24075	14103	476f2061686561642c20697427732065697468657220796f75206f722068696d2e
RANDOM_RESULT	epitaph	229	13983	1	24075	14163	476f6c64696c6f636b73202d2d2054686973206361736b6574206973206a757374207269676874
RANDOM_RESULT	epitaph	230	14043	1	24075	14223	476f6e6520427574204e6f7420466f72676f7474656e
RANDOM_RESULT	epitaph	231	14103	1	24075	14283	476f6e6520556e64657267726f756e6420466f7220476f6f64
RANDOM_RESULT	epitaph	232	14163	1	24075	14343	476f6e652061776179206f77696e27206d6f7265207468616e20686520636f756c64207061792e
RANDOM_RESULT	epitaph	233	14223	1	24075	14403	476f6e652c20627574206e6f7420666f72676976656e
RANDOM_RESULT	epitaph	234	14283	1	24075	14463	476f742061206c6966652e20204469646e2774206b6e6f77207768617420746f20646f20776974682069742e
RANDOM_RESULT	epitaph	235	14343	1	24075	14523	47726176653f2020427574204920776173206372656d6174656421
RANDOM_RESULT	epitaph	236	14403	1	24075	14583	4772656574696e67732066726f6d2048656c6c202d205769736820796f75207765726520686572652e
RANDOM_RESULT	epitaph	237	14463	1	24075	14643	48454c50212049742773206461726b20696e20686572652e2e2e2e20204f682c206d7920657965732061726520636c6f736564202d20736f727279
RANDOM_RESULT	epitaph	238	14523	1	24075	14703	4861212049204e455645522070617920696e636f6d652074617821
RANDOM_RESULT	epitaph	239	14583	1	24075	14763	4861766520796f7520636f6d6520746f2072616973652074686520646561643f
RANDOM_RESULT	epitaph	240	14643	1	24075	14823	486176696e67206120676f6f642074696d652063616e20626520646561646c792e
RANDOM_RESULT	epitaph	241	14703	1	24075	14883	486176696e6720612067726561742074696d652e2020576865726520616d20492065786163746c793f3f
RANDOM_RESULT	epitaph	242	14763	1	24075	14943	48652064696564206f662074686520666c75782e
RANDOM_RESULT	epitaph	243	14823	1	24075	15003	4865206469656420746f6461792e2e2e2e20204d6179207765207265737420696e20706561636521
RANDOM_RESULT	epitaph	244	14883	1	24075	15063	486520676f7420746865207570736964652c204920676f742074686520646f776e736964652e
RANDOM_RESULT	epitaph	245	14943	1	24075	15123	4865206c6f7374206869732066616365207768656e206865207761732062656865616465642e
RANDOM_RESULT	epitaph	246	15003	1	24075	15183	4865206d6973736564206d652066697273742e
RANDOM_RESULT	epitaph	247	15063	1	24075	15243	48652773206e6f7420646561642c206865206a75737420736d656c6c732074686174207761792e
RANDOM_RESULT	epitaph	248	15123	1	24075	15303	48656c702120492776652066616c6c656e20616e6420492063616e27742067657420757021
RANDOM_RESULT	epitaph	249	15183	1	24075	15363	48656c702c20492063616e27742077616b6520757021
RANDOM_RESULT	epitaph	250	15243	1	24075	15423	48657265206c6965732050696e6f636368696f
RANDOM_RESULT	epitaph	251	15303	1	24075	15487	48657265206c6965732074686520626f6479206f66204a6f686e20526f756e642e20204c6f73742061742073656120616e64206e6576657220666f756e642e
RANDOM_RESULT	epitaph	252	15363	10	24075	15547	4865726520746865726520626520647261676f6e73
RANDOM_RESULT	epitaph	253	15427	1	24075	15607	4865792c2049206469646e2774207772697465207468697320737475666621
RANDOM_RESULT	epitaph	254	15487	1	24075	15667	486f646965206d6968692c20637261732074696269
RANDOM_RESULT	epitaph	255	15547	1	24075	15727	486f6c64206d792063616c6c73
RANDOM_RESULT	epitaph	256	15607	1	24075	15787	486f6d652053776565742048656c6c
RANDOM_RESULT	epitaph	257	15667	1	24075	15847	48756d7074792044756d7074792c206120426164204567672e202048652077617320707573686564206f6666207468652077616c6c2e
RANDOM_RESULT	epitaph	258	15727	1	24075	15907	49204b4e4557207468697320776f756c642068617070656e2069662049206c69766564206c6f6e6720656e6f7567682e
RANDOM_RESULT	epitaph	259	15787	1	24075	15967	4920544f4c4420796f75204920776173207369636b21
RANDOM_RESULT	epitaph	260	15847	1	24075	16027	492061696e27742062726f6b6520627574204920616d206261646c792062656e742e
RANDOM_RESULT	epitaph	261	15907	1	24075	16087	492061696e2774206f6c642e202049276d206368726f6e6f6c6f676963616c6c7920616476616e74616765642e
RANDOM_RESULT	epitaph	262	15967	1	24075	16147	4920616d204e4f5420612076616d706972652e202049206a757374206c696b6520746f20626974652e2e6e6962626c652c207265616c6c7921
RANDOM_RESULT	epitaph	263	16027	1	24075	16207	4920616d20686572652e20205769736820796f7520776572652066696e652e
RANDOM_RESULT	epitaph	264	16087	1	24075	16267	4920616d206e6f742064656164207965742c2062757420776174636820666f722066757274686572207265706f7274732e
RANDOM_RESULT	epitaph	265	16147	1	24075	16327	492062656c69657665207468656d20626f6e657320617265206d652e
RANDOM_RESULT	epitaph	266	16207	1	24075	16387	492062726f6b652068697320627261696e2e
RANDOM_RESULT	epitaph	267	16267	1	24075	16447	492063616e206665656c2069742e20204d79206d696e642e20204974277320676f696e672e2020492063616e206665656c2069742e
RANDOM_RESULT	epitaph	268	16327	1	24075	16507	492063616e277420676f20746f2048656c6c2e202054686579277265206166726169642049276d20676f6e6e612074616b65206f76657221
RANDOM_RESULT	epitaph	269	16387	1	24075	16567	492063616e277420676f20746f2068656c6c2c207468657920646f6e27742077616e74206d652e
RANDOM_RESULT	epitaph	270	16447	1	24075	16627	49206469646e27742062656c6965766520696e207265696e6361726e6174696f6e20746865206c6173742074696d652c206569746865722e
RANDOM_RESULT	epitaph	271	16507	1	24075	16687	49206469646e2774206d65616e206974207768656e20492073616964202742697465206d6527
RANDOM_RESULT	epitaph	272	16567	1	24075	16747	492064696564206c61756768696e67
RANDOM_RESULT	epitaph	273	16627	1	24075	16807	492064697362656c696576656420696e207265696e6361726e6174696f6e20696e206d79206c617374206c6966652c20746f6f2e
RANDOM_RESULT	epitaph	274	16687	1	24075	16867	49206861636b6564206d7973656c6620746f206465617468
RANDOM_RESULT	epitaph	275	16747	1	24075	16927	49206861766520616c6c207468652074696d6520696e2074686520776f726c64
RANDOM_RESULT	epitaph	276	16807	1	24075	16987	4920686176652072656163686564204d696e65277320456e64
RANDOM_RESULT	epitaph	277	16867	1	24075	17047	49206b6e6577204927642066696e6420612075736520666f72207468697320677261766573746f6e6521
RANDOM_RESULT	epitaph	278	16927	1	24075	17107	49206b6e6f77206d79206d696e642e2020416e6420697427732061726f756e64206865726520736f6d65706c6163652e
RANDOM_RESULT	epitaph	279	16987	1	24075	17167	49206c69656421202049276c6c206e6576657220626520616c726967687421
RANDOM_RESULT	epitaph	280	17047	1	24075	17227	49206c696b652069742062657474657220696e20746865206461726b2e
RANDOM_RESULT	epitaph	281	17107	1	24075	17287	49206c696b6520746f2062652068657265207768656e20492063616e2e
RANDOM_RESULT	epitaph	282	17167	1	24075	17347	49206d617920726973652062757420492072656675736520746f207368696e652e
RANDOM_RESULT	epitaph	283	17227	1	24075	17407	49206e657665722067657420616e79206569746865722e
RANDOM_RESULT	epitaph	284	17287	1	24075	17467	492073616964206869742048494d207769746820746865206669726562616c6c2c206e6f74206d6521
RANDOM_RESULT	epitaph	285	17347	1	24075	17527	4920746f6c6420796f75204920776f756c64206e657665722073617920676f6f646279652e
RANDOM_RESULT	epitaph	286	17407	1	24075	17587	49207573656420746f20626520616d7573696e672e20204e6f772049276d206a7573742064697367757374696e672e
RANDOM_RESULT	epitaph	287	17467	1	24075	17647	49207573656420757020616c6c206d79207369636b20646179732c20736f206e6f772049276d2063616c6c696e6720696e20646561642e
RANDOM_RESULT	epitaph	288	17527	1	24075	17707	4920776173206b696c6c6564206279203c696c6c656769626c652073637261776c3e
RANDOM_RESULT	epitaph	289	17587	1	24075	17767	492077617320736f6d65626f64792e202057686f2c206973206e6f20627573696e657373206f6620796f7572732e
RANDOM_RESULT	epitaph	290	17647	1	24075	17827	492077696c6c206e6f7420676f2071756965746c792e
RANDOM_RESULT	epitaph	291	17707	1	24075	17887	492764206769766520796f752061207069656365206f66206d79206d696e642e2e2e2062757420492063616e27742066696e642069742e
RANDOM_RESULT	epitaph	292	17767	1	24075	17947	4927642072617468657220626520627265617468696e67
RANDOM_RESULT	epitaph	293	17827	1	24075	18007	49276c6c206265206261636b21
RANDOM_RESULT	epitaph	294	17887	1	24075	18067	49276c6c206265206d656c6c6f77207768656e2049276d20646561642e2020466f72206e6f772c206c6574277320504152545921
RANDOM_RESULT	epitaph	295	17947	1	24075	18127	49276d20646f696e672074686973206f6e6c7920666f722074617820707572706f7365732e
RANDOM_RESULT	epitaph	296	18007	1	24075	18187	49276d206e6f7420616672616964206f6620446561746821202057686174277320686520676f6e6e6120646f3f204b696c6c206d653f
RANDOM_RESULT	epitaph	297	18067	1	24075	18267	49276d206e6f742067657474696e6720656e6f756768206d6f6e65792c20736f2049276d206e6f7420676f696e6720746f20656e677261766520616e797468696e672075736566756c20686572652e
RANDOM_RESULT	epitaph	298	18127	10	24075	18327	49276d206e6f7420736179696e6720616e797468696e672e
RANDOM_RESULT	epitaph	299	18207	1	24075	18387	49276d2077656574682073747570656564202d2d2d3e
RANDOM_RESULT	epitaph	300	18267	1	24075	18447	496620796f752074686f7567687420796f75206861642070726f626c656d732e2e2e
RANDOM_RESULT	epitaph	301	18327	1	24075	18507	49676e6f72616e6365206b696c6c73206461696c792e
RANDOM_RESULT	epitaph	302	18387	1	24075	18567	49676e6f7265206d652e2e2e2049276d206a757374206865726520666f72206d79206c6f6f6b7321
RANDOM_RESULT	epitaph	303	18447	1	24075	18627	496c656e6520546f6f666172202d2d2046656c6c206f6666206120636c696666
RANDOM_RESULT	epitaph	304	18507	1	24075	18687	4973207468617420616c6c3f
RANDOM_RESULT	epitaph	305	18567	1	24075	18747	4973207468657265206c696665206265666f72652044656174683f
RANDOM_RESULT	epitaph	306	18627	1	24075	18807	497320746869732061206a6f6b652c206f722061206772617665206d61747465723f
RANDOM_RESULT	epitaph	307	18687	1	24075	18867	49742068617070656e7320736f6d6574696d65732e202050656f706c65206a757374206578706c6f64652e
RANDOM_RESULT	epitaph	308	18747	1	24075	18930	4974206d7573742062652054687572736461792e202049206e6576657220636f756c6420676574207468652068616e67206f66205468757273646179732e
RANDOM_RESULT	epitaph	309	18807	10	24075	18990	4974207761736e277420612066616972206669676874
RANDOM_RESULT	epitaph	310	18870	1	24075	19050	4974207761736e277420736f20656173792e
RANDOM_RESULT	epitaph	311	18930	1	24075	19110	49742773204c6f6f742c2050696c6c61676520616e64205448454e204275726e2e2e2e
RANDOM_RESULT	epitaph	312	18990	1	24075	19170	4a75737420646f696e67206d79206a6f622068657265
RANDOM_RESULT	epitaph	313	19050	1	24075	19230	4b696c6c6564206279206469617272686561206f66206d6f75746820616e6420636f6e737469706174696f6e206f6620627261696e2e
RANDOM_RESULT	epitaph	314	19110	1	24075	19290	4c65742068657220524950
RANDOM_RESULT	epitaph	315	19170	1	24075	19350	4c65742069742062653b204920616d20646561642e
RANDOM_RESULT	epitaph	316	19230	1	24075	19410	4c6574277320706c617920486964652074686520436f72707365
RANDOM_RESULT	epitaph	317	19290	1	24075	19470	4c696665206973204e4f54206120647265616d
RANDOM_RESULT	epitaph	318	19350	1	24075	19530	4d6164676520496e6174696f6e202d2d204974207761736e277420616c6c20696e206d792068656164
RANDOM_RESULT	epitaph	319	19410	1	24075	19590	4d656574206d6520696e2048656176656e
RANDOM_RESULT	epitaph	320	19470	1	24075	19650	4d6f7665206f6e2c2074686572652773206e6f7468696e6720746f2073656520686572652e
RANDOM_RESULT	epitaph	321	19530	1	24075	19710	4d722e20466c696e7473746f6e65202d2d2059616262612d64616262612d646f6e65
RANDOM_RESULT	epitaph	322	19590	1	24075	19770	4d79206865617274206973206e6f7420696e2074686973
RANDOM_RESULT	epitaph	323	19650	1	24075	19830	4e6f206f6e65206576657220646965642066726f6d206974
RANDOM_RESULT	epitaph	324	19710	1	24075	19890	4e6f2c20796f752077616e7420726f6f6d203132412c206e65787420646f6f722e
RANDOM_RESULT	epitaph	325	19770	1	24075	19950	4e6f70652e20204e6f2074726170206f6e20746861742063686573742e2020492073776561722e
RANDOM_RESULT	epitaph	326	19830	1	24075	20010	4e6f7420616761696e21
RANDOM_RESULT	epitaph	327	19890	1	24075	20070	4e6f7420657665727920736f696c2063616e206265617220616c6c207468696e6773
RANDOM_RESULT	epitaph	328	19950	1	24075	20130	4e6f77204920686176652061206c696665
RANDOM_RESULT	epitaph	329	20010	1	24075	20190	4e6f772049206c6179207468656520646f776e20746f20736c6565702e2e2e2077616e6e61206a6f696e206d653f
RANDOM_RESULT	epitaph	330	20070	1	24075	20250	4f4b2c20686572652069732061207175657374696f6e3a2057686572652041524520796f75722074616e6c696e65733f
RANDOM_RESULT	epitaph	331	20130	1	24075	20310	4f626573612043616e7461766974
RANDOM_RESULT	epitaph	332	20190	1	24075	20370	4f682120416e20756e74696d656c792064656174682e
RANDOM_RESULT	epitaph	333	20250	1	24075	20430	4f682c20627920746865207761792c20686f7720776173206d792066756e6572616c3f
RANDOM_RESULT	epitaph	334	20310	1	24075	20490	224f682c20686f6e65792e2e2e2049206d697373656420796f7521222073686520736169642c20616e6420666972656420616761696e2e
RANDOM_RESULT	epitaph	335	20370	1	24075	20550	4f6b2c20736f20746865206c6967687420646f657320676f206f66662e20204e6f77206c6574206d65206f7574206f6620686572652e
RANDOM_RESULT	epitaph	336	20430	1	24075	20610	4f6e652073746f6e6520627261696e
RANDOM_RESULT	epitaph	337	20490	1	24075	20670	4f6f682120536f6d65626f64792053544f50206d6521
RANDOM_RESULT	epitaph	338	20550	1	24075	20730	4f6f707321
RANDOM_RESULT	epitaph	339	20610	1	24075	20790	4f757420666f7220746865206e696768742e20204c656176652061206d6573736167652e
RANDOM_RESULT	epitaph	340	20670	1	24075	20850	4f77212020446f207468617420616761696e21
RANDOM_RESULT	epitaph	341	20730	1	24075	20910	506172646f6e206d7920647573742e
RANDOM_RESULT	epitaph	342	20790	1	24075	20970	50617274206f66206d65207374696c6c20776f726b732e
RANDOM_RESULT	epitaph	343	20850	1	24075	21030	506c656173652c206e6f7420696e2066726f6e74206f662074686f7365206f72637321
RANDOM_RESULT	epitaph	344	20910	1	24075	21090	5072657061726520746f206d656574206d6520696e2048656176656e
RANDOM_RESULT	epitaph	345	20970	1	24075	21150	52324432202d2d20526573742c2054696e205069656365
RANDOM_RESULT	epitaph	346	21030	1	24075	21210	52656c61782e20204e6f7468696e6720657665722068617070656e73206f6e20746865206669727374206c6576656c2e
RANDOM_RESULT	epitaph	347	21090	1	24075	21270	526573206f6d6e6961206d65612063756c706120657374
RANDOM_RESULT	epitaph	348	21150	1	24075	21330	5265737420496e20506965636573
RANDOM_RESULT	epitaph	349	21210	1	24075	21390	526573742c20726573742c20706572747572626564207370697269742e
RANDOM_RESULT	epitaph	350	21270	1	24075	21450	52697020546f726e
RANDOM_RESULT	epitaph	351	21330	1	24075	21517	53686520616c7761797320736169642068657220666565742077657265206b696c6c696e672068657220627574206e6f626f64792062656c6965766564206865722e
RANDOM_RESULT	epitaph	352	21390	10	24075	21577	5368652064696564206f66206120636865737420636f6c642e
RANDOM_RESULT	epitaph	353	21457	1	24075	21637	536f206c6574206974206265207772697474656e2c20736f206c657420697420626520646f6e6521
RANDOM_RESULT	epitaph	354	21517	1	24075	21699	536f207468656e204920736179732c20486f7720646f2049206b6e6f7720796f7527726520746865207265616c20616e67656c206f662064656174683f
RANDOM_RESULT	epitaph	355	21577	10	24075	21759	536f6d652070617469656e747320696e73697374206f6e206479696e672e
RANDOM_RESULT	epitaph	356	21639	1	24075	21819	536f6d652070656f706c652068617665206974206465616420656173792c20646f6e277420746865793f
RANDOM_RESULT	epitaph	357	21699	1	24075	21879	536f6d65207468696e67732061726520626574746572206c656674206275726965642e
RANDOM_RESULT	epitaph	358	21759	1	24075	21939	537572652c207472757374206d652c2049276d2061206c61777965722e2e2e
RANDOM_RESULT	epitaph	359	21819	1	24075	22004	5468616e6b20476f64204920776f7265206d7920636f727365742c20626563617573652049207468696e6b206d7920736964657320686176652073706c69742e
RANDOM_RESULT	epitaph	360	21879	10	24075	22064	5468617420697320616c6c
RANDOM_RESULT	epitaph	361	21944	1	24075	22124	54686520476f647320444f206861766520612073656e7365206f662068756d6f723a2049276d206c6976696e672070726f6f6621
RANDOM_RESULT	epitaph	362	22004	1	24075	22184	5468652066726f67277320646561642e20204865204b65726d697474656420737569636964652e
RANDOM_RESULT	epitaph	363	22064	1	24075	22244	546869732064756e67656f6e206973206120707573686f766572
RANDOM_RESULT	epitaph	364	22124	1	24075	22304	5468697320656c657661746f7220646f65736e277420676f20746f2048656176656e
RANDOM_RESULT	epitaph	365	22184	1	24075	22375	5468697320677261766573746f6e65206973207368617265776172652e2020546f2072656769737465722c20706c656173652073656e64206d65203130207a6f726b6d696473
RANDOM_RESULT	epitaph	366	22244	10	24075	22437	5468697320677261766573746f6e652070726f7669646564206279205468652059656e646f7269616e20477261766520536572766963657320496e632e
RANDOM_RESULT	epitaph	367	22315	10	24075	22497	54686973206973206e6f7420616e20696d706f7274616e742070617274206f66206d79206c6966652e
RANDOM_RESULT	epitaph	368	22377	1	24075	22557	54686973206f6e652773206f6e206d652e
RANDOM_RESULT	epitaph	369	22437	1	24075	22617	546869732073696465207570
RANDOM_RESULT	epitaph	370	22497	1	24075	22677	54696d2042757272202d2d20536d617368656420627920612074726565
RANDOM_RESULT	epitaph	371	22557	1	24075	22737	546f6e6520697420646f776e2061206269742c2049276d20747279696e6720746f2067657420736f6d65207265737420686572652e
RANDOM_RESULT	epitaph	372	22617	1	24075	22797	5669727475616c6c7920416c697665
RANDOM_RESULT	epitaph	373	22677	1	24075	22857	57652057696c6c204d65657420416761696e2e
RANDOM_RESULT	epitaph	374	22737	1	24075	22917	57656570206e6f742c2068652069732061742072657374
RANDOM_RESULT	epitaph	375	22797	1	24075	22977	57656c636f6d6520746f2044616e746527732e202057686174206c6576656c20706c656173653f
RANDOM_RESULT	epitaph	376	22857	1	24075	23037	57656c6c2c206174206c656173742074686579206c697374656e656420746f206d79207365726d6f6e2e2e2e
RANDOM_RESULT	epitaph	377	22917	1	24075	23097	57656e7420746f20626520616e20616e67656c2e
RANDOM_RESULT	epitaph	378	22977	1	24075	23157	576861742061726520796f7520646f696e67206f7665722074686572653f
RANDOM_RESULT	epitaph	379	23037	1	24075	23217	576861742061726520796f7520736d696c696e672061743f
RANDOM_RESULT	epitaph	380	23097	1	24075	23277	576861742063616e20796f75207361792c204465617468277320676f742061707065616c2e2e2e21
RANDOM_RESULT	epitaph	381	23157	1	24075	23337	57686174206865616c746820636172653f
RANDOM_RESULT	epitaph	382	23217	1	24075	23397	57686174207069743f
RANDOM_RESULT	epitaph	383	23277	1	24075	23457	5768656e2074686520676f64732077616e7420746f2070756e69736820796f752c207468657920616e7377657220796f757220707261796572732e
RANDOM_RESULT	epitaph	384	23337	1	24075	23534	5768657265206527657220796f75206265206c657420796f75722077696e6420676f20667265652e20204b656570696e6720697420696e2077617320746865206465617468206f66206d6521
RANDOM_RESULT	epitaph	385	23397	10	24075	23594	57686572652773206d7920726566756e643f
RANDOM_RESULT	epitaph	386	23474	1	24075	23654	57696c6c206c657420796f75206b6e6f7720666f72207375726520696e206120646179206f722074776f2e2e2e
RANDOM_RESULT	epitaph	387	23534	1	24075	23714	57697a61726473206172652077696d7073
RANDOM_RESULT	epitaph	388	23594	1	24075	23774	576f726d7320617420776f726b2c20646f206e6f74206469737475726221
RANDOM_RESULT	epitaph	389	23654	1	24075	23835	576f756c6420796f75206d696e64206d6f76696e672061206269743f202049276d2073686f7274206f662062726561746820646f776e20686572652e
RANDOM_RESULT	epitaph	390	23714	1	24075	23895	576f756c6420796f752071756974206265696e67206576696c206f766572206d792073686f756c6465723f
RANDOM_RESULT	epitaph	391	23775	1	24075	23955	5961207265616c6c7920686164206d6520676f696e6720626162792c20627574206e6f772049276d20676f6e652e
RANDOM_RESULT	epitaph	392	23835	1	24075	24015	59657320446561722c206a757374206120666577206d6f7265206d696e757465732e2e2e
RANDOM_RESULT	epitaph	393	23895	1	24075	24075	596f752073616964206974207761736e277420706f69736f6e6f757321
RANDOM_RESULT	epitaph	394	23955	1	24075	24135	596f7520736574206d792068656172742061666c616d652e2020596f752067617665206d652068656172746275726e2e
COMPLETE
