{"executable":"C:/Users/kit/emsdk/python/3.13.3_64bit/python.exe","args":["C:/Users/kit/emsdk/upstream/emscripten/em++.py","@C:\\Users\\kit\\Documents\\Codex\\2026-10-02\\task-8\\engine-build\\candidates\\o1-conservative-asyncify\\attempts\\attempt-2\\objects.rsp","-sUSE_SDL=2","-sUSE_SDL_IMAGE=2","-sUSE_SDL_TTF=2","-sSDL2_IMAGE_FORMATS=[\"png\"]","-fexceptions","-sFORCE_FILESYSTEM","-sEXPORTED_RUNTIME_METHODS=[\"FS\",\"stackTrace\",\"jsStackTrace\"]","-sINITIAL_MEMORY=512MB","-sMAXIMUM_MEMORY=4GB","-sALLOW_MEMORY_GROWTH","-sSTACK_SIZE=262144","-sASYNCIFY","-sASYNCIFY_STACK_SIZE=16384","-sENVIRONMENT=web","-lidbfs.js","-lembind","-sWASM_BIGINT","-sMAX_WEBGL_VERSION=2","-O1","-sLZ4","-lz","-Wl,--threads=1","-Wl,--trace","-o","C:\\Users\\kit\\Documents\\Codex\\2026-10-02\\task-8\\engine-build\\candidates\\o1-conservative-asyncify\\attempts\\attempt-2\\output\\cataclysm-tiles.js"],"cwd":"C:\\Users\\kit\\Documents\\Codex\\2026-10-02\\task-8\\engine-build","environmentOverrides":{"EM_CONFIG":"C:\\Users\\kit\\Documents\\Codex\\2026-10-02\\task-8\\engine-build\\candidates\\o1-conservative-asyncify\\attempts\\attempt-2\\.emscripten","EM_CACHE":"C:\\Users\\kit\\Documents\\Codex\\2026-10-02\\task-8\\engine-build\\cache","EM_PORTS":"C:\\Users\\kit\\Documents\\Codex\\2026-10-02\\task-8\\engine-build\\ports","EMCC_CORES":"1","EMCC_BATCH_BUILD":"0","BINARYEN_CORES":"1"}}
em++: warning: WASM_BIGINT is deprecated (no longer needed. Should only ever be implicitly disabled by -sWASM=0). Please open a bug if you have a continuing need for this setting [-Wdeprecated]
C:/Users/kit/Documents/Codex/2026-10-02/task-8/engine-build/objects/achievement.o
C:/Users/kit/Documents/Codex/2026-10-02/task-8/engine-build/objects/action.o
C:/Users/kit/Documents/Codex/2026-10-02/task-8/engine-build/objects/active_item_cache.o
C:/Users/kit/Documents/Codex/2026-10-02/task-8/engine-build/objects/activity_actor.o
C:/Users/kit/Documents/Codex/2026-10-02/task-8/engine-build/objects/activity_handlers.o
C:/Users/kit/Documents/Codex/2026-10-02/task-8/engine-build/objects/activity_item_handling.o
C:/Users/kit/Documents/Codex/2026-10-02/task-8/engine-build/objects/activity_tracker.o
C:/Users/kit/Documents/Codex/2026-10-02/task-8/engine-build/objects/activity_type.o
C:/Users/kit/Documents/Codex/2026-10-02/task-8/engine-build/objects/addiction.o
C:/Users/kit/Documents/Codex/2026-10-02/task-8/engine-build/objects/advanced_inv.o
C:/Users/kit/Documents/Codex/2026-10-02/task-8/engine-build/objects/advanced_inv_area.o
C:/Users/kit/Documents/Codex/2026-10-02/task-8/engine-build/objects/advanced_inv_listitem.o
C:/Users/kit/Documents/Codex/2026-10-02/task-8/engine-build/objects/advanced_inv_pagination.o
C:/Users/kit/Documents/Codex/2026-10-02/task-8/engine-build/objects/advanced_inv_pane.o
C:/Users/kit/Documents/Codex/2026-10-02/task-8/engine-build/objects/ammo.o
C:/Users/kit/Documents/Codex/2026-10-02/task-8/engine-build/objects/ammo_effect.o
C:/Users/kit/Documents/Codex/2026-10-02/task-8/engine-build/objects/anatomy.o
C:/Users/kit/Documents/Codex/2026-10-02/task-8/engine-build/objects/animation.o
C:/Users/kit/Documents/Codex/2026-10-02/task-8/engine-build/objects/armor_layers.o
C:/Users/kit/Documents/Codex/2026-10-02/task-8/engine-build/objects/ascii_art.o
C:/Users/kit/Documents/Codex/2026-10-02/task-8/engine-build/objects/assign.o
C:/Users/kit/Documents/Codex/2026-10-02/task-8/engine-build/objects/auto_note.o
C:/Users/kit/Documents/Codex/2026-10-02/task-8/engine-build/objects/auto_pickup.o
C:/Users/kit/Documents/Codex/2026-10-02/task-8/engine-build/objects/avatar.o
C:/Users/kit/Documents/Codex/2026-10-02/task-8/engine-build/objects/avatar_action.o
C:/Users/kit/Documents/Codex/2026-10-02/task-8/engine-build/objects/ballistics.o
C:/Users/kit/Documents/Codex/2026-10-02/task-8/engine-build/objects/basecamp.o
C:/Users/kit/Documents/Codex/2026-10-02/task-8/engine-build/objects/behavior.o
C:/Users/kit/Documents/Codex/2026-10-02/task-8/engine-build/objects/behavior_oracle.o
C:/Users/kit/Documents/Codex/2026-10-02/task-8/engine-build/objects/behavior_strategy.o
C:/Users/kit/Documents/Codex/2026-10-02/task-8/engine-build/objects/bionics.o
C:/Users/kit/Documents/Codex/2026-10-02/task-8/engine-build/objects/bionics_ui.o
C:/Users/kit/Documents/Codex/2026-10-02/task-8/engine-build/objects/bodygraph.o
C:/Users/kit/Documents/Codex/2026-10-02/task-8/engine-build/objects/bodypart.o
C:/Users/kit/Documents/Codex/2026-10-02/task-8/engine-build/objects/bonuses.o
C:/Users/kit/Documents/Codex/2026-10-02/task-8/engine-build/objects/butchery.o
C:/Users/kit/Documents/Codex/2026-10-02/task-8/engine-build/objects/butchery_requirements.o
C:/Users/kit/Documents/Codex/2026-10-02/task-8/engine-build/objects/cached_options.o
C:/Users/kit/Documents/Codex/2026-10-02/task-8/engine-build/objects/calendar.o
C:/Users/kit/Documents/Codex/2026-10-02/task-8/engine-build/objects/calendar_ui.o
C:/Users/kit/Documents/Codex/2026-10-02/task-8/engine-build/objects/cata_bitset.o
C:/Users/kit/Documents/Codex/2026-10-02/task-8/engine-build/objects/cata_imgui.o
C:/Users/kit/Documents/Codex/2026-10-02/task-8/engine-build/objects/cata_tiles.o
C:/Users/kit/Documents/Codex/2026-10-02/task-8/engine-build/objects/cata_utility.o
C:/Users/kit/Documents/Codex/2026-10-02/task-8/engine-build/objects/cata_variant.o
C:/Users/kit/Documents/Codex/2026-10-02/task-8/engine-build/objects/catacharset.o
C:/Users/kit/Documents/Codex/2026-10-02/task-8/engine-build/objects/cellular_automata.o
C:/Users/kit/Documents/Codex/2026-10-02/task-8/engine-build/objects/char_validity_check.o
C:/Users/kit/Documents/Codex/2026-10-02/task-8/engine-build/objects/character.o
C:/Users/kit/Documents/Codex/2026-10-02/task-8/engine-build/objects/character_ammo.o
C:/Users/kit/Documents/Codex/2026-10-02/task-8/engine-build/objects/character_armor.o
C:/Users/kit/Documents/Codex/2026-10-02/task-8/engine-build/objects/character_attire.o
C:/Users/kit/Documents/Codex/2026-10-02/task-8/engine-build/objects/character_body.o
C:/Users/kit/Documents/Codex/2026-10-02/task-8/engine-build/objects/character_crafting.o
C:/Users/kit/Documents/Codex/2026-10-02/task-8/engine-build/objects/character_escape.o
C:/Users/kit/Documents/Codex/2026-10-02/task-8/engine-build/objects/character_guns.o
C:/Users/kit/Documents/Codex/2026-10-02/task-8/engine-build/objects/character_id.o
C:/Users/kit/Documents/Codex/2026-10-02/task-8/engine-build/objects/character_inventory.o
C:/Users/kit/Documents/Codex/2026-10-02/task-8/engine-build/objects/character_martial_arts.o
C:/Users/kit/Documents/Codex/2026-10-02/task-8/engine-build/objects/character_modifier.o
C:/Users/kit/Documents/Codex/2026-10-02/task-8/engine-build/objects/character_morale.o
C:/Users/kit/Documents/Codex/2026-10-02/task-8/engine-build/objects/character_oracle.o
C:/Users/kit/Documents/Codex/2026-10-02/task-8/engine-build/objects/character_proficiency.o
C:/Users/kit/Documents/Codex/2026-10-02/task-8/engine-build/objects/city.o
C:/Users/kit/Documents/Codex/2026-10-02/task-8/engine-build/objects/climbing.o
C:/Users/kit/Documents/Codex/2026-10-02/task-8/engine-build/objects/clothing_mod.o
C:/Users/kit/Documents/Codex/2026-10-02/task-8/engine-build/objects/clzones.o
C:/Users/kit/Documents/Codex/2026-10-02/task-8/engine-build/objects/color.o
C:/Users/kit/Documents/Codex/2026-10-02/task-8/engine-build/objects/compatibility.o
C:/Users/kit/Documents/Codex/2026-10-02/task-8/engine-build/objects/computer.o
C:/Users/kit/Documents/Codex/2026-10-02/task-8/engine-build/objects/computer_session.o
C:/Users/kit/Documents/Codex/2026-10-02/task-8/engine-build/objects/condition.o
C:/Users/kit/Documents/Codex/2026-10-02/task-8/engine-build/objects/construction.o
C:/Users/kit/Documents/Codex/2026-10-02/task-8/engine-build/objects/construction_category.o
C:/Users/kit/Documents/Codex/2026-10-02/task-8/engine-build/objects/construction_group.o
C:/Users/kit/Documents/Codex/2026-10-02/task-8/engine-build/objects/consumption.o
C:/Users/kit/Documents/Codex/2026-10-02/task-8/engine-build/objects/contents_change_handler.o
C:/Users/kit/Documents/Codex/2026-10-02/task-8/engine-build/objects/coordinate_conversions.o
C:/Users/kit/Documents/Codex/2026-10-02/task-8/engine-build/objects/coordinates.o
C:/Users/kit/Documents/Codex/2026-10-02/task-8/engine-build/objects/craft_command.o
C:/Users/kit/Documents/Codex/2026-10-02/task-8/engine-build/objects/crafting.o
C:/Users/kit/Documents/Codex/2026-10-02/task-8/engine-build/objects/crafting_gui.o
C:/Users/kit/Documents/Codex/2026-10-02/task-8/engine-build/objects/crash.o
C:/Users/kit/Documents/Codex/2026-10-02/task-8/engine-build/objects/creature.o
C:/Users/kit/Documents/Codex/2026-10-02/task-8/engine-build/objects/creature_tracker.o
C:/Users/kit/Documents/Codex/2026-10-02/task-8/engine-build/objects/current_map.o
C:/Users/kit/Documents/Codex/2026-10-02/task-8/engine-build/objects/cursesport.o
C:/Users/kit/Documents/Codex/2026-10-02/task-8/engine-build/objects/damage.o
C:/Users/kit/Documents/Codex/2026-10-02/task-8/engine-build/objects/debug.o
C:/Users/kit/Documents/Codex/2026-10-02/task-8/engine-build/objects/debug_menu.o
C:/Users/kit/Documents/Codex/2026-10-02/task-8/engine-build/objects/demangle.o
C:/Users/kit/Documents/Codex/2026-10-02/task-8/engine-build/objects/dependency_tree.o
C:/Users/kit/Documents/Codex/2026-10-02/task-8/engine-build/objects/dialogue_chatbin.o
C:/Users/kit/Documents/Codex/2026-10-02/task-8/engine-build/objects/dialogue_helpers.o
C:/Users/kit/Documents/Codex/2026-10-02/task-8/engine-build/objects/dialogue_win.o
C:/Users/kit/Documents/Codex/2026-10-02/task-8/engine-build/objects/diary.o
C:/Users/kit/Documents/Codex/2026-10-02/task-8/engine-build/objects/diary_ui.o
C:/Users/kit/Documents/Codex/2026-10-02/task-8/engine-build/objects/disease.o
C:/Users/kit/Documents/Codex/2026-10-02/task-8/engine-build/objects/dispersion.o
C:/Users/kit/Documents/Codex/2026-10-02/task-8/engine-build/objects/display.o
C:/Users/kit/Documents/Codex/2026-10-02/task-8/engine-build/objects/distraction_manager.o
C:/Users/kit/Documents/Codex/2026-10-02/task-8/engine-build/objects/distribution.o
C:/Users/kit/Documents/Codex/2026-10-02/task-8/engine-build/objects/do_turn.o
C:/Users/kit/Documents/Codex/2026-10-02/task-8/engine-build/objects/drawing_primitives.o
C:/Users/kit/Documents/Codex/2026-10-02/task-8/engine-build/objects/editmap.o
C:/Users/kit/Documents/Codex/2026-10-02/task-8/engine-build/objects/effect.o
C:/Users/kit/Documents/Codex/2026-10-02/task-8/engine-build/objects/effect_on_condition.o
C:/Users/kit/Documents/Codex/2026-10-02/task-8/engine-build/objects/effect_source.o
C:/Users/kit/Documents/Codex/2026-10-02/task-8/engine-build/objects/emit.o
C:/Users/kit/Documents/Codex/2026-10-02/task-8/engine-build/objects/emscripten_exception.o
C:/Users/kit/Documents/Codex/2026-10-02/task-8/engine-build/objects/end_screen.o
C:/Users/kit/Documents/Codex/2026-10-02/task-8/engine-build/objects/event.o
C:/Users/kit/Documents/Codex/2026-10-02/task-8/engine-build/objects/event_bus.o
C:/Users/kit/Documents/Codex/2026-10-02/task-8/engine-build/objects/event_field_transformations.o
C:/Users/kit/Documents/Codex/2026-10-02/task-8/engine-build/objects/event_statistics.o
C:/Users/kit/Documents/Codex/2026-10-02/task-8/engine-build/objects/explosion.o
C:/Users/kit/Documents/Codex/2026-10-02/task-8/engine-build/objects/faction.o
C:/Users/kit/Documents/Codex/2026-10-02/task-8/engine-build/objects/faction_camp.o
C:/Users/kit/Documents/Codex/2026-10-02/task-8/engine-build/objects/fault.o
C:/Users/kit/Documents/Codex/2026-10-02/task-8/engine-build/objects/field.o
C:/Users/kit/Documents/Codex/2026-10-02/task-8/engine-build/objects/field_type.o
C:/Users/kit/Documents/Codex/2026-10-02/task-8/engine-build/objects/filesystem.o
C:/Users/kit/Documents/Codex/2026-10-02/task-8/engine-build/objects/flag.o
C:/Users/kit/Documents/Codex/2026-10-02/task-8/engine-build/objects/flexbuffer_cache.o
C:/Users/kit/Documents/Codex/2026-10-02/task-8/engine-build/objects/flexbuffer_json.o
C:/Users/kit/Documents/Codex/2026-10-02/task-8/engine-build/objects/font_loader.o
C:/Users/kit/Documents/Codex/2026-10-02/task-8/engine-build/objects/fungal_effects.o
C:/Users/kit/Documents/Codex/2026-10-02/task-8/engine-build/objects/game.o
C:/Users/kit/Documents/Codex/2026-10-02/task-8/engine-build/objects/game_inventory.o
C:/Users/kit/Documents/Codex/2026-10-02/task-8/engine-build/objects/game_ui.o
C:/Users/kit/Documents/Codex/2026-10-02/task-8/engine-build/objects/gamemode.o
C:/Users/kit/Documents/Codex/2026-10-02/task-8/engine-build/objects/gamemode_tutorial.o
C:/Users/kit/Documents/Codex/2026-10-02/task-8/engine-build/objects/gates.o
C:/Users/kit/Documents/Codex/2026-10-02/task-8/engine-build/objects/generic_factory.o
C:/Users/kit/Documents/Codex/2026-10-02/task-8/engine-build/objects/grab.o
C:/Users/kit/Documents/Codex/2026-10-02/task-8/engine-build/objects/handle_action.o
C:/Users/kit/Documents/Codex/2026-10-02/task-8/engine-build/objects/handle_liquid.o
C:/Users/kit/Documents/Codex/2026-10-02/task-8/engine-build/objects/harvest.o
C:/Users/kit/Documents/Codex/2026-10-02/task-8/engine-build/objects/help.o
C:/Users/kit/Documents/Codex/2026-10-02/task-8/engine-build/objects/iexamine.o
C:/Users/kit/Documents/Codex/2026-10-02/task-8/engine-build/objects/iexamine_actors.o
C:/Users/kit/Documents/Codex/2026-10-02/task-8/engine-build/objects/imgui_demo.o
C:/Users/kit/Documents/Codex/2026-10-02/task-8/engine-build/objects/init.o
C:/Users/kit/Documents/Codex/2026-10-02/task-8/engine-build/objects/input.o
C:/Users/kit/Documents/Codex/2026-10-02/task-8/engine-build/objects/input_context.o
C:/Users/kit/Documents/Codex/2026-10-02/task-8/engine-build/objects/input_popup.o
C:/Users/kit/Documents/Codex/2026-10-02/task-8/engine-build/objects/inventory.o
C:/Users/kit/Documents/Codex/2026-10-02/task-8/engine-build/objects/inventory_ui.o
C:/Users/kit/Documents/Codex/2026-10-02/task-8/engine-build/objects/item.o
C:/Users/kit/Documents/Codex/2026-10-02/task-8/engine-build/objects/item_action.o
C:/Users/kit/Documents/Codex/2026-10-02/task-8/engine-build/objects/item_category.o
C:/Users/kit/Documents/Codex/2026-10-02/task-8/engine-build/objects/item_components.o
C:/Users/kit/Documents/Codex/2026-10-02/task-8/engine-build/objects/item_contents.o
C:/Users/kit/Documents/Codex/2026-10-02/task-8/engine-build/objects/item_factory.o
C:/Users/kit/Documents/Codex/2026-10-02/task-8/engine-build/objects/item_group.o
C:/Users/kit/Documents/Codex/2026-10-02/task-8/engine-build/objects/item_location.o
C:/Users/kit/Documents/Codex/2026-10-02/task-8/engine-build/objects/item_pocket.o
C:/Users/kit/Documents/Codex/2026-10-02/task-8/engine-build/objects/item_search.o
C:/Users/kit/Documents/Codex/2026-10-02/task-8/engine-build/objects/item_stack.o
C:/Users/kit/Documents/Codex/2026-10-02/task-8/engine-build/objects/item_tname.o
C:/Users/kit/Documents/Codex/2026-10-02/task-8/engine-build/objects/iteminfo_query.o
C:/Users/kit/Documents/Codex/2026-10-02/task-8/engine-build/objects/itype.o
C:/Users/kit/Documents/Codex/2026-10-02/task-8/engine-build/objects/iuse.o
C:/Users/kit/Documents/Codex/2026-10-02/task-8/engine-build/objects/iuse_actor.o
C:/Users/kit/Documents/Codex/2026-10-02/task-8/engine-build/objects/iuse_software.o
C:/Users/kit/Documents/Codex/2026-10-02/task-8/engine-build/objects/iuse_software_kitten.o
C:/Users/kit/Documents/Codex/2026-10-02/task-8/engine-build/objects/iuse_software_lightson.o
C:/Users/kit/Documents/Codex/2026-10-02/task-8/engine-build/objects/iuse_software_minesweeper.o
C:/Users/kit/Documents/Codex/2026-10-02/task-8/engine-build/objects/iuse_software_snake.o
C:/Users/kit/Documents/Codex/2026-10-02/task-8/engine-build/objects/iuse_software_sokoban.o
C:/Users/kit/Documents/Codex/2026-10-02/task-8/engine-build/objects/json.o
C:/Users/kit/Documents/Codex/2026-10-02/task-8/engine-build/objects/json_loader.o
C:/Users/kit/Documents/Codex/2026-10-02/task-8/engine-build/objects/kill_tracker.o
C:/Users/kit/Documents/Codex/2026-10-02/task-8/engine-build/objects/lang_stats.o
C:/Users/kit/Documents/Codex/2026-10-02/task-8/engine-build/objects/level_cache.o
C:/Users/kit/Documents/Codex/2026-10-02/task-8/engine-build/objects/lightmap.o
C:/Users/kit/Documents/Codex/2026-10-02/task-8/engine-build/objects/line.o
C:/Users/kit/Documents/Codex/2026-10-02/task-8/engine-build/objects/live_view.o
C:/Users/kit/Documents/Codex/2026-10-02/task-8/engine-build/objects/loading_ui.o
C:/Users/kit/Documents/Codex/2026-10-02/task-8/engine-build/objects/localized_comparator.o
C:/Users/kit/Documents/Codex/2026-10-02/task-8/engine-build/objects/magic.o
C:/Users/kit/Documents/Codex/2026-10-02/task-8/engine-build/objects/magic_enchantment.o
C:/Users/kit/Documents/Codex/2026-10-02/task-8/engine-build/objects/magic_spell_effect.o
C:/Users/kit/Documents/Codex/2026-10-02/task-8/engine-build/objects/magic_teleporter_list.o
C:/Users/kit/Documents/Codex/2026-10-02/task-8/engine-build/objects/magic_ter_fur_transform.o
C:/Users/kit/Documents/Codex/2026-10-02/task-8/engine-build/objects/magic_type.o
C:/Users/kit/Documents/Codex/2026-10-02/task-8/engine-build/objects/main.o
C:/Users/kit/Documents/Codex/2026-10-02/task-8/engine-build/objects/main_menu.o
C:/Users/kit/Documents/Codex/2026-10-02/task-8/engine-build/objects/map.o
C:/Users/kit/Documents/Codex/2026-10-02/task-8/engine-build/objects/map_extras.o
C:/Users/kit/Documents/Codex/2026-10-02/task-8/engine-build/objects/map_field.o
C:/Users/kit/Documents/Codex/2026-10-02/task-8/engine-build/objects/map_item_stack.o
C:/Users/kit/Documents/Codex/2026-10-02/task-8/engine-build/objects/map_memory.o
C:/Users/kit/Documents/Codex/2026-10-02/task-8/engine-build/objects/map_selector.o
C:/Users/kit/Documents/Codex/2026-10-02/task-8/engine-build/objects/mapbuffer.o
C:/Users/kit/Documents/Codex/2026-10-02/task-8/engine-build/objects/mapdata.o
C:/Users/kit/Documents/Codex/2026-10-02/task-8/engine-build/objects/mapgen.o
C:/Users/kit/Documents/Codex/2026-10-02/task-8/engine-build/objects/mapgen_functions.o
C:/Users/kit/Documents/Codex/2026-10-02/task-8/engine-build/objects/mapgendata.o
C:/Users/kit/Documents/Codex/2026-10-02/task-8/engine-build/objects/mapgenformat.o
C:/Users/kit/Documents/Codex/2026-10-02/task-8/engine-build/objects/mapsharing.o
C:/Users/kit/Documents/Codex/2026-10-02/task-8/engine-build/objects/martialarts.o
C:/Users/kit/Documents/Codex/2026-10-02/task-8/engine-build/objects/material.o
C:/Users/kit/Documents/Codex/2026-10-02/task-8/engine-build/objects/math_parser.o
C:/Users/kit/Documents/Codex/2026-10-02/task-8/engine-build/objects/math_parser_diag.o
C:/Users/kit/Documents/Codex/2026-10-02/task-8/engine-build/objects/math_parser_diag_value.o
C:/Users/kit/Documents/Codex/2026-10-02/task-8/engine-build/objects/math_parser_jmath.o
C:/Users/kit/Documents/Codex/2026-10-02/task-8/engine-build/objects/math_parser_lex.o
C:/Users/kit/Documents/Codex/2026-10-02/task-8/engine-build/objects/mattack_actors.o
C:/Users/kit/Documents/Codex/2026-10-02/task-8/engine-build/objects/medical_ui.o
C:/Users/kit/Documents/Codex/2026-10-02/task-8/engine-build/objects/melee.o
C:/Users/kit/Documents/Codex/2026-10-02/task-8/engine-build/objects/memorial_logger.o
C:/Users/kit/Documents/Codex/2026-10-02/task-8/engine-build/objects/messages.o
C:/Users/kit/Documents/Codex/2026-10-02/task-8/engine-build/objects/mission.o
C:/Users/kit/Documents/Codex/2026-10-02/task-8/engine-build/objects/mission_companion.o
C:/Users/kit/Documents/Codex/2026-10-02/task-8/engine-build/objects/mission_place.o
C:/Users/kit/Documents/Codex/2026-10-02/task-8/engine-build/objects/mission_start.o
C:/Users/kit/Documents/Codex/2026-10-02/task-8/engine-build/objects/mission_ui.o
C:/Users/kit/Documents/Codex/2026-10-02/task-8/engine-build/objects/mission_util.o
C:/Users/kit/Documents/Codex/2026-10-02/task-8/engine-build/objects/missiondef.o
C:/Users/kit/Documents/Codex/2026-10-02/task-8/engine-build/objects/mmap_file.o
C:/Users/kit/Documents/Codex/2026-10-02/task-8/engine-build/objects/mod_manager.o
C:/Users/kit/Documents/Codex/2026-10-02/task-8/engine-build/objects/mod_manager_ui.o
C:/Users/kit/Documents/Codex/2026-10-02/task-8/engine-build/objects/mod_tileset.o
C:/Users/kit/Documents/Codex/2026-10-02/task-8/engine-build/objects/monattack.o
C:/Users/kit/Documents/Codex/2026-10-02/task-8/engine-build/objects/mondeath.o
C:/Users/kit/Documents/Codex/2026-10-02/task-8/engine-build/objects/mondefense.o
C:/Users/kit/Documents/Codex/2026-10-02/task-8/engine-build/objects/monexamine.o
C:/Users/kit/Documents/Codex/2026-10-02/task-8/engine-build/objects/monfaction.o
C:/Users/kit/Documents/Codex/2026-10-02/task-8/engine-build/objects/mongroup.o
C:/Users/kit/Documents/Codex/2026-10-02/task-8/engine-build/objects/monmove.o
C:/Users/kit/Documents/Codex/2026-10-02/task-8/engine-build/objects/monster.o
C:/Users/kit/Documents/Codex/2026-10-02/task-8/engine-build/objects/monster_oracle.o
C:/Users/kit/Documents/Codex/2026-10-02/task-8/engine-build/objects/monstergenerator.o
C:/Users/kit/Documents/Codex/2026-10-02/task-8/engine-build/objects/mood_face.o
C:/Users/kit/Documents/Codex/2026-10-02/task-8/engine-build/objects/morale.o
C:/Users/kit/Documents/Codex/2026-10-02/task-8/engine-build/objects/morale_types.o
C:/Users/kit/Documents/Codex/2026-10-02/task-8/engine-build/objects/move_mode.o
C:/Users/kit/Documents/Codex/2026-10-02/task-8/engine-build/objects/mtype.o
C:/Users/kit/Documents/Codex/2026-10-02/task-8/engine-build/objects/music.o
C:/Users/kit/Documents/Codex/2026-10-02/task-8/engine-build/objects/mutation.o
C:/Users/kit/Documents/Codex/2026-10-02/task-8/engine-build/objects/mutation_data.o
C:/Users/kit/Documents/Codex/2026-10-02/task-8/engine-build/objects/mutation_type.o
C:/Users/kit/Documents/Codex/2026-10-02/task-8/engine-build/objects/mutation_ui.o
C:/Users/kit/Documents/Codex/2026-10-02/task-8/engine-build/objects/ncurses_def.o
C:/Users/kit/Documents/Codex/2026-10-02/task-8/engine-build/objects/newcharacter.o
C:/Users/kit/Documents/Codex/2026-10-02/task-8/engine-build/objects/npc.o
C:/Users/kit/Documents/Codex/2026-10-02/task-8/engine-build/objects/npc_attack.o
C:/Users/kit/Documents/Codex/2026-10-02/task-8/engine-build/objects/npc_class.o
C:/Users/kit/Documents/Codex/2026-10-02/task-8/engine-build/objects/npcmove.o
C:/Users/kit/Documents/Codex/2026-10-02/task-8/engine-build/objects/npctalk.o
C:/Users/kit/Documents/Codex/2026-10-02/task-8/engine-build/objects/npctalk_funcs.o
C:/Users/kit/Documents/Codex/2026-10-02/task-8/engine-build/objects/npctalk_rules.o
C:/Users/kit/Documents/Codex/2026-10-02/task-8/engine-build/objects/npctrade.o
C:/Users/kit/Documents/Codex/2026-10-02/task-8/engine-build/objects/npctrade_utils.o
C:/Users/kit/Documents/Codex/2026-10-02/task-8/engine-build/objects/options.o
C:/Users/kit/Documents/Codex/2026-10-02/task-8/engine-build/objects/ordered_static_globals.o
C:/Users/kit/Documents/Codex/2026-10-02/task-8/engine-build/objects/output.o
C:/Users/kit/Documents/Codex/2026-10-02/task-8/engine-build/objects/overlay_ordering.o
C:/Users/kit/Documents/Codex/2026-10-02/task-8/engine-build/objects/overmap.o
C:/Users/kit/Documents/Codex/2026-10-02/task-8/engine-build/objects/overmap_connection.o
C:/Users/kit/Documents/Codex/2026-10-02/task-8/engine-build/objects/overmap_location.o
C:/Users/kit/Documents/Codex/2026-10-02/task-8/engine-build/objects/overmap_noise.o
C:/Users/kit/Documents/Codex/2026-10-02/task-8/engine-build/objects/overmap_ui.o
C:/Users/kit/Documents/Codex/2026-10-02/task-8/engine-build/objects/overmapbuffer.o
C:/Users/kit/Documents/Codex/2026-10-02/task-8/engine-build/objects/panels.o
C:/Users/kit/Documents/Codex/2026-10-02/task-8/engine-build/objects/past_achievements_info.o
C:/Users/kit/Documents/Codex/2026-10-02/task-8/engine-build/objects/past_games_info.o
C:/Users/kit/Documents/Codex/2026-10-02/task-8/engine-build/objects/path_info.o
C:/Users/kit/Documents/Codex/2026-10-02/task-8/engine-build/objects/pathfinding.o
C:/Users/kit/Documents/Codex/2026-10-02/task-8/engine-build/objects/perf.o
C:/Users/kit/Documents/Codex/2026-10-02/task-8/engine-build/objects/pickup.o
C:/Users/kit/Documents/Codex/2026-10-02/task-8/engine-build/objects/pinyin.o
C:/Users/kit/Documents/Codex/2026-10-02/task-8/engine-build/objects/pixel_minimap.o
C:/Users/kit/Documents/Codex/2026-10-02/task-8/engine-build/objects/pixel_minimap_projectors.o
C:/Users/kit/Documents/Codex/2026-10-02/task-8/engine-build/objects/player_activity.o
C:/Users/kit/Documents/Codex/2026-10-02/task-8/engine-build/objects/player_difficulty.o
C:/Users/kit/Documents/Codex/2026-10-02/task-8/engine-build/objects/player_display.o
C:/Users/kit/Documents/Codex/2026-10-02/task-8/engine-build/objects/player_hardcoded_effects.o
C:/Users/kit/Documents/Codex/2026-10-02/task-8/engine-build/objects/point.o
C:/Users/kit/Documents/Codex/2026-10-02/task-8/engine-build/objects/popup.o
C:/Users/kit/Documents/Codex/2026-10-02/task-8/engine-build/objects/profession.o
C:/Users/kit/Documents/Codex/2026-10-02/task-8/engine-build/objects/profession_group.o
C:/Users/kit/Documents/Codex/2026-10-02/task-8/engine-build/objects/proficiency.o
C:/Users/kit/Documents/Codex/2026-10-02/task-8/engine-build/objects/proficiency_ui.o
C:/Users/kit/Documents/Codex/2026-10-02/task-8/engine-build/objects/projectile.o
C:/Users/kit/Documents/Codex/2026-10-02/task-8/engine-build/objects/ranged.o
C:/Users/kit/Documents/Codex/2026-10-02/task-8/engine-build/objects/recipe.o
C:/Users/kit/Documents/Codex/2026-10-02/task-8/engine-build/objects/recipe_dictionary.o
C:/Users/kit/Documents/Codex/2026-10-02/task-8/engine-build/objects/recipe_groups.o
C:/Users/kit/Documents/Codex/2026-10-02/task-8/engine-build/objects/regional_settings.o
C:/Users/kit/Documents/Codex/2026-10-02/task-8/engine-build/objects/relic.o
C:/Users/kit/Documents/Codex/2026-10-02/task-8/engine-build/objects/requirements.o
C:/Users/kit/Documents/Codex/2026-10-02/task-8/engine-build/objects/rng.o
C:/Users/kit/Documents/Codex/2026-10-02/task-8/engine-build/objects/rotatable_symbols.o
C:/Users/kit/Documents/Codex/2026-10-02/task-8/engine-build/objects/safe_reference.o
C:/Users/kit/Documents/Codex/2026-10-02/task-8/engine-build/objects/safemode_ui.o
C:/Users/kit/Documents/Codex/2026-10-02/task-8/engine-build/objects/savegame.o
C:/Users/kit/Documents/Codex/2026-10-02/task-8/engine-build/objects/savegame_json.o
C:/Users/kit/Documents/Codex/2026-10-02/task-8/engine-build/objects/savegame_legacy.o
C:/Users/kit/Documents/Codex/2026-10-02/task-8/engine-build/objects/scenario.o
C:/Users/kit/Documents/Codex/2026-10-02/task-8/engine-build/objects/scent_block.o
C:/Users/kit/Documents/Codex/2026-10-02/task-8/engine-build/objects/scent_map.o
C:/Users/kit/Documents/Codex/2026-10-02/task-8/engine-build/objects/scores_ui.o
C:/Users/kit/Documents/Codex/2026-10-02/task-8/engine-build/objects/sdl_font.o
C:/Users/kit/Documents/Codex/2026-10-02/task-8/engine-build/objects/sdl_gamepad.o
C:/Users/kit/Documents/Codex/2026-10-02/task-8/engine-build/objects/sdl_geometry.o
C:/Users/kit/Documents/Codex/2026-10-02/task-8/engine-build/objects/sdl_utils.o
C:/Users/kit/Documents/Codex/2026-10-02/task-8/engine-build/objects/sdl_wrappers.o
C:/Users/kit/Documents/Codex/2026-10-02/task-8/engine-build/objects/sdlsound.o
C:/Users/kit/Documents/Codex/2026-10-02/task-8/engine-build/objects/sdltiles.o
C:/Users/kit/Documents/Codex/2026-10-02/task-8/engine-build/objects/shadowcasting.o
C:/Users/kit/Documents/Codex/2026-10-02/task-8/engine-build/objects/shearing.o
C:/Users/kit/Documents/Codex/2026-10-02/task-8/engine-build/objects/shop_cons_rate.o
C:/Users/kit/Documents/Codex/2026-10-02/task-8/engine-build/objects/simple_pathfinding.o
C:/Users/kit/Documents/Codex/2026-10-02/task-8/engine-build/objects/simplexnoise.o
C:/Users/kit/Documents/Codex/2026-10-02/task-8/engine-build/objects/skill.o
C:/Users/kit/Documents/Codex/2026-10-02/task-8/engine-build/objects/skill_ui.o
C:/Users/kit/Documents/Codex/2026-10-02/task-8/engine-build/objects/sleep.o
C:/Users/kit/Documents/Codex/2026-10-02/task-8/engine-build/objects/smart_controller_ui.o
C:/Users/kit/Documents/Codex/2026-10-02/task-8/engine-build/objects/sounds.o
C:/Users/kit/Documents/Codex/2026-10-02/task-8/engine-build/objects/speech.o
C:/Users/kit/Documents/Codex/2026-10-02/task-8/engine-build/objects/speed_description.o
C:/Users/kit/Documents/Codex/2026-10-02/task-8/engine-build/objects/start_location.o
C:/Users/kit/Documents/Codex/2026-10-02/task-8/engine-build/objects/stats_tracker.o
C:/Users/kit/Documents/Codex/2026-10-02/task-8/engine-build/objects/stomach.o
C:/Users/kit/Documents/Codex/2026-10-02/task-8/engine-build/objects/string_editor_window.o
C:/Users/kit/Documents/Codex/2026-10-02/task-8/engine-build/objects/string_formatter.o
C:/Users/kit/Documents/Codex/2026-10-02/task-8/engine-build/objects/string_id.o
C:/Users/kit/Documents/Codex/2026-10-02/task-8/engine-build/objects/string_id_null_ids.o
C:/Users/kit/Documents/Codex/2026-10-02/task-8/engine-build/objects/string_input_popup.o
C:/Users/kit/Documents/Codex/2026-10-02/task-8/engine-build/objects/subbodypart.o
C:/Users/kit/Documents/Codex/2026-10-02/task-8/engine-build/objects/submap.o
C:/Users/kit/Documents/Codex/2026-10-02/task-8/engine-build/objects/suffer.o
C:/Users/kit/Documents/Codex/2026-10-02/task-8/engine-build/objects/system_locale.o
C:/Users/kit/Documents/Codex/2026-10-02/task-8/engine-build/objects/talker_avatar.o
C:/Users/kit/Documents/Codex/2026-10-02/task-8/engine-build/objects/talker_character.o
C:/Users/kit/Documents/Codex/2026-10-02/task-8/engine-build/objects/talker_furniture.o
C:/Users/kit/Documents/Codex/2026-10-02/task-8/engine-build/objects/talker_item.o
C:/Users/kit/Documents/Codex/2026-10-02/task-8/engine-build/objects/talker_monster.o
C:/Users/kit/Documents/Codex/2026-10-02/task-8/engine-build/objects/talker_npc.o
C:/Users/kit/Documents/Codex/2026-10-02/task-8/engine-build/objects/talker_topic.o
C:/Users/kit/Documents/Codex/2026-10-02/task-8/engine-build/objects/talker_vehicle.o
C:/Users/kit/Documents/Codex/2026-10-02/task-8/engine-build/objects/talker_zone.o
C:/Users/kit/Documents/Codex/2026-10-02/task-8/engine-build/objects/teleport.o
C:/Users/kit/Documents/Codex/2026-10-02/task-8/engine-build/objects/temp_crafting_inventory.o
C:/Users/kit/Documents/Codex/2026-10-02/task-8/engine-build/objects/test_data.o
C:/Users/kit/Documents/Codex/2026-10-02/task-8/engine-build/objects/text.o
C:/Users/kit/Documents/Codex/2026-10-02/task-8/engine-build/objects/text_snippets.o
C:/Users/kit/Documents/Codex/2026-10-02/task-8/engine-build/objects/text_style_check_reader.o
C:/Users/kit/Documents/Codex/2026-10-02/task-8/engine-build/objects/tgz_archiver.o
C:/Users/kit/Documents/Codex/2026-10-02/task-8/engine-build/objects/tileray.o
C:/Users/kit/Documents/Codex/2026-10-02/task-8/engine-build/objects/timed_event.o
C:/Users/kit/Documents/Codex/2026-10-02/task-8/engine-build/objects/trade_ui.o
C:/Users/kit/Documents/Codex/2026-10-02/task-8/engine-build/objects/trait_group.o
C:/Users/kit/Documents/Codex/2026-10-02/task-8/engine-build/objects/translation.o
C:/Users/kit/Documents/Codex/2026-10-02/task-8/engine-build/objects/translation_document.o
C:/Users/kit/Documents/Codex/2026-10-02/task-8/engine-build/objects/translation_gendered.o
C:/Users/kit/Documents/Codex/2026-10-02/task-8/engine-build/objects/translation_manager.o
C:/Users/kit/Documents/Codex/2026-10-02/task-8/engine-build/objects/translation_manager_impl.o
C:/Users/kit/Documents/Codex/2026-10-02/task-8/engine-build/objects/translation_plural_evaluator.o
C:/Users/kit/Documents/Codex/2026-10-02/task-8/engine-build/objects/translations.o
C:/Users/kit/Documents/Codex/2026-10-02/task-8/engine-build/objects/trap.o
C:/Users/kit/Documents/Codex/2026-10-02/task-8/engine-build/objects/trapfunc.o
C:/Users/kit/Documents/Codex/2026-10-02/task-8/engine-build/objects/try_parse_integer.o
C:/Users/kit/Documents/Codex/2026-10-02/task-8/engine-build/objects/turret.o
C:/Users/kit/Documents/Codex/2026-10-02/task-8/engine-build/objects/ui_extended_description.o
C:/Users/kit/Documents/Codex/2026-10-02/task-8/engine-build/objects/ui_iteminfo.o
C:/Users/kit/Documents/Codex/2026-10-02/task-8/engine-build/objects/ui_manager.o
C:/Users/kit/Documents/Codex/2026-10-02/task-8/engine-build/objects/ui_style_picker.o
C:/Users/kit/Documents/Codex/2026-10-02/task-8/engine-build/objects/uilist.o
C:/Users/kit/Documents/Codex/2026-10-02/task-8/engine-build/objects/unicode.o
C:/Users/kit/Documents/Codex/2026-10-02/task-8/engine-build/objects/units.o
C:/Users/kit/Documents/Codex/2026-10-02/task-8/engine-build/objects/units_utility.o
C:/Users/kit/Documents/Codex/2026-10-02/task-8/engine-build/objects/veh_appliance.o
C:/Users/kit/Documents/Codex/2026-10-02/task-8/engine-build/objects/veh_interact.o
C:/Users/kit/Documents/Codex/2026-10-02/task-8/engine-build/objects/veh_shape.o
C:/Users/kit/Documents/Codex/2026-10-02/task-8/engine-build/objects/veh_type.o
C:/Users/kit/Documents/Codex/2026-10-02/task-8/engine-build/objects/veh_utils.o
C:/Users/kit/Documents/Codex/2026-10-02/task-8/engine-build/objects/vehicle.o
C:/Users/kit/Documents/Codex/2026-10-02/task-8/engine-build/objects/vehicle_autodrive.o
C:/Users/kit/Documents/Codex/2026-10-02/task-8/engine-build/objects/vehicle_display.o
C:/Users/kit/Documents/Codex/2026-10-02/task-8/engine-build/objects/vehicle_group.o
C:/Users/kit/Documents/Codex/2026-10-02/task-8/engine-build/objects/vehicle_move.o
C:/Users/kit/Documents/Codex/2026-10-02/task-8/engine-build/objects/vehicle_part.o
C:/Users/kit/Documents/Codex/2026-10-02/task-8/engine-build/objects/vehicle_selector.o
C:/Users/kit/Documents/Codex/2026-10-02/task-8/engine-build/objects/vehicle_use.o
C:/Users/kit/Documents/Codex/2026-10-02/task-8/engine-build/objects/version.o
C:/Users/kit/Documents/Codex/2026-10-02/task-8/engine-build/objects/visitable.o
C:/Users/kit/Documents/Codex/2026-10-02/task-8/engine-build/objects/vitamin.o
C:/Users/kit/Documents/Codex/2026-10-02/task-8/engine-build/objects/wcwidth.o
C:/Users/kit/Documents/Codex/2026-10-02/task-8/engine-build/objects/weakpoint.o
C:/Users/kit/Documents/Codex/2026-10-02/task-8/engine-build/objects/weather.o
C:/Users/kit/Documents/Codex/2026-10-02/task-8/engine-build/objects/weather_gen.o
C:/Users/kit/Documents/Codex/2026-10-02/task-8/engine-build/objects/weather_type.o
C:/Users/kit/Documents/Codex/2026-10-02/task-8/engine-build/objects/widget.o
C:/Users/kit/Documents/Codex/2026-10-02/task-8/engine-build/objects/wincurse.o
C:/Users/kit/Documents/Codex/2026-10-02/task-8/engine-build/objects/wish.o
C:/Users/kit/Documents/Codex/2026-10-02/task-8/engine-build/objects/worldfactory.o
C:/Users/kit/Documents/Codex/2026-10-02/task-8/engine-build/objects/zzip.o
C:/Users/kit/Documents/Codex/2026-10-02/task-8/engine-build/objects/zzip_stack.o
C:/Users/kit/Documents/Codex/2026-10-02/task-8/engine-build/objects/third-party/flatbuffers/idl_parser.o
C:/Users/kit/Documents/Codex/2026-10-02/task-8/engine-build/objects/third-party/flatbuffers/util.o
C:/Users/kit/Documents/Codex/2026-10-02/task-8/engine-build/objects/third-party/imgui/imgui.o
C:/Users/kit/Documents/Codex/2026-10-02/task-8/engine-build/objects/third-party/imgui/imgui_demo.o
C:/Users/kit/Documents/Codex/2026-10-02/task-8/engine-build/objects/third-party/imgui/imgui_draw.o
C:/Users/kit/Documents/Codex/2026-10-02/task-8/engine-build/objects/third-party/imgui/imgui_stdlib.o
C:/Users/kit/Documents/Codex/2026-10-02/task-8/engine-build/objects/third-party/imgui/imgui_tables.o
C:/Users/kit/Documents/Codex/2026-10-02/task-8/engine-build/objects/third-party/imgui/imgui_widgets.o
C:/Users/kit/Documents/Codex/2026-10-02/task-8/engine-build/objects/third-party/imgui/imgui_freetype.o
C:/Users/kit/Documents/Codex/2026-10-02/task-8/engine-build/objects/third-party/imgui/imgui_impl_sdl2.o
C:/Users/kit/Documents/Codex/2026-10-02/task-8/engine-build/objects/third-party/imgui/imgui_impl_sdlrenderer2.o
C:/Users/kit/Documents/Codex/2026-10-02/task-8/engine-build/objects/third-party/zstd/common/debug.o
C:/Users/kit/Documents/Codex/2026-10-02/task-8/engine-build/objects/third-party/zstd/common/entropy_common.o
C:/Users/kit/Documents/Codex/2026-10-02/task-8/engine-build/objects/third-party/zstd/common/error_private.o
C:/Users/kit/Documents/Codex/2026-10-02/task-8/engine-build/objects/third-party/zstd/common/fse_decompress.o
C:/Users/kit/Documents/Codex/2026-10-02/task-8/engine-build/objects/third-party/zstd/common/pool.o
C:/Users/kit/Documents/Codex/2026-10-02/task-8/engine-build/objects/third-party/zstd/common/threading.o
C:/Users/kit/Documents/Codex/2026-10-02/task-8/engine-build/objects/third-party/zstd/common/xxhash.o
C:/Users/kit/Documents/Codex/2026-10-02/task-8/engine-build/objects/third-party/zstd/common/zstd_common.o
C:/Users/kit/Documents/Codex/2026-10-02/task-8/engine-build/objects/third-party/zstd/compress/fse_compress.o
C:/Users/kit/Documents/Codex/2026-10-02/task-8/engine-build/objects/third-party/zstd/compress/hist.o
C:/Users/kit/Documents/Codex/2026-10-02/task-8/engine-build/objects/third-party/zstd/compress/huf_compress.o
C:/Users/kit/Documents/Codex/2026-10-02/task-8/engine-build/objects/third-party/zstd/compress/zstd_compress.o
C:/Users/kit/Documents/Codex/2026-10-02/task-8/engine-build/objects/third-party/zstd/compress/zstd_compress_literals.o
C:/Users/kit/Documents/Codex/2026-10-02/task-8/engine-build/objects/third-party/zstd/compress/zstd_compress_sequences.o
C:/Users/kit/Documents/Codex/2026-10-02/task-8/engine-build/objects/third-party/zstd/compress/zstd_compress_superblock.o
C:/Users/kit/Documents/Codex/2026-10-02/task-8/engine-build/objects/third-party/zstd/compress/zstd_double_fast.o
C:/Users/kit/Documents/Codex/2026-10-02/task-8/engine-build/objects/third-party/zstd/compress/zstd_fast.o
C:/Users/kit/Documents/Codex/2026-10-02/task-8/engine-build/objects/third-party/zstd/compress/zstd_lazy.o
C:/Users/kit/Documents/Codex/2026-10-02/task-8/engine-build/objects/third-party/zstd/compress/zstd_ldm.o
C:/Users/kit/Documents/Codex/2026-10-02/task-8/engine-build/objects/third-party/zstd/compress/zstd_opt.o
C:/Users/kit/Documents/Codex/2026-10-02/task-8/engine-build/objects/third-party/zstd/compress/zstd_preSplit.o
C:/Users/kit/Documents/Codex/2026-10-02/task-8/engine-build/objects/third-party/zstd/compress/zstdmt_compress.o
C:/Users/kit/Documents/Codex/2026-10-02/task-8/engine-build/objects/third-party/zstd/decompress/huf_decompress.o
C:/Users/kit/Documents/Codex/2026-10-02/task-8/engine-build/objects/third-party/zstd/decompress/zstd_ddict.o
C:/Users/kit/Documents/Codex/2026-10-02/task-8/engine-build/objects/third-party/zstd/decompress/zstd_decompress.o
C:/Users/kit/Documents/Codex/2026-10-02/task-8/engine-build/objects/third-party/zstd/decompress/zstd_decompress_block.o
C:\\Users\\kit\\Documents\\Codex\\2026-10-02\\task-8\\engine-build\\cache\\sysroot\\lib\\wasm32-emscripten\libembind-rtti.a(bind.o)
C:\\Users\\kit\\Documents\\Codex\\2026-10-02\\task-8\\engine-build\\cache\\sysroot\\lib\\wasm32-emscripten\libz.a(gzlib.c.o)
C:\\Users\\kit\\Documents\\Codex\\2026-10-02\\task-8\\engine-build\\cache\\sysroot\\lib\\wasm32-emscripten\libz.a(gzwrite.c.o)
C:\\Users\\kit\\Documents\\Codex\\2026-10-02\\task-8\\engine-build\\cache\\sysroot\\lib\\wasm32-emscripten\libz.a(deflate.c.o)
C:\\Users\\kit\\Documents\\Codex\\2026-10-02\\task-8\\engine-build\\cache\\sysroot\\lib\\wasm32-emscripten\libz.a(adler32.c.o)
C:\\Users\\kit\\Documents\\Codex\\2026-10-02\\task-8\\engine-build\\cache\\sysroot\\lib\\wasm32-emscripten\libz.a(crc32.c.o)
C:\\Users\\kit\\Documents\\Codex\\2026-10-02\\task-8\\engine-build\\cache\\sysroot\\lib\\wasm32-emscripten\libz.a(inflate.c.o)
C:\\Users\\kit\\Documents\\Codex\\2026-10-02\\task-8\\engine-build\\cache\\sysroot\\lib\\wasm32-emscripten\libz.a(inffast.c.o)
C:\\Users\\kit\\Documents\\Codex\\2026-10-02\\task-8\\engine-build\\cache\\sysroot\\lib\\wasm32-emscripten\libz.a(inftrees.c.o)
C:\\Users\\kit\\Documents\\Codex\\2026-10-02\\task-8\\engine-build\\cache\\sysroot\\lib\\wasm32-emscripten\libz.a(trees.c.o)
C:\\Users\\kit\\Documents\\Codex\\2026-10-02\\task-8\\engine-build\\cache\\sysroot\\lib\\wasm32-emscripten\libz.a(zutil.c.o)
C:\\Users\\kit\\Documents\\Codex\\2026-10-02\\task-8\\engine-build\\cache\\sysroot\\lib\\wasm32-emscripten\\libSDL2_image-png.a(IMG.c.o)
C:\\Users\\kit\\Documents\\Codex\\2026-10-02\\task-8\\engine-build\\cache\\sysroot\\lib\\wasm32-emscripten\\libSDL2_image-png.a(IMG_avif.c.o)
C:\\Users\\kit\\Documents\\Codex\\2026-10-02\\task-8\\engine-build\\cache\\sysroot\\lib\\wasm32-emscripten\\libSDL2_image-png.a(IMG_bmp.c.o)
C:\\Users\\kit\\Documents\\Codex\\2026-10-02\\task-8\\engine-build\\cache\\sysroot\\lib\\wasm32-emscripten\\libSDL2_image-png.a(IMG_gif.c.o)
C:\\Users\\kit\\Documents\\Codex\\2026-10-02\\task-8\\engine-build\\cache\\sysroot\\lib\\wasm32-emscripten\\libSDL2_image-png.a(IMG_jpg.c.o)
C:\\Users\\kit\\Documents\\Codex\\2026-10-02\\task-8\\engine-build\\cache\\sysroot\\lib\\wasm32-emscripten\\libSDL2_image-png.a(IMG_jxl.c.o)
C:\\Users\\kit\\Documents\\Codex\\2026-10-02\\task-8\\engine-build\\cache\\sysroot\\lib\\wasm32-emscripten\\libSDL2_image-png.a(IMG_lbm.c.o)
C:\\Users\\kit\\Documents\\Codex\\2026-10-02\\task-8\\engine-build\\cache\\sysroot\\lib\\wasm32-emscripten\\libSDL2_image-png.a(IMG_pcx.c.o)
C:\\Users\\kit\\Documents\\Codex\\2026-10-02\\task-8\\engine-build\\cache\\sysroot\\lib\\wasm32-emscripten\\libSDL2_image-png.a(IMG_png.c.o)
C:\\Users\\kit\\Documents\\Codex\\2026-10-02\\task-8\\engine-build\\cache\\sysroot\\lib\\wasm32-emscripten\\libSDL2_image-png.a(IMG_pnm.c.o)
C:\\Users\\kit\\Documents\\Codex\\2026-10-02\\task-8\\engine-build\\cache\\sysroot\\lib\\wasm32-emscripten\\libSDL2_image-png.a(IMG_qoi.c.o)
C:\\Users\\kit\\Documents\\Codex\\2026-10-02\\task-8\\engine-build\\cache\\sysroot\\lib\\wasm32-emscripten\\libSDL2_image-png.a(IMG_svg.c.o)
C:\\Users\\kit\\Documents\\Codex\\2026-10-02\\task-8\\engine-build\\cache\\sysroot\\lib\\wasm32-emscripten\\libSDL2_image-png.a(IMG_tga.c.o)
C:\\Users\\kit\\Documents\\Codex\\2026-10-02\\task-8\\engine-build\\cache\\sysroot\\lib\\wasm32-emscripten\\libSDL2_image-png.a(IMG_tif.c.o)
C:\\Users\\kit\\Documents\\Codex\\2026-10-02\\task-8\\engine-build\\cache\\sysroot\\lib\\wasm32-emscripten\\libSDL2_image-png.a(IMG_webp.c.o)
C:\\Users\\kit\\Documents\\Codex\\2026-10-02\\task-8\\engine-build\\cache\\sysroot\\lib\\wasm32-emscripten\\libSDL2_image-png.a(IMG_xcf.c.o)
C:\\Users\\kit\\Documents\\Codex\\2026-10-02\\task-8\\engine-build\\cache\\sysroot\\lib\\wasm32-emscripten\\libSDL2_image-png.a(IMG_xpm.c.o)
C:\\Users\\kit\\Documents\\Codex\\2026-10-02\\task-8\\engine-build\\cache\\sysroot\\lib\\wasm32-emscripten\\libSDL2_image-png.a(IMG_xv.c.o)
C:\\Users\\kit\\Documents\\Codex\\2026-10-02\\task-8\\engine-build\\cache\\sysroot\\lib\\wasm32-emscripten\\libSDL2_ttf.a(SDL_ttf.c.o)
C:\\Users\\kit\\Documents\\Codex\\2026-10-02\\task-8\\engine-build\\cache\\sysroot\\lib\\wasm32-emscripten\\libSDL2.a(SDL.c.o)
C:\\Users\\kit\\Documents\\Codex\\2026-10-02\\task-8\\engine-build\\cache\\sysroot\\lib\\wasm32-emscripten\\libSDL2.a(SDL_assert.c.o)
C:\\Users\\kit\\Documents\\Codex\\2026-10-02\\task-8\\engine-build\\cache\\sysroot\\lib\\wasm32-emscripten\\libSDL2.a(SDL_audio.c.o)
C:\\Users\\kit\\Documents\\Codex\\2026-10-02\\task-8\\engine-build\\cache\\sysroot\\lib\\wasm32-emscripten\\libSDL2.a(SDL_atomic.c.o)
C:\\Users\\kit\\Documents\\Codex\\2026-10-02\\task-8\\engine-build\\cache\\sysroot\\lib\\wasm32-emscripten\\libSDL2.a(SDL_audiocvt.c.o)
C:\\Users\\kit\\Documents\\Codex\\2026-10-02\\task-8\\engine-build\\cache\\sysroot\\lib\\wasm32-emscripten\\libSDL2.a(SDL_audiotypecvt.c.o)
C:\\Users\\kit\\Documents\\Codex\\2026-10-02\\task-8\\engine-build\\cache\\sysroot\\lib\\wasm32-emscripten\\libSDL2.a(SDL_clipboard.c.o)
C:\\Users\\kit\\Documents\\Codex\\2026-10-02\\task-8\\engine-build\\cache\\sysroot\\lib\\wasm32-emscripten\\libSDL2.a(SDL_dataqueue.c.o)
C:\\Users\\kit\\Documents\\Codex\\2026-10-02\\task-8\\engine-build\\cache\\sysroot\\lib\\wasm32-emscripten\\libSDL2.a(SDL_diskaudio.c.o)
C:\\Users\\kit\\Documents\\Codex\\2026-10-02\\task-8\\engine-build\\cache\\sysroot\\lib\\wasm32-emscripten\\libSDL2.a(SDL_dummyaudio.c.o)
C:\\Users\\kit\\Documents\\Codex\\2026-10-02\\task-8\\engine-build\\cache\\sysroot\\lib\\wasm32-emscripten\\libSDL2.a(SDL_emscriptenaudio.c.o)
C:\\Users\\kit\\Documents\\Codex\\2026-10-02\\task-8\\engine-build\\cache\\sysroot\\lib\\wasm32-emscripten\\libSDL2.a(SDL_error.c.o)
C:\\Users\\kit\\Documents\\Codex\\2026-10-02\\task-8\\engine-build\\cache\\sysroot\\lib\\wasm32-emscripten\\libSDL2.a(SDL_events.c.o)
C:\\Users\\kit\\Documents\\Codex\\2026-10-02\\task-8\\engine-build\\cache\\sysroot\\lib\\wasm32-emscripten\\libSDL2.a(SDL_fillrect.c.o)
C:\\Users\\kit\\Documents\\Codex\\2026-10-02\\task-8\\engine-build\\cache\\sysroot\\lib\\wasm32-emscripten\\libSDL2.a(SDL_gamecontroller.c.o)
C:\\Users\\kit\\Documents\\Codex\\2026-10-02\\task-8\\engine-build\\cache\\sysroot\\lib\\wasm32-emscripten\\libSDL2.a(SDL_gesture.c.o)
C:\\Users\\kit\\Documents\\Codex\\2026-10-02\\task-8\\engine-build\\cache\\sysroot\\lib\\wasm32-emscripten\\libSDL2.a(SDL_getenv.c.o)
C:\\Users\\kit\\Documents\\Codex\\2026-10-02\\task-8\\engine-build\\cache\\sysroot\\lib\\wasm32-emscripten\\libSDL2.a(SDL_hints.c.o)
C:\\Users\\kit\\Documents\\Codex\\2026-10-02\\task-8\\engine-build\\cache\\sysroot\\lib\\wasm32-emscripten\\libSDL2.a(SDL_joystick.c.o)
C:\\Users\\kit\\Documents\\Codex\\2026-10-02\\task-8\\engine-build\\cache\\sysroot\\lib\\wasm32-emscripten\\libSDL2.a(SDL_crc16.c.o)
C:\\Users\\kit\\Documents\\Codex\\2026-10-02\\task-8\\engine-build\\cache\\sysroot\\lib\\wasm32-emscripten\\libSDL2.a(SDL_guid.c.o)
C:\\Users\\kit\\Documents\\Codex\\2026-10-02\\task-8\\engine-build\\cache\\sysroot\\lib\\wasm32-emscripten\\libSDL2.a(SDL_keyboard.c.o)
C:\\Users\\kit\\Documents\\Codex\\2026-10-02\\task-8\\engine-build\\cache\\sysroot\\lib\\wasm32-emscripten\\libSDL2.a(SDL_log.c.o)
C:\\Users\\kit\\Documents\\Codex\\2026-10-02\\task-8\\engine-build\\cache\\sysroot\\lib\\wasm32-emscripten\\libSDL2.a(SDL_malloc.c.o)
C:\\Users\\kit\\Documents\\Codex\\2026-10-02\\task-8\\engine-build\\cache\\sysroot\\lib\\wasm32-emscripten\\libSDL2.a(SDL_mixer.c.o)
C:\\Users\\kit\\Documents\\Codex\\2026-10-02\\task-8\\engine-build\\cache\\sysroot\\lib\\wasm32-emscripten\\libSDL2.a(SDL_mouse.c.o)
C:\\Users\\kit\\Documents\\Codex\\2026-10-02\\task-8\\engine-build\\cache\\sysroot\\lib\\wasm32-emscripten\\libSDL2.a(SDL_pixels.c.o)
C:\\Users\\kit\\Documents\\Codex\\2026-10-02\\task-8\\engine-build\\cache\\sysroot\\lib\\wasm32-emscripten\\libSDL2.a(SDL_list.c.o)
C:\\Users\\kit\\Documents\\Codex\\2026-10-02\\task-8\\engine-build\\cache\\sysroot\\lib\\wasm32-emscripten\\libSDL2.a(SDL_RLEaccel.c.o)
C:\\Users\\kit\\Documents\\Codex\\2026-10-02\\task-8\\engine-build\\cache\\sysroot\\lib\\wasm32-emscripten\\libSDL2.a(SDL_cpuinfo.c.o)
C:\\Users\\kit\\Documents\\Codex\\2026-10-02\\task-8\\engine-build\\cache\\sysroot\\lib\\wasm32-emscripten\\libSDL2.a(SDL_blit.c.o)
C:\\Users\\kit\\Documents\\Codex\\2026-10-02\\task-8\\engine-build\\cache\\sysroot\\lib\\wasm32-emscripten\\libSDL2.a(SDL_blit_copy.c.o)
C:\\Users\\kit\\Documents\\Codex\\2026-10-02\\task-8\\engine-build\\cache\\sysroot\\lib\\wasm32-emscripten\\libSDL2.a(SDL_blit_slow.c.o)
C:\\Users\\kit\\Documents\\Codex\\2026-10-02\\task-8\\engine-build\\cache\\sysroot\\lib\\wasm32-emscripten\\libSDL2.a(SDL_blit_0.c.o)
C:\\Users\\kit\\Documents\\Codex\\2026-10-02\\task-8\\engine-build\\cache\\sysroot\\lib\\wasm32-emscripten\\libSDL2.a(SDL_blit_1.c.o)
C:\\Users\\kit\\Documents\\Codex\\2026-10-02\\task-8\\engine-build\\cache\\sysroot\\lib\\wasm32-emscripten\\libSDL2.a(SDL_blit_A.c.o)
C:\\Users\\kit\\Documents\\Codex\\2026-10-02\\task-8\\engine-build\\cache\\sysroot\\lib\\wasm32-emscripten\\libSDL2.a(SDL_blit_N.c.o)
C:\\Users\\kit\\Documents\\Codex\\2026-10-02\\task-8\\engine-build\\cache\\sysroot\\lib\\wasm32-emscripten\\libSDL2.a(SDL_blit_auto.c.o)
C:\\Users\\kit\\Documents\\Codex\\2026-10-02\\task-8\\engine-build\\cache\\sysroot\\lib\\wasm32-emscripten\\libSDL2.a(SDL_quit.c.o)
C:\\Users\\kit\\Documents\\Codex\\2026-10-02\\task-8\\engine-build\\cache\\sysroot\\lib\\wasm32-emscripten\\libSDL2.a(SDL_rect.c.o)
C:\\Users\\kit\\Documents\\Codex\\2026-10-02\\task-8\\engine-build\\cache\\sysroot\\lib\\wasm32-emscripten\\libSDL2.a(SDL_render.c.o)
C:\\Users\\kit\\Documents\\Codex\\2026-10-02\\task-8\\engine-build\\cache\\sysroot\\lib\\wasm32-emscripten\\libSDL2.a(SDL_render_gles2.c.o)
C:\\Users\\kit\\Documents\\Codex\\2026-10-02\\task-8\\engine-build\\cache\\sysroot\\lib\\wasm32-emscripten\\libSDL2.a(SDL_render_sw.c.o)
C:\\Users\\kit\\Documents\\Codex\\2026-10-02\\task-8\\engine-build\\cache\\sysroot\\lib\\wasm32-emscripten\\libSDL2.a(SDL_drawpoint.c.o)
C:\\Users\\kit\\Documents\\Codex\\2026-10-02\\task-8\\engine-build\\cache\\sysroot\\lib\\wasm32-emscripten\\libSDL2.a(SDL_blendpoint.c.o)
C:\\Users\\kit\\Documents\\Codex\\2026-10-02\\task-8\\engine-build\\cache\\sysroot\\lib\\wasm32-emscripten\\libSDL2.a(SDL_drawline.c.o)
C:\\Users\\kit\\Documents\\Codex\\2026-10-02\\task-8\\engine-build\\cache\\sysroot\\lib\\wasm32-emscripten\\libSDL2.a(SDL_blendline.c.o)
C:\\Users\\kit\\Documents\\Codex\\2026-10-02\\task-8\\engine-build\\cache\\sysroot\\lib\\wasm32-emscripten\\libSDL2.a(SDL_blendfillrect.c.o)
C:\\Users\\kit\\Documents\\Codex\\2026-10-02\\task-8\\engine-build\\cache\\sysroot\\lib\\wasm32-emscripten\\libSDL2.a(SDL_rotate.c.o)
C:\\Users\\kit\\Documents\\Codex\\2026-10-02\\task-8\\engine-build\\cache\\sysroot\\lib\\wasm32-emscripten\\libSDL2.a(SDL_rwops.c.o)
C:\\Users\\kit\\Documents\\Codex\\2026-10-02\\task-8\\engine-build\\cache\\sysroot\\lib\\wasm32-emscripten\\libSDL2.a(SDL_sensor.c.o)
C:\\Users\\kit\\Documents\\Codex\\2026-10-02\\task-8\\engine-build\\cache\\sysroot\\lib\\wasm32-emscripten\\libSDL2.a(SDL_dummysensor.c.o)
C:\\Users\\kit\\Documents\\Codex\\2026-10-02\\task-8\\engine-build\\cache\\sysroot\\lib\\wasm32-emscripten\\libSDL2.a(SDL_shaders_gles2.c.o)
C:\\Users\\kit\\Documents\\Codex\\2026-10-02\\task-8\\engine-build\\cache\\sysroot\\lib\\wasm32-emscripten\\libSDL2.a(SDL_spinlock.c.o)
C:\\Users\\kit\\Documents\\Codex\\2026-10-02\\task-8\\engine-build\\cache\\sysroot\\lib\\wasm32-emscripten\\libSDL2.a(SDL_stdlib.c.o)
C:\\Users\\kit\\Documents\\Codex\\2026-10-02\\task-8\\engine-build\\cache\\sysroot\\lib\\wasm32-emscripten\\libSDL2.a(SDL_steam_virtual_gamepad.c.o)
C:\\Users\\kit\\Documents\\Codex\\2026-10-02\\task-8\\engine-build\\cache\\sysroot\\lib\\wasm32-emscripten\\libSDL2.a(SDL_string.c.o)
C:\\Users\\kit\\Documents\\Codex\\2026-10-02\\task-8\\engine-build\\cache\\sysroot\\lib\\wasm32-emscripten\\libSDL2.a(SDL_surface.c.o)
C:\\Users\\kit\\Documents\\Codex\\2026-10-02\\task-8\\engine-build\\cache\\sysroot\\lib\\wasm32-emscripten\\libSDL2.a(SDL_stretch.c.o)
C:\\Users\\kit\\Documents\\Codex\\2026-10-02\\task-8\\engine-build\\cache\\sysroot\\lib\\wasm32-emscripten\\libSDL2.a(SDL_sysjoystick.c.o)
C:\\Users\\kit\\Documents\\Codex\\2026-10-02\\task-8\\engine-build\\cache\\sysroot\\lib\\wasm32-emscripten\\libSDL2.a(SDL_sysmutex.c.o)
C:\\Users\\kit\\Documents\\Codex\\2026-10-02\\task-8\\engine-build\\cache\\sysroot\\lib\\wasm32-emscripten\\libSDL2.a(SDL_syssem.c.o)
C:\\Users\\kit\\Documents\\Codex\\2026-10-02\\task-8\\engine-build\\cache\\sysroot\\lib\\wasm32-emscripten\\libSDL2.a(SDL_systhread.c.o)
C:\\Users\\kit\\Documents\\Codex\\2026-10-02\\task-8\\engine-build\\cache\\sysroot\\lib\\wasm32-emscripten\\libSDL2.a(SDL_systimer.c.o)
C:\\Users\\kit\\Documents\\Codex\\2026-10-02\\task-8\\engine-build\\cache\\sysroot\\lib\\wasm32-emscripten\\libSDL2.a(SDL_thread.c.o)
C:\\Users\\kit\\Documents\\Codex\\2026-10-02\\task-8\\engine-build\\cache\\sysroot\\lib\\wasm32-emscripten\\libSDL2.a(SDL_systls.c.o)
C:\\Users\\kit\\Documents\\Codex\\2026-10-02\\task-8\\engine-build\\cache\\sysroot\\lib\\wasm32-emscripten\\libSDL2.a(SDL_timer.c.o)
C:\\Users\\kit\\Documents\\Codex\\2026-10-02\\task-8\\engine-build\\cache\\sysroot\\lib\\wasm32-emscripten\\libSDL2.a(SDL_touch.c.o)
C:\\Users\\kit\\Documents\\Codex\\2026-10-02\\task-8\\engine-build\\cache\\sysroot\\lib\\wasm32-emscripten\\libSDL2.a(SDL_triangle.c.o)
C:\\Users\\kit\\Documents\\Codex\\2026-10-02\\task-8\\engine-build\\cache\\sysroot\\lib\\wasm32-emscripten\\libSDL2.a(SDL_utils.c.o)
C:\\Users\\kit\\Documents\\Codex\\2026-10-02\\task-8\\engine-build\\cache\\sysroot\\lib\\wasm32-emscripten\\libSDL2.a(SDL_video.c.o)
C:\\Users\\kit\\Documents\\Codex\\2026-10-02\\task-8\\engine-build\\cache\\sysroot\\lib\\wasm32-emscripten\\libSDL2.a(SDL_emscriptenvideo.c.o)
C:\\Users\\kit\\Documents\\Codex\\2026-10-02\\task-8\\engine-build\\cache\\sysroot\\lib\\wasm32-emscripten\\libSDL2.a(SDL_egl.c.o)
C:\\Users\\kit\\Documents\\Codex\\2026-10-02\\task-8\\engine-build\\cache\\sysroot\\lib\\wasm32-emscripten\\libSDL2.a(SDL_sysloadso.c.o)
C:\\Users\\kit\\Documents\\Codex\\2026-10-02\\task-8\\engine-build\\cache\\sysroot\\lib\\wasm32-emscripten\\libSDL2.a(SDL_emscriptenopengles.c.o)
C:\\Users\\kit\\Documents\\Codex\\2026-10-02\\task-8\\engine-build\\cache\\sysroot\\lib\\wasm32-emscripten\\libSDL2.a(SDL_emscriptenframebuffer.c.o)
C:\\Users\\kit\\Documents\\Codex\\2026-10-02\\task-8\\engine-build\\cache\\sysroot\\lib\\wasm32-emscripten\\libSDL2.a(SDL_emscriptenmouse.c.o)
C:\\Users\\kit\\Documents\\Codex\\2026-10-02\\task-8\\engine-build\\cache\\sysroot\\lib\\wasm32-emscripten\\libSDL2.a(SDL_emscriptenevents.c.o)
C:\\Users\\kit\\Documents\\Codex\\2026-10-02\\task-8\\engine-build\\cache\\sysroot\\lib\\wasm32-emscripten\\libSDL2.a(SDL_displayevents.c.o)
C:\\Users\\kit\\Documents\\Codex\\2026-10-02\\task-8\\engine-build\\cache\\sysroot\\lib\\wasm32-emscripten\\libSDL2.a(SDL_qsort.c.o)
C:\\Users\\kit\\Documents\\Codex\\2026-10-02\\task-8\\engine-build\\cache\\sysroot\\lib\\wasm32-emscripten\\libSDL2.a(SDL_windowevents.c.o)
C:\\Users\\kit\\Documents\\Codex\\2026-10-02\\task-8\\engine-build\\cache\\sysroot\\lib\\wasm32-emscripten\\libSDL2.a(SDL_yuv.c.o)
C:\\Users\\kit\\Documents\\Codex\\2026-10-02\\task-8\\engine-build\\cache\\sysroot\\lib\\wasm32-emscripten\\libSDL2.a(SDL_yuv_sw.c.o)
C:\\Users\\kit\\Documents\\Codex\\2026-10-02\\task-8\\engine-build\\cache\\sysroot\\lib\\wasm32-emscripten\\libSDL2.a(controller_type.c.o)
C:\\Users\\kit\\Documents\\Codex\\2026-10-02\\task-8\\engine-build\\cache\\sysroot\\lib\\wasm32-emscripten\\libSDL2.a(yuv_rgb_std.c.o)
C:\\Users\\kit\\Documents\\Codex\\2026-10-02\\task-8\\engine-build\\cache\\sysroot\\lib\\wasm32-emscripten\\libpng.a(png.c.o)
C:\\Users\\kit\\Documents\\Codex\\2026-10-02\\task-8\\engine-build\\cache\\sysroot\\lib\\wasm32-emscripten\\libpng.a(pngerror.c.o)
C:\\Users\\kit\\Documents\\Codex\\2026-10-02\\task-8\\engine-build\\cache\\sysroot\\lib\\wasm32-emscripten\\libpng.a(pngget.c.o)
C:\\Users\\kit\\Documents\\Codex\\2026-10-02\\task-8\\engine-build\\cache\\sysroot\\lib\\wasm32-emscripten\\libpng.a(pngmem.c.o)
C:\\Users\\kit\\Documents\\Codex\\2026-10-02\\task-8\\engine-build\\cache\\sysroot\\lib\\wasm32-emscripten\\libpng.a(pngread.c.o)
C:\\Users\\kit\\Documents\\Codex\\2026-10-02\\task-8\\engine-build\\cache\\sysroot\\lib\\wasm32-emscripten\\libpng.a(pngrio.c.o)
C:\\Users\\kit\\Documents\\Codex\\2026-10-02\\task-8\\engine-build\\cache\\sysroot\\lib\\wasm32-emscripten\\libpng.a(pngrtran.c.o)
C:\\Users\\kit\\Documents\\Codex\\2026-10-02\\task-8\\engine-build\\cache\\sysroot\\lib\\wasm32-emscripten\\libpng.a(pngrutil.c.o)
C:\\Users\\kit\\Documents\\Codex\\2026-10-02\\task-8\\engine-build\\cache\\sysroot\\lib\\wasm32-emscripten\\libpng.a(pngset.c.o)
C:\\Users\\kit\\Documents\\Codex\\2026-10-02\\task-8\\engine-build\\cache\\sysroot\\lib\\wasm32-emscripten\\libpng.a(pngtrans.c.o)
C:\\Users\\kit\\Documents\\Codex\\2026-10-02\\task-8\\engine-build\\cache\\sysroot\\lib\\wasm32-emscripten\\libpng.a(pngwio.c.o)
C:\\Users\\kit\\Documents\\Codex\\2026-10-02\\task-8\\engine-build\\cache\\sysroot\\lib\\wasm32-emscripten\\libpng.a(pngwrite.c.o)
C:\\Users\\kit\\Documents\\Codex\\2026-10-02\\task-8\\engine-build\\cache\\sysroot\\lib\\wasm32-emscripten\\libpng.a(pngwtran.c.o)
C:\\Users\\kit\\Documents\\Codex\\2026-10-02\\task-8\\engine-build\\cache\\sysroot\\lib\\wasm32-emscripten\\libpng.a(pngwutil.c.o)
C:\\Users\\kit\\Documents\\Codex\\2026-10-02\\task-8\\engine-build\\cache\\sysroot\\lib\\wasm32-emscripten\\libharfbuzz.a(hb-buffer.cc.o)
C:\\Users\\kit\\Documents\\Codex\\2026-10-02\\task-8\\engine-build\\cache\\sysroot\\lib\\wasm32-emscripten\\libharfbuzz.a(hb-common.cc.o)
C:\\Users\\kit\\Documents\\Codex\\2026-10-02\\task-8\\engine-build\\cache\\sysroot\\lib\\wasm32-emscripten\\libharfbuzz.a(hb-font.cc.o)
C:\\Users\\kit\\Documents\\Codex\\2026-10-02\\task-8\\engine-build\\cache\\sysroot\\lib\\wasm32-emscripten\\libharfbuzz.a(hb-face.cc.o)
C:\\Users\\kit\\Documents\\Codex\\2026-10-02\\task-8\\engine-build\\cache\\sysroot\\lib\\wasm32-emscripten\\libharfbuzz.a(hb-blob.cc.o)
C:\\Users\\kit\\Documents\\Codex\\2026-10-02\\task-8\\engine-build\\cache\\sysroot\\lib\\wasm32-emscripten\\libharfbuzz.a(hb-fallback-shape.cc.o)
C:\\Users\\kit\\Documents\\Codex\\2026-10-02\\task-8\\engine-build\\cache\\sysroot\\lib\\wasm32-emscripten\\libharfbuzz.a(hb-ft.cc.o)
C:\\Users\\kit\\Documents\\Codex\\2026-10-02\\task-8\\engine-build\\cache\\sysroot\\lib\\wasm32-emscripten\\libharfbuzz.a(hb-number.cc.o)
C:\\Users\\kit\\Documents\\Codex\\2026-10-02\\task-8\\engine-build\\cache\\sysroot\\lib\\wasm32-emscripten\\libharfbuzz.a(hb-ot-face.cc.o)
C:\\Users\\kit\\Documents\\Codex\\2026-10-02\\task-8\\engine-build\\cache\\sysroot\\lib\\wasm32-emscripten\\libharfbuzz.a(hb-ot-font.cc.o)
C:\\Users\\kit\\Documents\\Codex\\2026-10-02\\task-8\\engine-build\\cache\\sysroot\\lib\\wasm32-emscripten\\libharfbuzz.a(hb-ot-cff1-table.cc.o)
C:\\Users\\kit\\Documents\\Codex\\2026-10-02\\task-8\\engine-build\\cache\\sysroot\\lib\\wasm32-emscripten\\libharfbuzz.a(hb-ot-cff2-table.cc.o)
C:\\Users\\kit\\Documents\\Codex\\2026-10-02\\task-8\\engine-build\\cache\\sysroot\\lib\\wasm32-emscripten\\libharfbuzz.a(hb-ot-metrics.cc.o)
C:\\Users\\kit\\Documents\\Codex\\2026-10-02\\task-8\\engine-build\\cache\\sysroot\\lib\\wasm32-emscripten\\libharfbuzz.a(hb-ot-shape.cc.o)
C:\\Users\\kit\\Documents\\Codex\\2026-10-02\\task-8\\engine-build\\cache\\sysroot\\lib\\wasm32-emscripten\\libharfbuzz.a(hb-ot-map.cc.o)
C:\\Users\\kit\\Documents\\Codex\\2026-10-02\\task-8\\engine-build\\cache\\sysroot\\lib\\wasm32-emscripten\\libharfbuzz.a(hb-ot-layout.cc.o)
C:\\Users\\kit\\Documents\\Codex\\2026-10-02\\task-8\\engine-build\\cache\\sysroot\\lib\\wasm32-emscripten\\libharfbuzz.a(hb-aat-layout.cc.o)
C:\\Users\\kit\\Documents\\Codex\\2026-10-02\\task-8\\engine-build\\cache\\sysroot\\lib\\wasm32-emscripten\\libharfbuzz.a(hb-ot-shape-complex-default.cc.o)
C:\\Users\\kit\\Documents\\Codex\\2026-10-02\\task-8\\engine-build\\cache\\sysroot\\lib\\wasm32-emscripten\\libharfbuzz.a(hb-ot-shape-complex-arabic.cc.o)
C:\\Users\\kit\\Documents\\Codex\\2026-10-02\\task-8\\engine-build\\cache\\sysroot\\lib\\wasm32-emscripten\\libharfbuzz.a(hb-ot-shape-complex-thai.cc.o)
C:\\Users\\kit\\Documents\\Codex\\2026-10-02\\task-8\\engine-build\\cache\\sysroot\\lib\\wasm32-emscripten\\libharfbuzz.a(hb-ot-shape-complex-hangul.cc.o)
C:\\Users\\kit\\Documents\\Codex\\2026-10-02\\task-8\\engine-build\\cache\\sysroot\\lib\\wasm32-emscripten\\libharfbuzz.a(hb-ot-shape-complex-hebrew.cc.o)
C:\\Users\\kit\\Documents\\Codex\\2026-10-02\\task-8\\engine-build\\cache\\sysroot\\lib\\wasm32-emscripten\\libharfbuzz.a(hb-ot-shape-complex-use.cc.o)
C:\\Users\\kit\\Documents\\Codex\\2026-10-02\\task-8\\engine-build\\cache\\sysroot\\lib\\wasm32-emscripten\\libharfbuzz.a(hb-ot-shape-complex-vowel-constraints.cc.o)
C:\\Users\\kit\\Documents\\Codex\\2026-10-02\\task-8\\engine-build\\cache\\sysroot\\lib\\wasm32-emscripten\\libharfbuzz.a(hb-ot-shape-complex-syllabic.cc.o)
C:\\Users\\kit\\Documents\\Codex\\2026-10-02\\task-8\\engine-build\\cache\\sysroot\\lib\\wasm32-emscripten\\libharfbuzz.a(hb-ot-shape-complex-indic.cc.o)
C:\\Users\\kit\\Documents\\Codex\\2026-10-02\\task-8\\engine-build\\cache\\sysroot\\lib\\wasm32-emscripten\\libharfbuzz.a(hb-ot-shape-complex-indic-table.cc.o)
C:\\Users\\kit\\Documents\\Codex\\2026-10-02\\task-8\\engine-build\\cache\\sysroot\\lib\\wasm32-emscripten\\libharfbuzz.a(hb-ot-shape-complex-khmer.cc.o)
C:\\Users\\kit\\Documents\\Codex\\2026-10-02\\task-8\\engine-build\\cache\\sysroot\\lib\\wasm32-emscripten\\libharfbuzz.a(hb-ot-shape-complex-myanmar.cc.o)
C:\\Users\\kit\\Documents\\Codex\\2026-10-02\\task-8\\engine-build\\cache\\sysroot\\lib\\wasm32-emscripten\\libharfbuzz.a(hb-aat-map.cc.o)
C:\\Users\\kit\\Documents\\Codex\\2026-10-02\\task-8\\engine-build\\cache\\sysroot\\lib\\wasm32-emscripten\\libharfbuzz.a(hb-ot-shape-fallback.cc.o)
C:\\Users\\kit\\Documents\\Codex\\2026-10-02\\task-8\\engine-build\\cache\\sysroot\\lib\\wasm32-emscripten\\libharfbuzz.a(hb-ot-shape-normalize.cc.o)
C:\\Users\\kit\\Documents\\Codex\\2026-10-02\\task-8\\engine-build\\cache\\sysroot\\lib\\wasm32-emscripten\\libharfbuzz.a(hb-ot-tag.cc.o)
C:\\Users\\kit\\Documents\\Codex\\2026-10-02\\task-8\\engine-build\\cache\\sysroot\\lib\\wasm32-emscripten\\libharfbuzz.a(hb-ot-var.cc.o)
C:\\Users\\kit\\Documents\\Codex\\2026-10-02\\task-8\\engine-build\\cache\\sysroot\\lib\\wasm32-emscripten\\libharfbuzz.a(hb-set.cc.o)
C:\\Users\\kit\\Documents\\Codex\\2026-10-02\\task-8\\engine-build\\cache\\sysroot\\lib\\wasm32-emscripten\\libharfbuzz.a(hb-shape-plan.cc.o)
C:\\Users\\kit\\Documents\\Codex\\2026-10-02\\task-8\\engine-build\\cache\\sysroot\\lib\\wasm32-emscripten\\libharfbuzz.a(hb-shape.cc.o)
C:\\Users\\kit\\Documents\\Codex\\2026-10-02\\task-8\\engine-build\\cache\\sysroot\\lib\\wasm32-emscripten\\libharfbuzz.a(hb-shaper.cc.o)
C:\\Users\\kit\\Documents\\Codex\\2026-10-02\\task-8\\engine-build\\cache\\sysroot\\lib\\wasm32-emscripten\\libharfbuzz.a(hb-static.cc.o)
C:\\Users\\kit\\Documents\\Codex\\2026-10-02\\task-8\\engine-build\\cache\\sysroot\\lib\\wasm32-emscripten\\libharfbuzz.a(hb-unicode.cc.o)
C:\\Users\\kit\\Documents\\Codex\\2026-10-02\\task-8\\engine-build\\cache\\sysroot\\lib\\wasm32-emscripten\\libharfbuzz.a(hb-ucd.cc.o)
C:\\Users\\kit\\Documents\\Codex\\2026-10-02\\task-8\\engine-build\\cache\\sysroot\\lib\\wasm32-emscripten\\libfreetype.a(ftbase.c.o)
C:\\Users\\kit\\Documents\\Codex\\2026-10-02\\task-8\\engine-build\\cache\\sysroot\\lib\\wasm32-emscripten\\libfreetype.a(ftglyph.c.o)
C:\\Users\\kit\\Documents\\Codex\\2026-10-02\\task-8\\engine-build\\cache\\sysroot\\lib\\wasm32-emscripten\\libfreetype.a(ftbitmap.c.o)
C:\\Users\\kit\\Documents\\Codex\\2026-10-02\\task-8\\engine-build\\cache\\sysroot\\lib\\wasm32-emscripten\\libfreetype.a(ftinit.c.o)
C:\\Users\\kit\\Documents\\Codex\\2026-10-02\\task-8\\engine-build\\cache\\sysroot\\lib\\wasm32-emscripten\\libfreetype.a(autofit.c.o)
C:\\Users\\kit\\Documents\\Codex\\2026-10-02\\task-8\\engine-build\\cache\\sysroot\\lib\\wasm32-emscripten\\libfreetype.a(cff.c.o)
C:\\Users\\kit\\Documents\\Codex\\2026-10-02\\task-8\\engine-build\\cache\\sysroot\\lib\\wasm32-emscripten\\libfreetype.a(bdf.c.o)
C:\\Users\\kit\\Documents\\Codex\\2026-10-02\\task-8\\engine-build\\cache\\sysroot\\lib\\wasm32-emscripten\\libfreetype.a(ftmm.c.o)
C:\\Users\\kit\\Documents\\Codex\\2026-10-02\\task-8\\engine-build\\cache\\sysroot\\lib\\wasm32-emscripten\\libfreetype.a(ftstroke.c.o)
C:\\Users\\kit\\Documents\\Codex\\2026-10-02\\task-8\\engine-build\\cache\\sysroot\\lib\\wasm32-emscripten\\libfreetype.a(ftsynth.c.o)
C:\\Users\\kit\\Documents\\Codex\\2026-10-02\\task-8\\engine-build\\cache\\sysroot\\lib\\wasm32-emscripten\\libfreetype.a(ftsystem.c.o)
C:\\Users\\kit\\Documents\\Codex\\2026-10-02\\task-8\\engine-build\\cache\\sysroot\\lib\\wasm32-emscripten\\libfreetype.a(pcf.c.o)
C:\\Users\\kit\\Documents\\Codex\\2026-10-02\\task-8\\engine-build\\cache\\sysroot\\lib\\wasm32-emscripten\\libfreetype.a(ftgzip.c.o)
C:\\Users\\kit\\Documents\\Codex\\2026-10-02\\task-8\\engine-build\\cache\\sysroot\\lib\\wasm32-emscripten\\libfreetype.a(ftlzw.c.o)
C:\\Users\\kit\\Documents\\Codex\\2026-10-02\\task-8\\engine-build\\cache\\sysroot\\lib\\wasm32-emscripten\\libfreetype.a(pfr.c.o)
C:\\Users\\kit\\Documents\\Codex\\2026-10-02\\task-8\\engine-build\\cache\\sysroot\\lib\\wasm32-emscripten\\libfreetype.a(psaux.c.o)
C:\\Users\\kit\\Documents\\Codex\\2026-10-02\\task-8\\engine-build\\cache\\sysroot\\lib\\wasm32-emscripten\\libfreetype.a(pshinter.c.o)
C:\\Users\\kit\\Documents\\Codex\\2026-10-02\\task-8\\engine-build\\cache\\sysroot\\lib\\wasm32-emscripten\\libfreetype.a(psnames.c.o)
C:\\Users\\kit\\Documents\\Codex\\2026-10-02\\task-8\\engine-build\\cache\\sysroot\\lib\\wasm32-emscripten\\libfreetype.a(raster.c.o)
C:\\Users\\kit\\Documents\\Codex\\2026-10-02\\task-8\\engine-build\\cache\\sysroot\\lib\\wasm32-emscripten\\libfreetype.a(sdf.c.o)
C:\\Users\\kit\\Documents\\Codex\\2026-10-02\\task-8\\engine-build\\cache\\sysroot\\lib\\wasm32-emscripten\\libfreetype.a(sfnt.c.o)
C:\\Users\\kit\\Documents\\Codex\\2026-10-02\\task-8\\engine-build\\cache\\sysroot\\lib\\wasm32-emscripten\\libfreetype.a(smooth.c.o)
C:\\Users\\kit\\Documents\\Codex\\2026-10-02\\task-8\\engine-build\\cache\\sysroot\\lib\\wasm32-emscripten\\libfreetype.a(ftdebug.c.o)
C:\\Users\\kit\\Documents\\Codex\\2026-10-02\\task-8\\engine-build\\cache\\sysroot\\lib\\wasm32-emscripten\\libfreetype.a(svg.c.o)
C:\\Users\\kit\\Documents\\Codex\\2026-10-02\\task-8\\engine-build\\cache\\sysroot\\lib\\wasm32-emscripten\\libfreetype.a(truetype.c.o)
C:\\Users\\kit\\Documents\\Codex\\2026-10-02\\task-8\\engine-build\\cache\\sysroot\\lib\\wasm32-emscripten\\libfreetype.a(type1.c.o)
C:\\Users\\kit\\Documents\\Codex\\2026-10-02\\task-8\\engine-build\\cache\\sysroot\\lib\\wasm32-emscripten\\libfreetype.a(type1cid.c.o)
C:\\Users\\kit\\Documents\\Codex\\2026-10-02\\task-8\\engine-build\\cache\\sysroot\\lib\\wasm32-emscripten\\libfreetype.a(type42.c.o)
C:\\Users\\kit\\Documents\\Codex\\2026-10-02\\task-8\\engine-build\\cache\\sysroot\\lib\\wasm32-emscripten\\libfreetype.a(winfnt.c.o)
C:\\Users\\kit\\Documents\\Codex\\2026-10-02\\task-8\\engine-build\\cache\\sysroot\\lib\\wasm32-emscripten\libGL-webgl2-getprocaddr.a(libprocaddr.o)
C:\\Users\\kit\\Documents\\Codex\\2026-10-02\\task-8\\engine-build\\cache\\sysroot\\lib\\wasm32-emscripten\libGL-webgl2-getprocaddr.a(gl.o)
C:\\Users\\kit\\Documents\\Codex\\2026-10-02\\task-8\\engine-build\\cache\\sysroot\\lib\\wasm32-emscripten\libGL-webgl2-getprocaddr.a(webgl1.o)
C:\\Users\\kit\\Documents\\Codex\\2026-10-02\\task-8\\engine-build\\cache\\sysroot\\lib\\wasm32-emscripten\libGL-webgl2-getprocaddr.a(webgl2.o)
C:\\Users\\kit\\Documents\\Codex\\2026-10-02\\task-8\\engine-build\\cache\\sysroot\\lib\\wasm32-emscripten\libhtml5.a(dom_pk_codes.o)
C:\\Users\\kit\\Documents\\Codex\\2026-10-02\\task-8\\engine-build\\cache\\sysroot\\lib\\wasm32-emscripten\libstubs.a(emscripten_libc_stubs.o)
C:\\Users\\kit\\Documents\\Codex\\2026-10-02\\task-8\\engine-build\\cache\\sysroot\\lib\\wasm32-emscripten\libnoexit.a(atexit_dummy.o)
C:\\Users\\kit\\Documents\\Codex\\2026-10-02\\task-8\\engine-build\\cache\\sysroot\\lib\\wasm32-emscripten\libc.a(__errno_location.o)
C:\\Users\\kit\\Documents\\Codex\\2026-10-02\\task-8\\engine-build\\cache\\sysroot\\lib\\wasm32-emscripten\libc.a(abort.o)
C:\\Users\\kit\\Documents\\Codex\\2026-10-02\\task-8\\engine-build\\cache\\sysroot\\lib\\wasm32-emscripten\libc.a(acos.o)
C:\\Users\\kit\\Documents\\Codex\\2026-10-02\\task-8\\engine-build\\cache\\sysroot\\lib\\wasm32-emscripten\libc.a(acosf.o)
C:\\Users\\kit\\Documents\\Codex\\2026-10-02\\task-8\\engine-build\\cache\\sysroot\\lib\\wasm32-emscripten\libc.a(asin.o)
C:\\Users\\kit\\Documents\\Codex\\2026-10-02\\task-8\\engine-build\\cache\\sysroot\\lib\\wasm32-emscripten\libc.a(asinf.o)
C:\\Users\\kit\\Documents\\Codex\\2026-10-02\\task-8\\engine-build\\cache\\sysroot\\lib\\wasm32-emscripten\libc.a(atan.o)
C:\\Users\\kit\\Documents\\Codex\\2026-10-02\\task-8\\engine-build\\cache\\sysroot\\lib\\wasm32-emscripten\libc.a(atan2.o)
C:\\Users\\kit\\Documents\\Codex\\2026-10-02\\task-8\\engine-build\\cache\\sysroot\\lib\\wasm32-emscripten\libc.a(atan2f.o)
C:\\Users\\kit\\Documents\\Codex\\2026-10-02\\task-8\\engine-build\\cache\\sysroot\\lib\\wasm32-emscripten\libc.a(atanf.o)
C:\\Users\\kit\\Documents\\Codex\\2026-10-02\\task-8\\engine-build\\cache\\sysroot\\lib\\wasm32-emscripten\libc.a(atof.o)
C:\\Users\\kit\\Documents\\Codex\\2026-10-02\\task-8\\engine-build\\cache\\sysroot\\lib\\wasm32-emscripten\libc.a(atoi.o)
C:\\Users\\kit\\Documents\\Codex\\2026-10-02\\task-8\\engine-build\\cache\\sysroot\\lib\\wasm32-emscripten\libc.a(bsearch.o)
C:\\Users\\kit\\Documents\\Codex\\2026-10-02\\task-8\\engine-build\\cache\\sysroot\\lib\\wasm32-emscripten\libc.a(cbrt.o)
C:\\Users\\kit\\Documents\\Codex\\2026-10-02\\task-8\\engine-build\\cache\\sysroot\\lib\\wasm32-emscripten\libc.a(cbrtf.o)
C:\\Users\\kit\\Documents\\Codex\\2026-10-02\\task-8\\engine-build\\cache\\sysroot\\lib\\wasm32-emscripten\libc.a(clock_gettime.o)
C:\\Users\\kit\\Documents\\Codex\\2026-10-02\\task-8\\engine-build\\cache\\sysroot\\lib\\wasm32-emscripten\libc.a(close.o)
C:\\Users\\kit\\Documents\\Codex\\2026-10-02\\task-8\\engine-build\\cache\\sysroot\\lib\\wasm32-emscripten\libc.a(cos.o)
C:\\Users\\kit\\Documents\\Codex\\2026-10-02\\task-8\\engine-build\\cache\\sysroot\\lib\\wasm32-emscripten\libc.a(__cos.o)
C:\\Users\\kit\\Documents\\Codex\\2026-10-02\\task-8\\engine-build\\cache\\sysroot\\lib\\wasm32-emscripten\libc.a(__rem_pio2.o)
C:\\Users\\kit\\Documents\\Codex\\2026-10-02\\task-8\\engine-build\\cache\\sysroot\\lib\\wasm32-emscripten\libc.a(__rem_pio2_large.o)
C:\\Users\\kit\\Documents\\Codex\\2026-10-02\\task-8\\engine-build\\cache\\sysroot\\lib\\wasm32-emscripten\libc.a(__sin.o)
C:\\Users\\kit\\Documents\\Codex\\2026-10-02\\task-8\\engine-build\\cache\\sysroot\\lib\\wasm32-emscripten\libc.a(cosf.o)
C:\\Users\\kit\\Documents\\Codex\\2026-10-02\\task-8\\engine-build\\cache\\sysroot\\lib\\wasm32-emscripten\libc.a(__cosdf.o)
C:\\Users\\kit\\Documents\\Codex\\2026-10-02\\task-8\\engine-build\\cache\\sysroot\\lib\\wasm32-emscripten\libc.a(__sindf.o)
C:\\Users\\kit\\Documents\\Codex\\2026-10-02\\task-8\\engine-build\\cache\\sysroot\\lib\\wasm32-emscripten\libc.a(__rem_pio2f.o)
C:\\Users\\kit\\Documents\\Codex\\2026-10-02\\task-8\\engine-build\\cache\\sysroot\\lib\\wasm32-emscripten\libc.a(dlclose.o)
C:\\Users\\kit\\Documents\\Codex\\2026-10-02\\task-8\\engine-build\\cache\\sysroot\\lib\\wasm32-emscripten\libc.a(dlerror.o)
C:\\Users\\kit\\Documents\\Codex\\2026-10-02\\task-8\\engine-build\\cache\\sysroot\\lib\\wasm32-emscripten\libc.a(dlsym.o)
C:\\Users\\kit\\Documents\\Codex\\2026-10-02\\task-8\\engine-build\\cache\\sysroot\\lib\\wasm32-emscripten\libc.a(emscripten_time.o)
C:\\Users\\kit\\Documents\\Codex\\2026-10-02\\task-8\\engine-build\\cache\\sysroot\\lib\\wasm32-emscripten\libc.a(erff.o)
C:\\Users\\kit\\Documents\\Codex\\2026-10-02\\task-8\\engine-build\\cache\\sysroot\\lib\\wasm32-emscripten\libc.a(execvp.o)
C:\\Users\\kit\\Documents\\Codex\\2026-10-02\\task-8\\engine-build\\cache\\sysroot\\lib\\wasm32-emscripten\libc.a(emscripten_memcpy.o)
C:\\Users\\kit\\Documents\\Codex\\2026-10-02\\task-8\\engine-build\\cache\\sysroot\\lib\\wasm32-emscripten\libc.a(emscripten_memcpy_bulkmem.o)
C:\\Users\\kit\\Documents\\Codex\\2026-10-02\\task-8\\engine-build\\cache\\sysroot\\lib\\wasm32-emscripten\libc.a(__environ.o)
C:\\Users\\kit\\Documents\\Codex\\2026-10-02\\task-8\\engine-build\\cache\\sysroot\\lib\\wasm32-emscripten\libc.a(exp.o)
C:\\Users\\kit\\Documents\\Codex\\2026-10-02\\task-8\\engine-build\\cache\\sysroot\\lib\\wasm32-emscripten\libc.a(__math_uflow.o)
C:\\Users\\kit\\Documents\\Codex\\2026-10-02\\task-8\\engine-build\\cache\\sysroot\\lib\\wasm32-emscripten\libc.a(__math_xflow.o)
C:\\Users\\kit\\Documents\\Codex\\2026-10-02\\task-8\\engine-build\\cache\\sysroot\\lib\\wasm32-emscripten\libc.a(__math_oflow.o)
C:\\Users\\kit\\Documents\\Codex\\2026-10-02\\task-8\\engine-build\\cache\\sysroot\\lib\\wasm32-emscripten\libc.a(exp2.o)
C:\\Users\\kit\\Documents\\Codex\\2026-10-02\\task-8\\engine-build\\cache\\sysroot\\lib\\wasm32-emscripten\libc.a(exp2f.o)
C:\\Users\\kit\\Documents\\Codex\\2026-10-02\\task-8\\engine-build\\cache\\sysroot\\lib\\wasm32-emscripten\libc.a(__math_oflowf.o)
C:\\Users\\kit\\Documents\\Codex\\2026-10-02\\task-8\\engine-build\\cache\\sysroot\\lib\\wasm32-emscripten\libc.a(__math_xflowf.o)
C:\\Users\\kit\\Documents\\Codex\\2026-10-02\\task-8\\engine-build\\cache\\sysroot\\lib\\wasm32-emscripten\libc.a(__math_uflowf.o)
C:\\Users\\kit\\Documents\\Codex\\2026-10-02\\task-8\\engine-build\\cache\\sysroot\\lib\\wasm32-emscripten\libc.a(exp2f_data.o)
C:\\Users\\kit\\Documents\\Codex\\2026-10-02\\task-8\\engine-build\\cache\\sysroot\\lib\\wasm32-emscripten\libc.a(exp_data.o)
C:\\Users\\kit\\Documents\\Codex\\2026-10-02\\task-8\\engine-build\\cache\\sysroot\\lib\\wasm32-emscripten\libc.a(expf.o)
C:\\Users\\kit\\Documents\\Codex\\2026-10-02\\task-8\\engine-build\\cache\\sysroot\\lib\\wasm32-emscripten\libc.a(fabs.o)
C:\\Users\\kit\\Documents\\Codex\\2026-10-02\\task-8\\engine-build\\cache\\sysroot\\lib\\wasm32-emscripten\libc.a(fabsf.o)
C:\\Users\\kit\\Documents\\Codex\\2026-10-02\\task-8\\engine-build\\cache\\sysroot\\lib\\wasm32-emscripten\libc.a(fclose.o)
C:\\Users\\kit\\Documents\\Codex\\2026-10-02\\task-8\\engine-build\\cache\\sysroot\\lib\\wasm32-emscripten\libc.a(fcntl.o)
C:\\Users\\kit\\Documents\\Codex\\2026-10-02\\task-8\\engine-build\\cache\\sysroot\\lib\\wasm32-emscripten\libc.a(feof.o)
C:\\Users\\kit\\Documents\\Codex\\2026-10-02\\task-8\\engine-build\\cache\\sysroot\\lib\\wasm32-emscripten\libc.a(ferror.o)
C:\\Users\\kit\\Documents\\Codex\\2026-10-02\\task-8\\engine-build\\cache\\sysroot\\lib\\wasm32-emscripten\libc.a(fflush.o)
C:\\Users\\kit\\Documents\\Codex\\2026-10-02\\task-8\\engine-build\\cache\\sysroot\\lib\\wasm32-emscripten\libc.a(floor.o)
C:\\Users\\kit\\Documents\\Codex\\2026-10-02\\task-8\\engine-build\\cache\\sysroot\\lib\\wasm32-emscripten\libc.a(fmod.o)
C:\\Users\\kit\\Documents\\Codex\\2026-10-02\\task-8\\engine-build\\cache\\sysroot\\lib\\wasm32-emscripten\libc.a(fmodf.o)
C:\\Users\\kit\\Documents\\Codex\\2026-10-02\\task-8\\engine-build\\cache\\sysroot\\lib\\wasm32-emscripten\libc.a(fopen.o)
C:\\Users\\kit\\Documents\\Codex\\2026-10-02\\task-8\\engine-build\\cache\\sysroot\\lib\\wasm32-emscripten\libc.a(__fmodeflags.o)
C:\\Users\\kit\\Documents\\Codex\\2026-10-02\\task-8\\engine-build\\cache\\sysroot\\lib\\wasm32-emscripten\libc.a(__fdopen.o)
C:\\Users\\kit\\Documents\\Codex\\2026-10-02\\task-8\\engine-build\\cache\\sysroot\\lib\\wasm32-emscripten\libc.a(emscripten_memset.o)
C:\\Users\\kit\\Documents\\Codex\\2026-10-02\\task-8\\engine-build\\cache\\sysroot\\lib\\wasm32-emscripten\libc.a(__stdio_seek.o)
C:\\Users\\kit\\Documents\\Codex\\2026-10-02\\task-8\\engine-build\\cache\\sysroot\\lib\\wasm32-emscripten\libc.a(__stdio_write.o)
C:\\Users\\kit\\Documents\\Codex\\2026-10-02\\task-8\\engine-build\\cache\\sysroot\\lib\\wasm32-emscripten\libc.a(__stdio_read.o)
C:\\Users\\kit\\Documents\\Codex\\2026-10-02\\task-8\\engine-build\\cache\\sysroot\\lib\\wasm32-emscripten\libc.a(__stdio_close.o)
C:\\Users\\kit\\Documents\\Codex\\2026-10-02\\task-8\\engine-build\\cache\\sysroot\\lib\\wasm32-emscripten\libc.a(fprintf.o)
C:\\Users\\kit\\Documents\\Codex\\2026-10-02\\task-8\\engine-build\\cache\\sysroot\\lib\\wasm32-emscripten\libc.a(fputc.o)
C:\\Users\\kit\\Documents\\Codex\\2026-10-02\\task-8\\engine-build\\cache\\sysroot\\lib\\wasm32-emscripten\libc.a(__overflow.o)
C:\\Users\\kit\\Documents\\Codex\\2026-10-02\\task-8\\engine-build\\cache\\sysroot\\lib\\wasm32-emscripten\libc.a(__towrite.o)
C:\\Users\\kit\\Documents\\Codex\\2026-10-02\\task-8\\engine-build\\cache\\sysroot\\lib\\wasm32-emscripten\libc.a(__stdio_exit.o)
C:\\Users\\kit\\Documents\\Codex\\2026-10-02\\task-8\\engine-build\\cache\\sysroot\\lib\\wasm32-emscripten\libc.a(__lockfile.o)
C:\\Users\\kit\\Documents\\Codex\\2026-10-02\\task-8\\engine-build\\cache\\sysroot\\lib\\wasm32-emscripten\libc.a(fread.o)
C:\\Users\\kit\\Documents\\Codex\\2026-10-02\\task-8\\engine-build\\cache\\sysroot\\lib\\wasm32-emscripten\libc.a(__toread.o)
C:\\Users\\kit\\Documents\\Codex\\2026-10-02\\task-8\\engine-build\\cache\\sysroot\\lib\\wasm32-emscripten\libc.a(freelocale.o)
C:\\Users\\kit\\Documents\\Codex\\2026-10-02\\task-8\\engine-build\\cache\\sysroot\\lib\\wasm32-emscripten\libc.a(frexp.o)
C:\\Users\\kit\\Documents\\Codex\\2026-10-02\\task-8\\engine-build\\cache\\sysroot\\lib\\wasm32-emscripten\libc.a(fseek.o)
C:\\Users\\kit\\Documents\\Codex\\2026-10-02\\task-8\\engine-build\\cache\\sysroot\\lib\\wasm32-emscripten\libc.a(fstat.o)
C:\\Users\\kit\\Documents\\Codex\\2026-10-02\\task-8\\engine-build\\cache\\sysroot\\lib\\wasm32-emscripten\libc.a(fstatat.o)
C:\\Users\\kit\\Documents\\Codex\\2026-10-02\\task-8\\engine-build\\cache\\sysroot\\lib\\wasm32-emscripten\libc.a(ftell.o)
C:\\Users\\kit\\Documents\\Codex\\2026-10-02\\task-8\\engine-build\\cache\\sysroot\\lib\\wasm32-emscripten\libc.a(ftruncate.o)
C:\\Users\\kit\\Documents\\Codex\\2026-10-02\\task-8\\engine-build\\cache\\sysroot\\lib\\wasm32-emscripten\libc.a(fwrite.o)
C:\\Users\\kit\\Documents\\Codex\\2026-10-02\\task-8\\engine-build\\cache\\sysroot\\lib\\wasm32-emscripten\libc.a(getenv.o)
C:\\Users\\kit\\Documents\\Codex\\2026-10-02\\task-8\\engine-build\\cache\\sysroot\\lib\\wasm32-emscripten\libc.a(getpid.o)
C:\\Users\\kit\\Documents\\Codex\\2026-10-02\\task-8\\engine-build\\cache\\sysroot\\lib\\wasm32-emscripten\libstubs.a(emscripten_syscall_stubs.o)
C:\\Users\\kit\\Documents\\Codex\\2026-10-02\\task-8\\engine-build\\cache\\sysroot\\lib\\wasm32-emscripten\libc.a(gmtime.o)
C:\\Users\\kit\\Documents\\Codex\\2026-10-02\\task-8\\engine-build\\cache\\sysroot\\lib\\wasm32-emscripten\libc.a(hypot.o)
C:\\Users\\kit\\Documents\\Codex\\2026-10-02\\task-8\\engine-build\\cache\\sysroot\\lib\\wasm32-emscripten\libc.a(isalnum.o)
C:\\Users\\kit\\Documents\\Codex\\2026-10-02\\task-8\\engine-build\\cache\\sysroot\\lib\\wasm32-emscripten\libc.a(isblank.o)
C:\\Users\\kit\\Documents\\Codex\\2026-10-02\\task-8\\engine-build\\cache\\sysroot\\lib\\wasm32-emscripten\libc.a(iscntrl.o)
C:\\Users\\kit\\Documents\\Codex\\2026-10-02\\task-8\\engine-build\\cache\\sysroot\\lib\\wasm32-emscripten\libc.a(isprint.o)
C:\\Users\\kit\\Documents\\Codex\\2026-10-02\\task-8\\engine-build\\cache\\sysroot\\lib\\wasm32-emscripten\libc.a(ispunct.o)
C:\\Users\\kit\\Documents\\Codex\\2026-10-02\\task-8\\engine-build\\cache\\sysroot\\lib\\wasm32-emscripten\libc.a(isspace.o)
C:\\Users\\kit\\Documents\\Codex\\2026-10-02\\task-8\\engine-build\\cache\\sysroot\\lib\\wasm32-emscripten\libc.a(iswpunct.o)
C:\\Users\\kit\\Documents\\Codex\\2026-10-02\\task-8\\engine-build\\cache\\sysroot\\lib\\wasm32-emscripten\libc.a(iswspace.o)
C:\\Users\\kit\\Documents\\Codex\\2026-10-02\\task-8\\engine-build\\cache\\sysroot\\lib\\wasm32-emscripten\libc.a(isxdigit.o)
C:\\Users\\kit\\Documents\\Codex\\2026-10-02\\task-8\\engine-build\\cache\\sysroot\\lib\\wasm32-emscripten\libc.a(ldexp.o)
C:\\Users\\kit\\Documents\\Codex\\2026-10-02\\task-8\\engine-build\\cache\\sysroot\\lib\\wasm32-emscripten\libc.a(lgamma_r.o)
C:\\Users\\kit\\Documents\\Codex\\2026-10-02\\task-8\\engine-build\\cache\\sysroot\\lib\\wasm32-emscripten\libc.a(libc.o)
C:\\Users\\kit\\Documents\\Codex\\2026-10-02\\task-8\\engine-build\\cache\\sysroot\\lib\\wasm32-emscripten\libc.a(library_pthread_stub.o)
C:\\Users\\kit\\Documents\\Codex\\2026-10-02\\task-8\\engine-build\\cache\\sysroot\\lib\\wasm32-emscripten\libc.a(emscripten_yield_stub.o)
C:\\Users\\kit\\Documents\\Codex\\2026-10-02\\task-8\\engine-build\\cache\\sysroot\\lib\\wasm32-emscripten\libc.a(localeconv.o)
C:\\Users\\kit\\Documents\\Codex\\2026-10-02\\task-8\\engine-build\\cache\\sysroot\\lib\\wasm32-emscripten\libc.a(localtime.o)
C:\\Users\\kit\\Documents\\Codex\\2026-10-02\\task-8\\engine-build\\cache\\sysroot\\lib\\wasm32-emscripten\libc.a(log.o)
C:\\Users\\kit\\Documents\\Codex\\2026-10-02\\task-8\\engine-build\\cache\\sysroot\\lib\\wasm32-emscripten\libc.a(__math_divzero.o)
C:\\Users\\kit\\Documents\\Codex\\2026-10-02\\task-8\\engine-build\\cache\\sysroot\\lib\\wasm32-emscripten\libc.a(__math_invalid.o)
C:\\Users\\kit\\Documents\\Codex\\2026-10-02\\task-8\\engine-build\\cache\\sysroot\\lib\\wasm32-emscripten\libc.a(log10.o)
C:\\Users\\kit\\Documents\\Codex\\2026-10-02\\task-8\\engine-build\\cache\\sysroot\\lib\\wasm32-emscripten\libc.a(log10f.o)
C:\\Users\\kit\\Documents\\Codex\\2026-10-02\\task-8\\engine-build\\cache\\sysroot\\lib\\wasm32-emscripten\libc.a(log_data.o)
C:\\Users\\kit\\Documents\\Codex\\2026-10-02\\task-8\\engine-build\\cache\\sysroot\\lib\\wasm32-emscripten\libc.a(logf.o)
C:\\Users\\kit\\Documents\\Codex\\2026-10-02\\task-8\\engine-build\\cache\\sysroot\\lib\\wasm32-emscripten\libc.a(__math_divzerof.o)
C:\\Users\\kit\\Documents\\Codex\\2026-10-02\\task-8\\engine-build\\cache\\sysroot\\lib\\wasm32-emscripten\libc.a(__math_invalidf.o)
C:\\Users\\kit\\Documents\\Codex\\2026-10-02\\task-8\\engine-build\\cache\\sysroot\\lib\\wasm32-emscripten\libc.a(logf_data.o)
C:\\Users\\kit\\Documents\\Codex\\2026-10-02\\task-8\\engine-build\\cache\\sysroot\\lib\\wasm32-emscripten\libc.a(lround.o)
C:\\Users\\kit\\Documents\\Codex\\2026-10-02\\task-8\\engine-build\\cache\\sysroot\\lib\\wasm32-emscripten\libc.a(lroundf.o)
C:\\Users\\kit\\Documents\\Codex\\2026-10-02\\task-8\\engine-build\\cache\\sysroot\\lib\\wasm32-emscripten\libc.a(lseek.o)
C:\\Users\\kit\\Documents\\Codex\\2026-10-02\\task-8\\engine-build\\cache\\sysroot\\lib\\wasm32-emscripten\libc.a(mbstowcs.o)
C:\\Users\\kit\\Documents\\Codex\\2026-10-02\\task-8\\engine-build\\cache\\sysroot\\lib\\wasm32-emscripten\libc.a(mbsrtowcs.o)
C:\\Users\\kit\\Documents\\Codex\\2026-10-02\\task-8\\engine-build\\cache\\sysroot\\lib\\wasm32-emscripten\libc.a(internal.o)
C:\\Users\\kit\\Documents\\Codex\\2026-10-02\\task-8\\engine-build\\cache\\sysroot\\lib\\wasm32-emscripten\libc.a(memchr.o)
C:\\Users\\kit\\Documents\\Codex\\2026-10-02\\task-8\\engine-build\\cache\\sysroot\\lib\\wasm32-emscripten\libc.a(memcmp.o)
C:\\Users\\kit\\Documents\\Codex\\2026-10-02\\task-8\\engine-build\\cache\\sysroot\\lib\\wasm32-emscripten\libc.a(mkdir.o)
C:\\Users\\kit\\Documents\\Codex\\2026-10-02\\task-8\\engine-build\\cache\\sysroot\\lib\\wasm32-emscripten\libc.a(mktime.o)
C:\\Users\\kit\\Documents\\Codex\\2026-10-02\\task-8\\engine-build\\cache\\sysroot\\lib\\wasm32-emscripten\libc.a(__tz.o)
C:\\Users\\kit\\Documents\\Codex\\2026-10-02\\task-8\\engine-build\\cache\\sysroot\\lib\\wasm32-emscripten\libc.a(mmap.o)
C:\\Users\\kit\\Documents\\Codex\\2026-10-02\\task-8\\engine-build\\cache\\sysroot\\lib\\wasm32-emscripten\libc.a(emscripten_mmap.o)
C:\\Users\\kit\\Documents\\Codex\\2026-10-02\\task-8\\engine-build\\cache\\sysroot\\lib\\wasm32-emscripten\libc.a(modf.o)
C:\\Users\\kit\\Documents\\Codex\\2026-10-02\\task-8\\engine-build\\cache\\sysroot\\lib\\wasm32-emscripten\libc.a(mprotect.o)
C:\\Users\\kit\\Documents\\Codex\\2026-10-02\\task-8\\engine-build\\cache\\sysroot\\lib\\wasm32-emscripten\libc.a(msync.o)
C:\\Users\\kit\\Documents\\Codex\\2026-10-02\\task-8\\engine-build\\cache\\sysroot\\lib\\wasm32-emscripten\libc.a(munmap.o)
C:\\Users\\kit\\Documents\\Codex\\2026-10-02\\task-8\\engine-build\\cache\\sysroot\\lib\\wasm32-emscripten\libc.a(nanosleep.o)
C:\\Users\\kit\\Documents\\Codex\\2026-10-02\\task-8\\engine-build\\cache\\sysroot\\lib\\wasm32-emscripten\libc.a(clock_nanosleep.o)
C:\\Users\\kit\\Documents\\Codex\\2026-10-02\\task-8\\engine-build\\cache\\sysroot\\lib\\wasm32-emscripten\libc.a(newlocale.o)
C:\\Users\\kit\\Documents\\Codex\\2026-10-02\\task-8\\engine-build\\cache\\sysroot\\lib\\wasm32-emscripten\libc.a(c_locale.o)
C:\\Users\\kit\\Documents\\Codex\\2026-10-02\\task-8\\engine-build\\cache\\sysroot\\lib\\wasm32-emscripten\libc.a(locale_map.o)
C:\\Users\\kit\\Documents\\Codex\\2026-10-02\\task-8\\engine-build\\cache\\sysroot\\lib\\wasm32-emscripten\libc.a(ofl.o)
C:\\Users\\kit\\Documents\\Codex\\2026-10-02\\task-8\\engine-build\\cache\\sysroot\\lib\\wasm32-emscripten\libc.a(ofl_add.o)
C:\\Users\\kit\\Documents\\Codex\\2026-10-02\\task-8\\engine-build\\cache\\sysroot\\lib\\wasm32-emscripten\libc.a(open.o)
C:\\Users\\kit\\Documents\\Codex\\2026-10-02\\task-8\\engine-build\\cache\\sysroot\\lib\\wasm32-emscripten\libc.a(pow.o)
C:\\Users\\kit\\Documents\\Codex\\2026-10-02\\task-8\\engine-build\\cache\\sysroot\\lib\\wasm32-emscripten\libc.a(pow_data.o)
C:\\Users\\kit\\Documents\\Codex\\2026-10-02\\task-8\\engine-build\\cache\\sysroot\\lib\\wasm32-emscripten\libc.a(powf.o)
C:\\Users\\kit\\Documents\\Codex\\2026-10-02\\task-8\\engine-build\\cache\\sysroot\\lib\\wasm32-emscripten\libc.a(powf_data.o)
C:\\Users\\kit\\Documents\\Codex\\2026-10-02\\task-8\\engine-build\\cache\\sysroot\\lib\\wasm32-emscripten\libc.a(printf.o)
C:\\Users\\kit\\Documents\\Codex\\2026-10-02\\task-8\\engine-build\\cache\\sysroot\\lib\\wasm32-emscripten\libc.a(pthread_self.o)
C:\\Users\\kit\\Documents\\Codex\\2026-10-02\\task-8\\engine-build\\cache\\sysroot\\lib\\wasm32-emscripten\libc.a(pthread_self_stub.o)
C:\\Users\\kit\\Documents\\Codex\\2026-10-02\\task-8\\engine-build\\cache\\sysroot\\lib\\wasm32-emscripten\libc.a(default_attr.o)
C:\\Users\\kit\\Documents\\Codex\\2026-10-02\\task-8\\engine-build\\cache\\sysroot\\lib\\wasm32-emscripten\libc.a(qsort_nr.o)
C:\\Users\\kit\\Documents\\Codex\\2026-10-02\\task-8\\engine-build\\cache\\sysroot\\lib\\wasm32-emscripten\libc.a(qsort.o)
C:\\Users\\kit\\Documents\\Codex\\2026-10-02\\task-8\\engine-build\\cache\\sysroot\\lib\\wasm32-emscripten\libc.a(raise.o)
C:\\Users\\kit\\Documents\\Codex\\2026-10-02\\task-8\\engine-build\\cache\\sysroot\\lib\\wasm32-emscripten\libc.a(_Exit.o)
C:\\Users\\kit\\Documents\\Codex\\2026-10-02\\task-8\\engine-build\\cache\\sysroot\\lib\\wasm32-emscripten\libc.a(pthread_sigmask.o)
C:\\Users\\kit\\Documents\\Codex\\2026-10-02\\task-8\\engine-build\\cache\\sysroot\\lib\\wasm32-emscripten\libc.a(read.o)
C:\\Users\\kit\\Documents\\Codex\\2026-10-02\\task-8\\engine-build\\cache\\sysroot\\lib\\wasm32-emscripten\libc.a(realpath.o)
C:\\Users\\kit\\Documents\\Codex\\2026-10-02\\task-8\\engine-build\\cache\\sysroot\\lib\\wasm32-emscripten\libc.a(getcwd.o)
C:\\Users\\kit\\Documents\\Codex\\2026-10-02\\task-8\\engine-build\\cache\\sysroot\\lib\\wasm32-emscripten\libc.a(emscripten_memmove.o)
C:\\Users\\kit\\Documents\\Codex\\2026-10-02\\task-8\\engine-build\\cache\\sysroot\\lib\\wasm32-emscripten\libc.a(readlink.o)
C:\\Users\\kit\\Documents\\Codex\\2026-10-02\\task-8\\engine-build\\cache\\sysroot\\lib\\wasm32-emscripten\libc.a(remove.o)
C:\\Users\\kit\\Documents\\Codex\\2026-10-02\\task-8\\engine-build\\cache\\sysroot\\lib\\wasm32-emscripten\libc.a(round.o)
C:\\Users\\kit\\Documents\\Codex\\2026-10-02\\task-8\\engine-build\\cache\\sysroot\\lib\\wasm32-emscripten\libc.a(roundf.o)
C:\\Users\\kit\\Documents\\Codex\\2026-10-02\\task-8\\engine-build\\cache\\sysroot\\lib\\wasm32-emscripten\libc.a(scalbn.o)
C:\\Users\\kit\\Documents\\Codex\\2026-10-02\\task-8\\engine-build\\cache\\sysroot\\lib\\wasm32-emscripten\libc.a(scalbnf.o)
C:\\Users\\kit\\Documents\\Codex\\2026-10-02\\task-8\\engine-build\\cache\\sysroot\\lib\\wasm32-emscripten\libc.a(setenv.o)
C:\\Users\\kit\\Documents\\Codex\\2026-10-02\\task-8\\engine-build\\cache\\sysroot\\lib\\wasm32-emscripten\libc.a(putenv.o)
C:\\Users\\kit\\Documents\\Codex\\2026-10-02\\task-8\\engine-build\\cache\\sysroot\\lib\\wasm32-emscripten\libc.a(setlocale.o)
C:\\Users\\kit\\Documents\\Codex\\2026-10-02\\task-8\\engine-build\\cache\\sysroot\\lib\\wasm32-emscripten\libc.a(sigaction.o)
C:\\Users\\kit\\Documents\\Codex\\2026-10-02\\task-8\\engine-build\\cache\\sysroot\\lib\\wasm32-emscripten\libc.a(sigaddset.o)
C:\\Users\\kit\\Documents\\Codex\\2026-10-02\\task-8\\engine-build\\cache\\sysroot\\lib\\wasm32-emscripten\libc.a(sigandset.o)
C:\\Users\\kit\\Documents\\Codex\\2026-10-02\\task-8\\engine-build\\cache\\sysroot\\lib\\wasm32-emscripten\libc.a(sigdelset.o)
C:\\Users\\kit\\Documents\\Codex\\2026-10-02\\task-8\\engine-build\\cache\\sysroot\\lib\\wasm32-emscripten\libc.a(sigemptyset.o)
C:\\Users\\kit\\Documents\\Codex\\2026-10-02\\task-8\\engine-build\\cache\\sysroot\\lib\\wasm32-emscripten\libc.a(sigismember.o)
C:\\Users\\kit\\Documents\\Codex\\2026-10-02\\task-8\\engine-build\\cache\\sysroot\\lib\\wasm32-emscripten\libc.a(signal.o)
C:\\Users\\kit\\Documents\\Codex\\2026-10-02\\task-8\\engine-build\\cache\\sysroot\\lib\\wasm32-emscripten\libc.a(sigorset.o)
C:\\Users\\kit\\Documents\\Codex\\2026-10-02\\task-8\\engine-build\\cache\\sysroot\\lib\\wasm32-emscripten\libc.a(sin.o)
C:\\Users\\kit\\Documents\\Codex\\2026-10-02\\task-8\\engine-build\\cache\\sysroot\\lib\\wasm32-emscripten\libc.a(sinf.o)
C:\\Users\\kit\\Documents\\Codex\\2026-10-02\\task-8\\engine-build\\cache\\sysroot\\lib\\wasm32-emscripten\libc.a(snprintf.o)
C:\\Users\\kit\\Documents\\Codex\\2026-10-02\\task-8\\engine-build\\cache\\sysroot\\lib\\wasm32-emscripten\libc.a(sprintf.o)
C:\\Users\\kit\\Documents\\Codex\\2026-10-02\\task-8\\engine-build\\cache\\sysroot\\lib\\wasm32-emscripten\libc.a(sqrt.o)
C:\\Users\\kit\\Documents\\Codex\\2026-10-02\\task-8\\engine-build\\cache\\sysroot\\lib\\wasm32-emscripten\libc.a(sqrtf.o)
C:\\Users\\kit\\Documents\\Codex\\2026-10-02\\task-8\\engine-build\\cache\\sysroot\\lib\\wasm32-emscripten\libc.a(sscanf.o)
C:\\Users\\kit\\Documents\\Codex\\2026-10-02\\task-8\\engine-build\\cache\\sysroot\\lib\\wasm32-emscripten\libc.a(stat.o)
C:\\Users\\kit\\Documents\\Codex\\2026-10-02\\task-8\\engine-build\\cache\\sysroot\\lib\\wasm32-emscripten\libc.a(stderr.o)
C:\\Users\\kit\\Documents\\Codex\\2026-10-02\\task-8\\engine-build\\cache\\sysroot\\lib\\wasm32-emscripten\libc.a(stdout.o)
C:\\Users\\kit\\Documents\\Codex\\2026-10-02\\task-8\\engine-build\\cache\\sysroot\\lib\\wasm32-emscripten\libc.a(strcasecmp.o)
C:\\Users\\kit\\Documents\\Codex\\2026-10-02\\task-8\\engine-build\\cache\\sysroot\\lib\\wasm32-emscripten\libc.a(strcat.o)
C:\\Users\\kit\\Documents\\Codex\\2026-10-02\\task-8\\engine-build\\cache\\sysroot\\lib\\wasm32-emscripten\libc.a(strchr.o)
C:\\Users\\kit\\Documents\\Codex\\2026-10-02\\task-8\\engine-build\\cache\\sysroot\\lib\\wasm32-emscripten\libc.a(strchrnul.o)
C:\\Users\\kit\\Documents\\Codex\\2026-10-02\\task-8\\engine-build\\cache\\sysroot\\lib\\wasm32-emscripten\libc.a(strcmp.o)
C:\\Users\\kit\\Documents\\Codex\\2026-10-02\\task-8\\engine-build\\cache\\sysroot\\lib\\wasm32-emscripten\libc.a(strcpy.o)
C:\\Users\\kit\\Documents\\Codex\\2026-10-02\\task-8\\engine-build\\cache\\sysroot\\lib\\wasm32-emscripten\libc.a(stpcpy.o)
C:\\Users\\kit\\Documents\\Codex\\2026-10-02\\task-8\\engine-build\\cache\\sysroot\\lib\\wasm32-emscripten\libc.a(strdup.o)
C:\\Users\\kit\\Documents\\Codex\\2026-10-02\\task-8\\engine-build\\cache\\sysroot\\lib\\wasm32-emscripten\libc.a(strerror.o)
C:\\Users\\kit\\Documents\\Codex\\2026-10-02\\task-8\\engine-build\\cache\\sysroot\\lib\\wasm32-emscripten\libc.a(strftime.o)
C:\\Users\\kit\\Documents\\Codex\\2026-10-02\\task-8\\engine-build\\cache\\sysroot\\lib\\wasm32-emscripten\libc.a(__tm_to_secs.o)
C:\\Users\\kit\\Documents\\Codex\\2026-10-02\\task-8\\engine-build\\cache\\sysroot\\lib\\wasm32-emscripten\libc.a(__year_to_secs.o)
C:\\Users\\kit\\Documents\\Codex\\2026-10-02\\task-8\\engine-build\\cache\\sysroot\\lib\\wasm32-emscripten\libc.a(__month_to_secs.o)
C:\\Users\\kit\\Documents\\Codex\\2026-10-02\\task-8\\engine-build\\cache\\sysroot\\lib\\wasm32-emscripten\libc.a(langinfo.o)
C:\\Users\\kit\\Documents\\Codex\\2026-10-02\\task-8\\engine-build\\cache\\sysroot\\lib\\wasm32-emscripten\libc.a(strlcat.o)
C:\\Users\\kit\\Documents\\Codex\\2026-10-02\\task-8\\engine-build\\cache\\sysroot\\lib\\wasm32-emscripten\libc.a(strlcpy.o)
C:\\Users\\kit\\Documents\\Codex\\2026-10-02\\task-8\\engine-build\\cache\\sysroot\\lib\\wasm32-emscripten\libc.a(strlen.o)
C:\\Users\\kit\\Documents\\Codex\\2026-10-02\\task-8\\engine-build\\cache\\sysroot\\lib\\wasm32-emscripten\libc.a(strncasecmp.o)
C:\\Users\\kit\\Documents\\Codex\\2026-10-02\\task-8\\engine-build\\cache\\sysroot\\lib\\wasm32-emscripten\libc.a(strncmp.o)
C:\\Users\\kit\\Documents\\Codex\\2026-10-02\\task-8\\engine-build\\cache\\sysroot\\lib\\wasm32-emscripten\libc.a(strncpy.o)
C:\\Users\\kit\\Documents\\Codex\\2026-10-02\\task-8\\engine-build\\cache\\sysroot\\lib\\wasm32-emscripten\libc.a(stpncpy.o)
C:\\Users\\kit\\Documents\\Codex\\2026-10-02\\task-8\\engine-build\\cache\\sysroot\\lib\\wasm32-emscripten\libc.a(strnlen.o)
C:\\Users\\kit\\Documents\\Codex\\2026-10-02\\task-8\\engine-build\\cache\\sysroot\\lib\\wasm32-emscripten\libc.a(strpbrk.o)
C:\\Users\\kit\\Documents\\Codex\\2026-10-02\\task-8\\engine-build\\cache\\sysroot\\lib\\wasm32-emscripten\libc.a(strcspn.o)
C:\\Users\\kit\\Documents\\Codex\\2026-10-02\\task-8\\engine-build\\cache\\sysroot\\lib\\wasm32-emscripten\libc.a(strrchr.o)
C:\\Users\\kit\\Documents\\Codex\\2026-10-02\\task-8\\engine-build\\cache\\sysroot\\lib\\wasm32-emscripten\libc.a(memrchr.o)
C:\\Users\\kit\\Documents\\Codex\\2026-10-02\\task-8\\engine-build\\cache\\sysroot\\lib\\wasm32-emscripten\libc.a(strstr.o)
C:\\Users\\kit\\Documents\\Codex\\2026-10-02\\task-8\\engine-build\\cache\\sysroot\\lib\\wasm32-emscripten\libc.a(strtod.o)
C:\\Users\\kit\\Documents\\Codex\\2026-10-02\\task-8\\engine-build\\cache\\sysroot\\lib\\wasm32-emscripten\libc.a(shgetc.o)
C:\\Users\\kit\\Documents\\Codex\\2026-10-02\\task-8\\engine-build\\cache\\sysroot\\lib\\wasm32-emscripten\libc.a(__uflow.o)
C:\\Users\\kit\\Documents\\Codex\\2026-10-02\\task-8\\engine-build\\cache\\sysroot\\lib\\wasm32-emscripten\libc.a(floatscan.o)
C:\\Users\\kit\\Documents\\Codex\\2026-10-02\\task-8\\engine-build\\cache\\sysroot\\lib\\wasm32-emscripten\libc.a(copysignl.o)
C:\\Users\\kit\\Documents\\Codex\\2026-10-02\\task-8\\engine-build\\cache\\sysroot\\lib\\wasm32-emscripten\libc.a(scalbnl.o)
C:\\Users\\kit\\Documents\\Codex\\2026-10-02\\task-8\\engine-build\\cache\\sysroot\\lib\\wasm32-emscripten\libc.a(fmodl.o)
C:\\Users\\kit\\Documents\\Codex\\2026-10-02\\task-8\\engine-build\\cache\\sysroot\\lib\\wasm32-emscripten\libc.a(__fpclassifyl.o)
C:\\Users\\kit\\Documents\\Codex\\2026-10-02\\task-8\\engine-build\\cache\\sysroot\\lib\\wasm32-emscripten\libc.a(fabsl.o)
C:\\Users\\kit\\Documents\\Codex\\2026-10-02\\task-8\\engine-build\\cache\\sysroot\\lib\\wasm32-emscripten\libc.a(strtod_l.o)
C:\\Users\\kit\\Documents\\Codex\\2026-10-02\\task-8\\engine-build\\cache\\sysroot\\lib\\wasm32-emscripten\libc.a(strtol.o)
C:\\Users\\kit\\Documents\\Codex\\2026-10-02\\task-8\\engine-build\\cache\\sysroot\\lib\\wasm32-emscripten\libc.a(strtol_l.o)
C:\\Users\\kit\\Documents\\Codex\\2026-10-02\\task-8\\engine-build\\cache\\sysroot\\lib\\wasm32-emscripten\libc.a(syscall_ret.o)
C:\\Users\\kit\\Documents\\Codex\\2026-10-02\\task-8\\engine-build\\cache\\sysroot\\lib\\wasm32-emscripten\libc.a(sysconf.o)
C:\\Users\\kit\\Documents\\Codex\\2026-10-02\\task-8\\engine-build\\cache\\sysroot\\lib\\wasm32-emscripten\libc.a(tan.o)
C:\\Users\\kit\\Documents\\Codex\\2026-10-02\\task-8\\engine-build\\cache\\sysroot\\lib\\wasm32-emscripten\libc.a(__tan.o)
C:\\Users\\kit\\Documents\\Codex\\2026-10-02\\task-8\\engine-build\\cache\\sysroot\\lib\\wasm32-emscripten\libc.a(tanf.o)
C:\\Users\\kit\\Documents\\Codex\\2026-10-02\\task-8\\engine-build\\cache\\sysroot\\lib\\wasm32-emscripten\libc.a(__tandf.o)
C:\\Users\\kit\\Documents\\Codex\\2026-10-02\\task-8\\engine-build\\cache\\sysroot\\lib\\wasm32-emscripten\libc.a(tanh.o)
C:\\Users\\kit\\Documents\\Codex\\2026-10-02\\task-8\\engine-build\\cache\\sysroot\\lib\\wasm32-emscripten\libc.a(expm1.o)
C:\\Users\\kit\\Documents\\Codex\\2026-10-02\\task-8\\engine-build\\cache\\sysroot\\lib\\wasm32-emscripten\libc.a(timespec_get.o)
C:\\Users\\kit\\Documents\\Codex\\2026-10-02\\task-8\\engine-build\\cache\\sysroot\\lib\\wasm32-emscripten\libc.a(tolower.o)
C:\\Users\\kit\\Documents\\Codex\\2026-10-02\\task-8\\engine-build\\cache\\sysroot\\lib\\wasm32-emscripten\libc.a(toupper.o)
C:\\Users\\kit\\Documents\\Codex\\2026-10-02\\task-8\\engine-build\\cache\\sysroot\\lib\\wasm32-emscripten\libc.a(towctrans.o)
C:\\Users\\kit\\Documents\\Codex\\2026-10-02\\task-8\\engine-build\\cache\\sysroot\\lib\\wasm32-emscripten\libc.a(unsetenv.o)
C:\\Users\\kit\\Documents\\Codex\\2026-10-02\\task-8\\engine-build\\cache\\sysroot\\lib\\wasm32-emscripten\libc.a(uselocale.o)
C:\\Users\\kit\\Documents\\Codex\\2026-10-02\\task-8\\engine-build\\cache\\sysroot\\lib\\wasm32-emscripten\libc.a(vfprintf.o)
C:\\Users\\kit\\Documents\\Codex\\2026-10-02\\task-8\\engine-build\\cache\\sysroot\\lib\\wasm32-emscripten\libc.a(vsnprintf.o)
C:\\Users\\kit\\Documents\\Codex\\2026-10-02\\task-8\\engine-build\\cache\\sysroot\\lib\\wasm32-emscripten\libc.a(vsprintf.o)
C:\\Users\\kit\\Documents\\Codex\\2026-10-02\\task-8\\engine-build\\cache\\sysroot\\lib\\wasm32-emscripten\libc.a(vsscanf.o)
C:\\Users\\kit\\Documents\\Codex\\2026-10-02\\task-8\\engine-build\\cache\\sysroot\\lib\\wasm32-emscripten\libc.a(vfscanf.o)
C:\\Users\\kit\\Documents\\Codex\\2026-10-02\\task-8\\engine-build\\cache\\sysroot\\lib\\wasm32-emscripten\libc.a(intscan.o)
C:\\Users\\kit\\Documents\\Codex\\2026-10-02\\task-8\\engine-build\\cache\\sysroot\\lib\\wasm32-emscripten\libc.a(mbrtowc.o)
C:\\Users\\kit\\Documents\\Codex\\2026-10-02\\task-8\\engine-build\\cache\\sysroot\\lib\\wasm32-emscripten\libc.a(mbsinit.o)
C:\\Users\\kit\\Documents\\Codex\\2026-10-02\\task-8\\engine-build\\cache\\sysroot\\lib\\wasm32-emscripten\libc.a(waitpid.o)
C:\\Users\\kit\\Documents\\Codex\\2026-10-02\\task-8\\engine-build\\cache\\sysroot\\lib\\wasm32-emscripten\libc.a(wasi-helpers.o)
C:\\Users\\kit\\Documents\\Codex\\2026-10-02\\task-8\\engine-build\\cache\\sysroot\\lib\\wasm32-emscripten\libc.a(wcscasecmp.o)
C:\\Users\\kit\\Documents\\Codex\\2026-10-02\\task-8\\engine-build\\cache\\sysroot\\lib\\wasm32-emscripten\libc.a(wcschr.o)
C:\\Users\\kit\\Documents\\Codex\\2026-10-02\\task-8\\engine-build\\cache\\sysroot\\lib\\wasm32-emscripten\libc.a(wcscmp.o)
C:\\Users\\kit\\Documents\\Codex\\2026-10-02\\task-8\\engine-build\\cache\\sysroot\\lib\\wasm32-emscripten\libc.a(wcslen.o)
C:\\Users\\kit\\Documents\\Codex\\2026-10-02\\task-8\\engine-build\\cache\\sysroot\\lib\\wasm32-emscripten\libc.a(wcsncasecmp.o)
C:\\Users\\kit\\Documents\\Codex\\2026-10-02\\task-8\\engine-build\\cache\\sysroot\\lib\\wasm32-emscripten\libc.a(wcsncmp.o)
C:\\Users\\kit\\Documents\\Codex\\2026-10-02\\task-8\\engine-build\\cache\\sysroot\\lib\\wasm32-emscripten\libc.a(wcsstr.o)
C:\\Users\\kit\\Documents\\Codex\\2026-10-02\\task-8\\engine-build\\cache\\sysroot\\lib\\wasm32-emscripten\libc.a(wcstombs.o)
C:\\Users\\kit\\Documents\\Codex\\2026-10-02\\task-8\\engine-build\\cache\\sysroot\\lib\\wasm32-emscripten\libc.a(wcsrtombs.o)
C:\\Users\\kit\\Documents\\Codex\\2026-10-02\\task-8\\engine-build\\cache\\sysroot\\lib\\wasm32-emscripten\libc.a(wcrtomb.o)
C:\\Users\\kit\\Documents\\Codex\\2026-10-02\\task-8\\engine-build\\cache\\sysroot\\lib\\wasm32-emscripten\libc.a(wctomb.o)
C:\\Users\\kit\\Documents\\Codex\\2026-10-02\\task-8\\engine-build\\cache\\sysroot\\lib\\wasm32-emscripten\libc.a(wmemchr.o)
C:\\Users\\kit\\Documents\\Codex\\2026-10-02\\task-8\\engine-build\\cache\\sysroot\\lib\\wasm32-emscripten\libc.a(wmemcmp.o)
C:\\Users\\kit\\Documents\\Codex\\2026-10-02\\task-8\\engine-build\\cache\\sysroot\\lib\\wasm32-emscripten\libc.a(write.o)
C:\\Users\\kit\\Documents\\Codex\\2026-10-02\\task-8\\engine-build\\cache\\sysroot\\lib\\wasm32-emscripten\libdlmalloc.a(dlmalloc.o)
C:\\Users\\kit\\Documents\\Codex\\2026-10-02\\task-8\\engine-build\\cache\\sysroot\\lib\\wasm32-emscripten\libdlmalloc.a(sbrk.o)
C:\\Users\\kit\\Documents\\Codex\\2026-10-02\\task-8\\engine-build\\cache\\sysroot\\lib\\wasm32-emscripten\libc.a(emscripten_get_heap_size.o)
C:\\Users\\kit\\Documents\\Codex\\2026-10-02\\task-8\\engine-build\\cache\\sysroot\\lib\\wasm32-emscripten\libclang_rt.builtins.a(addtf3.o)
C:\\Users\\kit\\Documents\\Codex\\2026-10-02\\task-8\\engine-build\\cache\\sysroot\\lib\\wasm32-emscripten\libclang_rt.builtins.a(ashlti3.o)
C:\\Users\\kit\\Documents\\Codex\\2026-10-02\\task-8\\engine-build\\cache\\sysroot\\lib\\wasm32-emscripten\libclang_rt.builtins.a(comparetf2.o)
C:\\Users\\kit\\Documents\\Codex\\2026-10-02\\task-8\\engine-build\\cache\\sysroot\\lib\\wasm32-emscripten\libclang_rt.builtins.a(divtf3.o)
C:\\Users\\kit\\Documents\\Codex\\2026-10-02\\task-8\\engine-build\\cache\\sysroot\\lib\\wasm32-emscripten\libclang_rt.builtins.a(divti3.o)
C:\\Users\\kit\\Documents\\Codex\\2026-10-02\\task-8\\engine-build\\cache\\sysroot\\lib\\wasm32-emscripten\libclang_rt.builtins.a(emscripten_exception_builtins.o)
C:\\Users\\kit\\Documents\\Codex\\2026-10-02\\task-8\\engine-build\\cache\\sysroot\\lib\\wasm32-emscripten\libclang_rt.builtins.a(emscripten_setjmp.o)
C:\\Users\\kit\\Documents\\Codex\\2026-10-02\\task-8\\engine-build\\cache\\sysroot\\lib\\wasm32-emscripten\libclang_rt.builtins.a(emscripten_tempret.o)
C:\\Users\\kit\\Documents\\Codex\\2026-10-02\\task-8\\engine-build\\cache\\sysroot\\lib\\wasm32-emscripten\libclang_rt.builtins.a(extenddftf2.o)
C:\\Users\\kit\\Documents\\Codex\\2026-10-02\\task-8\\engine-build\\cache\\sysroot\\lib\\wasm32-emscripten\libclang_rt.builtins.a(extendsftf2.o)
C:\\Users\\kit\\Documents\\Codex\\2026-10-02\\task-8\\engine-build\\cache\\sysroot\\lib\\wasm32-emscripten\libclang_rt.builtins.a(floatditf.o)
C:\\Users\\kit\\Documents\\Codex\\2026-10-02\\task-8\\engine-build\\cache\\sysroot\\lib\\wasm32-emscripten\libclang_rt.builtins.a(floatsitf.o)
C:\\Users\\kit\\Documents\\Codex\\2026-10-02\\task-8\\engine-build\\cache\\sysroot\\lib\\wasm32-emscripten\libclang_rt.builtins.a(floatunsitf.o)
C:\\Users\\kit\\Documents\\Codex\\2026-10-02\\task-8\\engine-build\\cache\\sysroot\\lib\\wasm32-emscripten\libclang_rt.builtins.a(fp_mode.o)
C:\\Users\\kit\\Documents\\Codex\\2026-10-02\\task-8\\engine-build\\cache\\sysroot\\lib\\wasm32-emscripten\libclang_rt.builtins.a(lshrti3.o)
C:\\Users\\kit\\Documents\\Codex\\2026-10-02\\task-8\\engine-build\\cache\\sysroot\\lib\\wasm32-emscripten\libclang_rt.builtins.a(muldc3.o)
C:\\Users\\kit\\Documents\\Codex\\2026-10-02\\task-8\\engine-build\\cache\\sysroot\\lib\\wasm32-emscripten\libclang_rt.builtins.a(multf3.o)
C:\\Users\\kit\\Documents\\Codex\\2026-10-02\\task-8\\engine-build\\cache\\sysroot\\lib\\wasm32-emscripten\libclang_rt.builtins.a(multi3.o)
C:\\Users\\kit\\Documents\\Codex\\2026-10-02\\task-8\\engine-build\\cache\\sysroot\\lib\\wasm32-emscripten\libclang_rt.builtins.a(stack_limits.o)
C:\\Users\\kit\\Documents\\Codex\\2026-10-02\\task-8\\engine-build\\cache\\sysroot\\lib\\wasm32-emscripten\libclang_rt.builtins.a(subtf3.o)
C:\\Users\\kit\\Documents\\Codex\\2026-10-02\\task-8\\engine-build\\cache\\sysroot\\lib\\wasm32-emscripten\libclang_rt.builtins.a(trunctfdf2.o)
C:\\Users\\kit\\Documents\\Codex\\2026-10-02\\task-8\\engine-build\\cache\\sysroot\\lib\\wasm32-emscripten\libclang_rt.builtins.a(trunctfsf2.o)
C:\\Users\\kit\\Documents\\Codex\\2026-10-02\\task-8\\engine-build\\cache\\sysroot\\lib\\wasm32-emscripten\libclang_rt.builtins.a(udivmodti4.o)
C:\\Users\\kit\\Documents\\Codex\\2026-10-02\\task-8\\engine-build\\cache\\sysroot\\lib\\wasm32-emscripten\libc++.a(algorithm.o)
C:\\Users\\kit\\Documents\\Codex\\2026-10-02\\task-8\\engine-build\\cache\\sysroot\\lib\\wasm32-emscripten\libc++.a(chrono.o)
C:\\Users\\kit\\Documents\\Codex\\2026-10-02\\task-8\\engine-build\\cache\\sysroot\\lib\\wasm32-emscripten\libc++.a(directory_iterator.o)
C:\\Users\\kit\\Documents\\Codex\\2026-10-02\\task-8\\engine-build\\cache\\sysroot\\lib\\wasm32-emscripten\libc.a(opendir.o)
C:\\Users\\kit\\Documents\\Codex\\2026-10-02\\task-8\\engine-build\\cache\\sysroot\\lib\\wasm32-emscripten\libc.a(readdir.o)
C:\\Users\\kit\\Documents\\Codex\\2026-10-02\\task-8\\engine-build\\cache\\sysroot\\lib\\wasm32-emscripten\libc.a(closedir.o)
C:\\Users\\kit\\Documents\\Codex\\2026-10-02\\task-8\\engine-build\\cache\\sysroot\\lib\\wasm32-emscripten\libc++.a(exception.o)
C:\\Users\\kit\\Documents\\Codex\\2026-10-02\\task-8\\engine-build\\cache\\sysroot\\lib\\wasm32-emscripten\libc++.a(filesystem_clock.o)
C:\\Users\\kit\\Documents\\Codex\\2026-10-02\\task-8\\engine-build\\cache\\sysroot\\lib\\wasm32-emscripten\libc++.a(filesystem_error.o)
C:\\Users\\kit\\Documents\\Codex\\2026-10-02\\task-8\\engine-build\\cache\\sysroot\\lib\\wasm32-emscripten\libc++.a(functional.o)
C:\\Users\\kit\\Documents\\Codex\\2026-10-02\\task-8\\engine-build\\cache\\sysroot\\lib\\wasm32-emscripten\libc++.a(hash.o)
C:\\Users\\kit\\Documents\\Codex\\2026-10-02\\task-8\\engine-build\\cache\\sysroot\\lib\\wasm32-emscripten\libc++.a(ios.instantiations.o)
C:\\Users\\kit\\Documents\\Codex\\2026-10-02\\task-8\\engine-build\\cache\\sysroot\\lib\\wasm32-emscripten\libc.a(setbuf.o)
C:\\Users\\kit\\Documents\\Codex\\2026-10-02\\task-8\\engine-build\\cache\\sysroot\\lib\\wasm32-emscripten\libc.a(setvbuf.o)
C:\\Users\\kit\\Documents\\Codex\\2026-10-02\\task-8\\engine-build\\cache\\sysroot\\lib\\wasm32-emscripten\libc++.a(ios.o)
C:\\Users\\kit\\Documents\\Codex\\2026-10-02\\task-8\\engine-build\\cache\\sysroot\\lib\\wasm32-emscripten\libc++.a(error_category.o)
C:\\Users\\kit\\Documents\\Codex\\2026-10-02\\task-8\\engine-build\\cache\\sysroot\\lib\\wasm32-emscripten\libc++.a(iostream.o)
C:\\Users\\kit\\Documents\\Codex\\2026-10-02\\task-8\\engine-build\\cache\\sysroot\\lib\\wasm32-emscripten\libc.a(stdin.o)
C:\\Users\\kit\\Documents\\Codex\\2026-10-02\\task-8\\engine-build\\cache\\sysroot\\lib\\wasm32-emscripten\libc.a(ungetc.o)
C:\\Users\\kit\\Documents\\Codex\\2026-10-02\\task-8\\engine-build\\cache\\sysroot\\lib\\wasm32-emscripten\libc.a(getc.o)
C:\\Users\\kit\\Documents\\Codex\\2026-10-02\\task-8\\engine-build\\cache\\sysroot\\lib\\wasm32-emscripten\libc.a(ungetwc.o)
C:\\Users\\kit\\Documents\\Codex\\2026-10-02\\task-8\\engine-build\\cache\\sysroot\\lib\\wasm32-emscripten\libc.a(fwide.o)
C:\\Users\\kit\\Documents\\Codex\\2026-10-02\\task-8\\engine-build\\cache\\sysroot\\lib\\wasm32-emscripten\libc.a(getwc.o)
C:\\Users\\kit\\Documents\\Codex\\2026-10-02\\task-8\\engine-build\\cache\\sysroot\\lib\\wasm32-emscripten\libc.a(fgetwc.o)
C:\\Users\\kit\\Documents\\Codex\\2026-10-02\\task-8\\engine-build\\cache\\sysroot\\lib\\wasm32-emscripten\libc.a(mbtowc.o)
C:\\Users\\kit\\Documents\\Codex\\2026-10-02\\task-8\\engine-build\\cache\\sysroot\\lib\\wasm32-emscripten\libc.a(fputwc.o)
C:\\Users\\kit\\Documents\\Codex\\2026-10-02\\task-8\\engine-build\\cache\\sysroot\\lib\\wasm32-emscripten\libc++.a(locale.o)
C:\\Users\\kit\\Documents\\Codex\\2026-10-02\\task-8\\engine-build\\cache\\sysroot\\lib\\wasm32-emscripten\libc++.a(call_once.o)
C:\\Users\\kit\\Documents\\Codex\\2026-10-02\\task-8\\engine-build\\cache\\sysroot\\lib\\wasm32-emscripten\libc.a(strcoll.o)
C:\\Users\\kit\\Documents\\Codex\\2026-10-02\\task-8\\engine-build\\cache\\sysroot\\lib\\wasm32-emscripten\libc.a(strxfrm.o)
C:\\Users\\kit\\Documents\\Codex\\2026-10-02\\task-8\\engine-build\\cache\\sysroot\\lib\\wasm32-emscripten\libc.a(wcscoll.o)
C:\\Users\\kit\\Documents\\Codex\\2026-10-02\\task-8\\engine-build\\cache\\sysroot\\lib\\wasm32-emscripten\libc.a(wcsxfrm.o)
C:\\Users\\kit\\Documents\\Codex\\2026-10-02\\task-8\\engine-build\\cache\\sysroot\\lib\\wasm32-emscripten\libc.a(wmemcpy.o)
C:\\Users\\kit\\Documents\\Codex\\2026-10-02\\task-8\\engine-build\\cache\\sysroot\\lib\\wasm32-emscripten\libc.a(iswprint.o)
C:\\Users\\kit\\Documents\\Codex\\2026-10-02\\task-8\\engine-build\\cache\\sysroot\\lib\\wasm32-emscripten\libc.a(iswcntrl.o)
C:\\Users\\kit\\Documents\\Codex\\2026-10-02\\task-8\\engine-build\\cache\\sysroot\\lib\\wasm32-emscripten\libc.a(iswupper.o)
C:\\Users\\kit\\Documents\\Codex\\2026-10-02\\task-8\\engine-build\\cache\\sysroot\\lib\\wasm32-emscripten\libc.a(iswlower.o)
C:\\Users\\kit\\Documents\\Codex\\2026-10-02\\task-8\\engine-build\\cache\\sysroot\\lib\\wasm32-emscripten\libc.a(iswalpha.o)
C:\\Users\\kit\\Documents\\Codex\\2026-10-02\\task-8\\engine-build\\cache\\sysroot\\lib\\wasm32-emscripten\libc.a(iswdigit.o)
C:\\Users\\kit\\Documents\\Codex\\2026-10-02\\task-8\\engine-build\\cache\\sysroot\\lib\\wasm32-emscripten\libc.a(iswxdigit.o)
C:\\Users\\kit\\Documents\\Codex\\2026-10-02\\task-8\\engine-build\\cache\\sysroot\\lib\\wasm32-emscripten\libc.a(iswblank.o)
C:\\Users\\kit\\Documents\\Codex\\2026-10-02\\task-8\\engine-build\\cache\\sysroot\\lib\\wasm32-emscripten\libc.a(btowc.o)
C:\\Users\\kit\\Documents\\Codex\\2026-10-02\\task-8\\engine-build\\cache\\sysroot\\lib\\wasm32-emscripten\libc.a(wctob.o)
C:\\Users\\kit\\Documents\\Codex\\2026-10-02\\task-8\\engine-build\\cache\\sysroot\\lib\\wasm32-emscripten\libc.a(wcsnrtombs.o)
C:\\Users\\kit\\Documents\\Codex\\2026-10-02\\task-8\\engine-build\\cache\\sysroot\\lib\\wasm32-emscripten\libc.a(mbsnrtowcs.o)
C:\\Users\\kit\\Documents\\Codex\\2026-10-02\\task-8\\engine-build\\cache\\sysroot\\lib\\wasm32-emscripten\libc.a(__ctype_get_mb_cur_max.o)
C:\\Users\\kit\\Documents\\Codex\\2026-10-02\\task-8\\engine-build\\cache\\sysroot\\lib\\wasm32-emscripten\libc.a(mbrlen.o)
C:\\Users\\kit\\Documents\\Codex\\2026-10-02\\task-8\\engine-build\\cache\\sysroot\\lib\\wasm32-emscripten\libc.a(vasprintf.o)
C:\\Users\\kit\\Documents\\Codex\\2026-10-02\\task-8\\engine-build\\cache\\sysroot\\lib\\wasm32-emscripten\libc++.a(memory.o)
C:\\Users\\kit\\Documents\\Codex\\2026-10-02\\task-8\\engine-build\\cache\\sysroot\\lib\\wasm32-emscripten\libc++.a(new.o)
C:\\Users\\kit\\Documents\\Codex\\2026-10-02\\task-8\\engine-build\\cache\\sysroot\\lib\\wasm32-emscripten\libc.a(aligned_alloc.o)
C:\\Users\\kit\\Documents\\Codex\\2026-10-02\\task-8\\engine-build\\cache\\sysroot\\lib\\wasm32-emscripten\libc++.a(new_helpers.o)
C:\\Users\\kit\\Documents\\Codex\\2026-10-02\\task-8\\engine-build\\cache\\sysroot\\lib\\wasm32-emscripten\libc++.a(operations.o)
C:\\Users\\kit\\Documents\\Codex\\2026-10-02\\task-8\\engine-build\\cache\\sysroot\\lib\\wasm32-emscripten\libc.a(lstat.o)
C:\\Users\\kit\\Documents\\Codex\\2026-10-02\\task-8\\engine-build\\cache\\sysroot\\lib\\wasm32-emscripten\libc.a(symlink.o)
C:\\Users\\kit\\Documents\\Codex\\2026-10-02\\task-8\\engine-build\\cache\\sysroot\\lib\\wasm32-emscripten\libc.a(link.o)
C:\\Users\\kit\\Documents\\Codex\\2026-10-02\\task-8\\engine-build\\cache\\sysroot\\lib\\wasm32-emscripten\libc.a(fchmod.o)
C:\\Users\\kit\\Documents\\Codex\\2026-10-02\\task-8\\engine-build\\cache\\sysroot\\lib\\wasm32-emscripten\libc.a(procfdname.o)
C:\\Users\\kit\\Documents\\Codex\\2026-10-02\\task-8\\engine-build\\cache\\sysroot\\lib\\wasm32-emscripten\libc.a(pathconf.o)
C:\\Users\\kit\\Documents\\Codex\\2026-10-02\\task-8\\engine-build\\cache\\sysroot\\lib\\wasm32-emscripten\libc.a(fpathconf.o)
C:\\Users\\kit\\Documents\\Codex\\2026-10-02\\task-8\\engine-build\\cache\\sysroot\\lib\\wasm32-emscripten\libc.a(chdir.o)
C:\\Users\\kit\\Documents\\Codex\\2026-10-02\\task-8\\engine-build\\cache\\sysroot\\lib\\wasm32-emscripten\libc.a(fchmodat.o)
C:\\Users\\kit\\Documents\\Codex\\2026-10-02\\task-8\\engine-build\\cache\\sysroot\\lib\\wasm32-emscripten\libc.a(openat.o)
C:\\Users\\kit\\Documents\\Codex\\2026-10-02\\task-8\\engine-build\\cache\\sysroot\\lib\\wasm32-emscripten\libc.a(fdopendir.o)
C:\\Users\\kit\\Documents\\Codex\\2026-10-02\\task-8\\engine-build\\cache\\sysroot\\lib\\wasm32-emscripten\libc.a(unlinkat.o)
C:\\Users\\kit\\Documents\\Codex\\2026-10-02\\task-8\\engine-build\\cache\\sysroot\\lib\\wasm32-emscripten\libc.a(rename.o)
C:\\Users\\kit\\Documents\\Codex\\2026-10-02\\task-8\\engine-build\\cache\\sysroot\\lib\\wasm32-emscripten\libc.a(truncate.o)
C:\\Users\\kit\\Documents\\Codex\\2026-10-02\\task-8\\engine-build\\cache\\sysroot\\lib\\wasm32-emscripten\libc.a(statvfs.o)
C:\\Users\\kit\\Documents\\Codex\\2026-10-02\\task-8\\engine-build\\cache\\sysroot\\lib\\wasm32-emscripten\libc.a(utimensat.o)
C:\\Users\\kit\\Documents\\Codex\\2026-10-02\\task-8\\engine-build\\cache\\sysroot\\lib\\wasm32-emscripten\libc++.a(optional.o)
C:\\Users\\kit\\Documents\\Codex\\2026-10-02\\task-8\\engine-build\\cache\\sysroot\\lib\\wasm32-emscripten\libc++.a(path.o)
C:\\Users\\kit\\Documents\\Codex\\2026-10-02\\task-8\\engine-build\\cache\\sysroot\\lib\\wasm32-emscripten\libc++.a(regex.o)
C:\\Users\\kit\\Documents\\Codex\\2026-10-02\\task-8\\engine-build\\cache\\sysroot\\lib\\wasm32-emscripten\libc++.a(stdexcept.o)
C:\\Users\\kit\\Documents\\Codex\\2026-10-02\\task-8\\engine-build\\cache\\sysroot\\lib\\wasm32-emscripten\libc++.a(string.o)
C:\\Users\\kit\\Documents\\Codex\\2026-10-02\\task-8\\engine-build\\cache\\sysroot\\lib\\wasm32-emscripten\libc.a(wcstol.o)
C:\\Users\\kit\\Documents\\Codex\\2026-10-02\\task-8\\engine-build\\cache\\sysroot\\lib\\wasm32-emscripten\libc.a(wcstod.o)
C:\\Users\\kit\\Documents\\Codex\\2026-10-02\\task-8\\engine-build\\cache\\sysroot\\lib\\wasm32-emscripten\libc.a(swprintf.o)
C:\\Users\\kit\\Documents\\Codex\\2026-10-02\\task-8\\engine-build\\cache\\sysroot\\lib\\wasm32-emscripten\libc.a(vswprintf.o)
C:\\Users\\kit\\Documents\\Codex\\2026-10-02\\task-8\\engine-build\\cache\\sysroot\\lib\\wasm32-emscripten\libc.a(vfwprintf.o)
C:\\Users\\kit\\Documents\\Codex\\2026-10-02\\task-8\\engine-build\\cache\\sysroot\\lib\\wasm32-emscripten\libc.a(wcsnlen.o)
C:\\Users\\kit\\Documents\\Codex\\2026-10-02\\task-8\\engine-build\\cache\\sysroot\\lib\\wasm32-emscripten\libc++.a(system_error.o)
C:\\Users\\kit\\Documents\\Codex\\2026-10-02\\task-8\\engine-build\\cache\\sysroot\\lib\\wasm32-emscripten\libc.a(strerror_r.o)
C:\\Users\\kit\\Documents\\Codex\\2026-10-02\\task-8\\engine-build\\cache\\sysroot\\lib\\wasm32-emscripten\libc++.a(thread.o)
C:\\Users\\kit\\Documents\\Codex\\2026-10-02\\task-8\\engine-build\\cache\\sysroot\\lib\\wasm32-emscripten\libc++.a(future.o)
C:\\Users\\kit\\Documents\\Codex\\2026-10-02\\task-8\\engine-build\\cache\\sysroot\\lib\\wasm32-emscripten\libc++.a(mutex.o)
C:\\Users\\kit\\Documents\\Codex\\2026-10-02\\task-8\\engine-build\\cache\\sysroot\\lib\\wasm32-emscripten\libc.a(pthread_mutexattr_init.o)
C:\\Users\\kit\\Documents\\Codex\\2026-10-02\\task-8\\engine-build\\cache\\sysroot\\lib\\wasm32-emscripten\libc.a(pthread_mutexattr_settype.o)
C:\\Users\\kit\\Documents\\Codex\\2026-10-02\\task-8\\engine-build\\cache\\sysroot\\lib\\wasm32-emscripten\libc.a(pthread_mutexattr_destroy.o)
C:\\Users\\kit\\Documents\\Codex\\2026-10-02\\task-8\\engine-build\\cache\\sysroot\\lib\\wasm32-emscripten\libc++.a(condition_variable_destructor.o)
C:\\Users\\kit\\Documents\\Codex\\2026-10-02\\task-8\\engine-build\\cache\\sysroot\\lib\\wasm32-emscripten\libc++.a(mutex_destructor.o)
C:\\Users\\kit\\Documents\\Codex\\2026-10-02\\task-8\\engine-build\\cache\\sysroot\\lib\\wasm32-emscripten\libc++.a(condition_variable.o)
C:\\Users\\kit\\Documents\\Codex\\2026-10-02\\task-8\\engine-build\\cache\\sysroot\\lib\\wasm32-emscripten\libc++.a(variant.o)
C:\\Users\\kit\\Documents\\Codex\\2026-10-02\\task-8\\engine-build\\cache\\sysroot\\lib\\wasm32-emscripten\libc++abi.a(cxa_aux_runtime.o)
C:\\Users\\kit\\Documents\\Codex\\2026-10-02\\task-8\\engine-build\\cache\\sysroot\\lib\\wasm32-emscripten\libc++abi.a(cxa_demangle.o)
C:\\Users\\kit\\Documents\\Codex\\2026-10-02\\task-8\\engine-build\\cache\\sysroot\\lib\\wasm32-emscripten\libc++abi.a(abort_message.o)
C:\\Users\\kit\\Documents\\Codex\\2026-10-02\\task-8\\engine-build\\cache\\sysroot\\lib\\wasm32-emscripten\libc++abi.a(cxa_exception_emscripten.o)
C:\\Users\\kit\\Documents\\Codex\\2026-10-02\\task-8\\engine-build\\cache\\sysroot\\lib\\wasm32-emscripten\libc++abi.a(cxa_handlers.o)
C:\\Users\\kit\\Documents\\Codex\\2026-10-02\\task-8\\engine-build\\cache\\sysroot\\lib\\wasm32-emscripten\libc++abi.a(cxa_default_handlers.o)
C:\\Users\\kit\\Documents\\Codex\\2026-10-02\\task-8\\engine-build\\cache\\sysroot\\lib\\wasm32-emscripten\libc++abi.a(cxa_virtual.o)
C:\\Users\\kit\\Documents\\Codex\\2026-10-02\\task-8\\engine-build\\cache\\sysroot\\lib\\wasm32-emscripten\libc++abi.a(fallback_malloc.o)
C:\\Users\\kit\\Documents\\Codex\\2026-10-02\\task-8\\engine-build\\cache\\sysroot\\lib\\wasm32-emscripten\libc++abi.a(private_typeinfo.o)
C:\\Users\\kit\\Documents\\Codex\\2026-10-02\\task-8\\engine-build\\cache\\sysroot\\lib\\wasm32-emscripten\libc++abi.a(stdlib_exception.o)
C:\\Users\\kit\\Documents\\Codex\\2026-10-02\\task-8\\engine-build\\cache\\sysroot\\lib\\wasm32-emscripten\libc++abi.a(stdlib_stdexcept.o)
C:\\Users\\kit\\Documents\\Codex\\2026-10-02\\task-8\\engine-build\\cache\\sysroot\\lib\\wasm32-emscripten\libc++abi.a(stdlib_typeinfo.o)
C:\\Users\\kit\\Documents\\Codex\\2026-10-02\\task-8\\engine-build\\cache\\sysroot\\lib\\wasm32-emscripten\libclang_rt.builtins.a(stack_ops.o)
C:\\Users\\kit\\Documents\\Codex\\2026-10-02\\task-8\\engine-build\\cache\\sysroot\\lib\\wasm32-emscripten\libc.a(fileno.o)
warning: JS library symbol '$stackTrace' is deprecated. Please open a bug if you have a continuing need for this symbol [-Wdeprecated]
em++: warning: warnings in JS library compilation [-Wjs-compiler]
